glottocode,word,sum_count,same_meaning,glottolog_langname
stan1295,die,1484955,FALSE,German
stan1290,des,340406,FALSE,French
stan1290,est,242087,TRUE,French
stan1295,von,234872,FALSE,German
stan1295,den,223970,FALSE,German
stan1288,con,194866,FALSE,Spanish
stan1290,par,174473,FALSE,French
stan1290,pour,171327,FALSE,French
stan1288,una,148729,FALSE,Spanish
lati1261,est,135352,FALSE,Latin
stan1295,und,133058,FALSE,German
stan1290,son,131880,FALSE,French
stan1295,man,106906,FALSE,German
stan1295,des,101189,FALSE,German
stan1295,was,98816,FALSE,German
stan1288,para,98416,FALSE,Spanish
dutc1256,van,90239,FALSE,Dutch
stan1295,put,86017,FALSE,German
ital1282,che,85096,FALSE,Italian
stan1290,part,75843,TRUE,French
stan1295,hat,74206,FALSE,German
stan1290,are,73429,TRUE,French
stan1290,man,70680,FALSE,French
stan1290,put,69881,FALSE,French
ital1282,una,65951,FALSE,Italian
lati1261,are,61514,FALSE,Latin
mand1415,take,60959,TRUE,Mandarin Chinese
stan1290,point,60855,TRUE,French
mand1415,man,60224,FALSE,Mandarin Chinese
stan1288,sin,58220,FALSE,Spanish
stan1290,has,57178,FALSE,French
stan1295,will,55009,FALSE,German
nucl1643,are,54366,FALSE,Japanese
nucl1643,make,54118,FALSE,Japanese
stan1290,place,54081,TRUE,French
port1283,com,53776,FALSE,Portuguese
stan1290,action,53021,TRUE,French
mand1415,good,51862,FALSE,Mandarin Chinese
mand1415,can,50088,FALSE,Mandarin Chinese
stan1290,coup,49874,TRUE,French
stan1295,like,49464,FALSE,German
ital1282,con,48787,FALSE,Italian
afri1274,die,48479,FALSE,Afrikaans
stan1290,air,46876,TRUE,French
stan1295,ing,46533,FALSE,German
stan1290,like,46299,TRUE,French
dutc1256,met,46255,FALSE,Dutch
stan1290,grand,45966,FALSE,French
scot1243,see,44746,TRUE,Scots
stan1295,bet,44652,FALSE,German
nucl1643,man,44411,FALSE,Japanese
nucl1643,take,44406,FALSE,Japanese
stan1290,set,44386,TRUE,French
stan1295,war,44119,FALSE,German
stan1295,gut,44002,FALSE,German
stan1290,temps,42935,FALSE,French
mand1415,ing,42120,FALSE,Mandarin Chinese
mand1415,like,41650,TRUE,Mandarin Chinese
stan1290,chose,41495,FALSE,French
stan1290,long,40720,TRUE,French
mand1415,work,40626,TRUE,Mandarin Chinese
mand1415,give,40317,TRUE,Mandarin Chinese
stan1295,fall,39222,TRUE,German
stan1288,ser,38417,FALSE,Spanish
stan1290,lit,38192,FALSE,French
lati1261,pro,38115,FALSE,Latin
stan1295,form,37711,TRUE,German
lati1261,place,37638,FALSE,Latin
stan1288,are,37403,FALSE,Spanish
port1283,para,35725,FALSE,Portuguese
stan1290,fin,35672,FALSE,French
mand1415,get,35529,FALSE,Mandarin Chinese
viet1252,con,34778,FALSE,Vietnamese
stan1290,main,34414,FALSE,French
ital1282,fare,34392,FALSE,Italian
stan1295,stand,34303,TRUE,German
lati1261,time,34275,FALSE,Latin
stan1290,mon,34243,FALSE,French
stan1288,place,33693,TRUE,Spanish
stan1290,ship,33375,TRUE,French
stan1288,man,32073,TRUE,Spanish
stan1288,put,31952,FALSE,Spanish
stan1290,fort,31496,TRUE,French
stan1290,force,31319,TRUE,French
stan1290,table,31305,TRUE,French
stan1288,persona,30967,FALSE,Spanish
stan1290,water,30593,FALSE,French
mand1415,long,30457,FALSE,Mandarin Chinese
mand1415,chi,30446,FALSE,Mandarin Chinese
stan1288,like,30241,TRUE,Spanish
stan1290,house,30050,TRUE,French
stan1290,passer,30037,TRUE,French
stan1290,look,29983,TRUE,French
stan1290,dire,29929,FALSE,French
stan1290,face,29857,TRUE,French
stan1288,time,29530,FALSE,Spanish
mand1415,form,29158,TRUE,Mandarin Chinese
stan1295,end,29050,FALSE,German
stan1290,ing,28421,FALSE,French
stan1290,vie,28412,FALSE,French
dutc1256,ing,28166,FALSE,Dutch
stan1290,let,28111,FALSE,French
nucl1643,come,27807,FALSE,Japanese
lati1261,hoc,27711,FALSE,Latin
lati1261,have,27611,FALSE,Latin
stan1288,was,27319,FALSE,Spanish
stan1295,bring,27305,TRUE,German
stan1295,order,27175,TRUE,German
mand1415,mind,27049,FALSE,Mandarin Chinese
wels1247,pen,26719,FALSE,Welsh
stan1290,hand,26484,FALSE,French
stan1290,art,26193,TRUE,French
stan1290,ment,26180,FALSE,French
mand1415,house,26112,TRUE,Mandarin Chinese
mand1415,fit,25934,TRUE,Mandarin Chinese
lati1261,sum,25711,FALSE,Latin
stan1290,vent,25594,FALSE,French
mand1415,high,25451,TRUE,Mandarin Chinese
stan1290,train,25421,TRUE,French
mand1415,set,25419,TRUE,Mandarin Chinese
mand1415,part,25295,TRUE,Mandarin Chinese
stan1290,service,25145,TRUE,French
stan1290,machine,25137,TRUE,French
stan1290,french,24940,FALSE,French
dutc1256,den,24885,FALSE,Dutch
stan1288,has,24810,FALSE,Spanish
stan1290,full,24778,TRUE,French
stan1290,life,24768,FALSE,French
stan1290,nature,24375,TRUE,French
viet1252,hay,24360,FALSE,Vietnamese
mand1415,keep,24091,TRUE,Mandarin Chinese
stan1290,light,24029,TRUE,French
stan1290,style,23871,TRUE,French
scot1243,was,23835,FALSE,Scots
lati1261,sense,23831,FALSE,Latin
lati1261,quo,23769,FALSE,Latin
ital1282,come,23670,FALSE,Italian
stan1295,high,23606,TRUE,German
stan1295,pass,23565,TRUE,German
swed1254,med,23412,FALSE,Swedish
stan1295,bar,23408,FALSE,German
mand1415,look,23405,TRUE,Mandarin Chinese
stan1290,corps,23219,TRUE,French
ital1282,della,23156,FALSE,Italian
afri1274,van,22999,FALSE,Afrikaans
stan1295,matter,22930,FALSE,German
stan1290,round,22763,TRUE,French
stan1290,use,22763,FALSE,French
stan1295,bin,22757,FALSE,German
stan1290,break,22637,TRUE,French
lati1261,sit,22617,FALSE,Latin
stan1290,people,22559,FALSE,French
stan1290,woman,22478,FALSE,French
scot1245,air,22412,FALSE,Scottish Gaelic
stan1290,court,22364,TRUE,French
stan1295,hold,22294,FALSE,German
stan1288,come,22292,FALSE,Spanish
nucl1643,new,22283,TRUE,Japanese
mand1415,book,22152,TRUE,Mandarin Chinese
mand1415,men,21815,FALSE,Mandarin Chinese
ital1282,are,21614,FALSE,Italian
stan1295,fit,21525,TRUE,German
stan1290,porter,21475,TRUE,French
stan1295,power,21450,FALSE,German
stan1290,cause,21251,TRUE,French
stan1290,car,21203,FALSE,French
stan1290,open,21168,TRUE,French
lati1261,made,21029,FALSE,Latin
wels1247,ion,21009,FALSE,Welsh
stan1290,stand,20832,TRUE,French
stan1290,sort,20747,FALSE,French
stan1290,public,20626,TRUE,French
stan1290,pain,20409,FALSE,French
mand1415,face,20289,TRUE,Mandarin Chinese
stan1290,charge,20266,TRUE,French
stan1290,change,20211,TRUE,French
mand1415,hold,20155,TRUE,Mandarin Chinese
stan1295,red,20149,FALSE,German
stan1290,question,20130,TRUE,French
stan1290,large,20106,TRUE,French
mand1415,cut,20087,TRUE,Mandarin Chinese
stan1290,tour,19975,TRUE,French
stan1290,bout,19837,FALSE,French
stan1290,lie,19685,FALSE,French
stan1290,petite,19586,FALSE,French
stan1295,wild,19554,TRUE,German
stan1290,lever,19448,FALSE,French
stan1290,pop,19405,TRUE,French
stan1290,animal,19383,TRUE,French
stan1295,trade,19358,FALSE,German
stan1290,hard,19333,TRUE,French
stan1295,tag,19287,FALSE,German
lati1261,met,19174,FALSE,Latin
stan1290,fond,19149,FALSE,French
stan1295,new,19064,FALSE,German
mand1415,point,19004,TRUE,Mandarin Chinese
stan1290,plant,18986,TRUE,French
stan1290,business,18897,TRUE,French
stan1295,ion,18874,FALSE,German
stan1290,ton,18858,FALSE,French
mand1415,heart,18838,FALSE,Mandarin Chinese
stan1295,age,18688,FALSE,German
port1283,hum,18308,FALSE,Portuguese
mand1415,play,18142,TRUE,Mandarin Chinese
stan1295,bat,17978,FALSE,German
stan1290,fit,17971,FALSE,French
stan1290,double,17952,TRUE,French
lati1261,ire,17916,FALSE,Latin
stan1290,port,17889,TRUE,French
mand1415,round,17796,TRUE,Mandarin Chinese
stan1290,land,17678,TRUE,French
stan1295,tion,17647,FALSE,German
lati1261,has,17565,FALSE,Latin
stan1295,ring,17462,TRUE,German
stan1295,arm,17436,TRUE,German
stan1295,post,17368,TRUE,German
stan1290,fruit,17342,TRUE,French
stan1290,show,17337,TRUE,French
stan1290,office,17328,TRUE,French
port1283,make,17316,TRUE,Portuguese
lati1261,set,17315,FALSE,Latin
stan1288,can,17308,FALSE,Spanish
stan1295,live,17265,TRUE,German
stan1295,cover,17256,TRUE,German
stan1290,short,17084,TRUE,French
stan1295,top,17039,TRUE,German
mand1415,show,16991,TRUE,Mandarin Chinese
nucl1643,made,16986,FALSE,Japanese
lati1261,rare,16930,FALSE,Latin
stan1295,plant,16911,FALSE,German
lati1261,ego,16815,FALSE,Latin
kawi1241,tan,16756,FALSE,Kawi
poli1260,fig,16629,TRUE,Polish
stan1290,opinion,16627,TRUE,French
stan1295,gang,16563,FALSE,German
stan1288,set,16488,TRUE,Spanish
stan1288,ing,16473,FALSE,Spanish
stan1290,premier,16425,TRUE,French
stan1290,close,16288,TRUE,French
stan1295,gram,16255,FALSE,German
stan1290,country,16250,TRUE,French
stan1295,fallen,16208,FALSE,German
viet1252,tin,16149,FALSE,Vietnamese
stan1288,house,16114,TRUE,Spanish
stan1290,note,16078,TRUE,French
stan1290,case,16058,FALSE,French
stan1290,pays,16023,FALSE,French
mand1415,short,15950,TRUE,Mandarin Chinese
stan1290,fine,15780,FALSE,French
mand1415,fan,15743,FALSE,Mandarin Chinese
roma1327,are,15618,FALSE,Romanian
mand1415,run,15595,FALSE,Mandarin Chinese
stan1288,ship,15593,TRUE,Spanish
stan1288,sea,15386,FALSE,Spanish
stan1290,rail,15329,TRUE,French
stan1290,beau,15321,FALSE,French
mand1415,case,15298,TRUE,Mandarin Chinese
stan1290,live,15214,TRUE,French
stan1290,tion,15187,FALSE,French
scot1243,person,15109,TRUE,Scots
stan1290,faux,15092,TRUE,French
mand1415,sun,15049,FALSE,Mandarin Chinese
stan1288,full,15038,TRUE,Spanish
stan1290,route,15009,TRUE,French
stan1290,second,14934,TRUE,French
stan1295,band,14934,TRUE,German
stan1288,fin,14927,FALSE,Spanish
lati1261,sub,14907,FALSE,Latin
port1283,item,14899,TRUE,Portuguese
stan1288,des,14876,FALSE,Spanish
stan1290,plan,14834,TRUE,French
lati1261,come,14775,FALSE,Latin
stan1288,color,14721,TRUE,Spanish
stan1290,matter,14713,FALSE,French
stan1290,must,14590,TRUE,French
stan1295,wall,14546,TRUE,German
mand1415,talk,14542,TRUE,Mandarin Chinese
stan1290,coin,14504,FALSE,French
stan1288,sus,14378,TRUE,Spanish
stan1295,press,14334,TRUE,German
stan1290,moment,14230,TRUE,French
stan1290,encore,14217,FALSE,French
stan1290,mark,14202,TRUE,French
lati1261,men,14195,FALSE,Latin
stan1288,light,14146,TRUE,Spanish
scot1243,are,14088,FALSE,Scots
mand1415,common,14086,TRUE,Mandarin Chinese
mand1415,pass,14085,TRUE,Mandarin Chinese
stan1288,animal,14043,TRUE,Spanish
mand1415,present,13915,TRUE,Mandarin Chinese
stan1290,ant,13885,FALSE,French
stan1288,face,13856,FALSE,Spanish
stan1290,game,13659,FALSE,French
stan1288,play,13628,TRUE,Spanish
stan1290,trouble,13621,TRUE,French
viet1252,can,13606,FALSE,Vietnamese
lati1261,ace,13542,FALSE,Latin
stan1290,stop,13457,TRUE,French
dani1285,til,13410,FALSE,Danish
stan1290,fortune,13386,TRUE,French
stan1290,secret,13383,TRUE,French
mand1415,party,13378,TRUE,Mandarin Chinese
stan1290,top,13357,TRUE,French
stan1290,situation,13352,TRUE,French
stan1295,plan,13344,TRUE,German
stan1290,hors,13341,FALSE,French
stan1290,police,13329,TRUE,French
stan1295,spring,13216,TRUE,German
stan1290,stone,13189,FALSE,French
stan1295,sing,13188,TRUE,German
stan1288,pan,13183,TRUE,Spanish
stan1290,love,13164,FALSE,French
stan1290,box,13121,TRUE,French
stan1290,age,13098,FALSE,French
stan1288,red,13080,FALSE,Spanish
stan1288,hay,13069,FALSE,Spanish
stan1295,ant,13062,FALSE,German
stan1295,lose,13059,FALSE,German
stan1295,inn,13023,FALSE,German
stan1295,fort,13004,TRUE,German
stan1290,certain,12992,TRUE,French
stan1295,stick,12985,FALSE,German
czec1258,pro,12983,TRUE,Czech
mand1415,feel,12931,FALSE,Mandarin Chinese
stan1290,figure,12894,TRUE,French
viet1252,ban,12875,FALSE,Vietnamese
stan1290,sport,12833,TRUE,French
lati1261,dies,12796,FALSE,Latin
nucl1643,name,12792,FALSE,Japanese
viet1252,long,12772,FALSE,Vietnamese
stan1290,trade,12720,FALSE,French
roma1327,fig,12668,TRUE,Romanian
stan1288,break,12653,TRUE,Spanish
stan1290,bit,12641,TRUE,French
stan1290,attention,12626,TRUE,French
lati1261,dare,12624,FALSE,Latin
stan1290,instrument,12618,TRUE,French
dutc1256,die,12589,FALSE,Dutch
stan1290,net,12523,TRUE,French
stan1290,page,12508,TRUE,French
stan1290,position,12501,TRUE,French
stan1295,pro,12455,FALSE,German
afri1274,met,12444,FALSE,Afrikaans
oldn1244,til,12441,FALSE,Old Norse
lati1261,post,12427,FALSE,Latin
stan1290,drink,12394,FALSE,French
stan1288,mas,12371,FALSE,Spanish
stan1290,foot,12312,TRUE,French
dutc1256,door,12310,FALSE,Dutch
lati1261,use,12288,FALSE,Latin
nucl1643,death,12273,FALSE,Japanese
stan1290,passage,12264,TRUE,French
nucl1643,men,12245,FALSE,Japanese
mand1415,che,12232,FALSE,Mandarin Chinese
stan1295,lot,12231,FALSE,German
stan1290,language,12191,FALSE,French
stan1288,run,12119,FALSE,Spanish
mand1415,carry,12105,FALSE,Mandarin Chinese
stan1290,con,12034,TRUE,French
stan1288,look,12031,TRUE,Spanish
mand1415,hang,12010,FALSE,Mandarin Chinese
stan1290,lot,11998,TRUE,French
stan1290,film,11987,TRUE,French
stan1290,river,11979,FALSE,French
stan1290,bill,11966,TRUE,French
wels1247,pan,11934,FALSE,Welsh
stan1290,drive,11933,FALSE,French
mand1415,yen,11917,TRUE,Mandarin Chinese
lati1261,die,11915,FALSE,Latin
stan1288,pie,11839,TRUE,Spanish
stan1290,justice,11834,TRUE,French
stan1290,met,11829,FALSE,French
stan1288,general,11813,TRUE,Spanish
stan1295,alter,11788,FALSE,German
stan1290,dead,11776,FALSE,French
stan1290,pot,11759,TRUE,French
stan1290,ring,11757,TRUE,French
mand1415,term,11741,TRUE,Mandarin Chinese
stan1288,car,11708,FALSE,Spanish
ital1282,dare,11667,FALSE,Italian
stan1290,hot,11656,FALSE,French
stan1290,black,11650,TRUE,French
mand1415,stone,11642,FALSE,Mandarin Chinese
port1283,ser,11608,FALSE,Portuguese
stan1290,bras,11607,FALSE,French
mand1415,live,11548,TRUE,Mandarin Chinese
viet1252,day,11543,FALSE,Vietnamese
stan1295,film,11536,TRUE,German
stan1290,trait,11520,TRUE,French
stan1295,nun,11517,FALSE,German
mand1415,low,11484,FALSE,Mandarin Chinese
stan1290,loin,11455,FALSE,French
mand1415,die,11448,FALSE,Mandarin Chinese
stan1288,short,11437,FALSE,Spanish
stan1290,simple,11385,TRUE,French
stan1290,post,11373,TRUE,French
stan1290,bar,11372,TRUE,French
wels1247,hen,11364,FALSE,Welsh
lati1261,river,11362,FALSE,Latin
stan1290,rapport,11340,FALSE,French
lati1261,jam,11258,FALSE,Latin
stan1290,crime,11251,TRUE,French
stan1288,mayor,11239,FALSE,Spanish
lati1261,state,11236,TRUE,Latin
stan1290,strike,11175,FALSE,French
ital1282,chi,11174,TRUE,Italian
stan1288,round,11157,TRUE,Spanish
stan1288,game,11146,TRUE,Spanish
stan1290,cover,11141,TRUE,French
stan1290,courage,11101,TRUE,French
stan1295,net,11084,FALSE,German
stan1290,math,11034,FALSE,French
stan1295,fair,10985,TRUE,German
stan1288,body,10980,FALSE,Spanish
mand1415,hit,10977,FALSE,Mandarin Chinese
stan1288,son,10954,TRUE,Spanish
stan1288,metal,10948,TRUE,Spanish
stan1295,fest,10947,FALSE,German
hung1274,van,10937,FALSE,Hungarian
stan1288,line,10936,FALSE,Spanish
wels1247,man,10918,FALSE,Welsh
stan1288,den,10883,FALSE,Spanish
stan1290,cap,10833,TRUE,French
mand1415,call,10823,TRUE,Mandarin Chinese
stan1290,article,10744,TRUE,French
stan1288,land,10721,FALSE,Spanish
stan1290,party,10680,TRUE,French
stan1290,chef,10675,TRUE,French
stan1290,sang,10650,FALSE,French
stan1290,catch,10641,FALSE,French
stan1290,rot,10617,FALSE,French
stan1290,care,10613,FALSE,French
dani1285,med,10558,FALSE,Danish
dutc1256,make,10546,TRUE,Dutch
stan1288,cover,10511,TRUE,Spanish
mand1415,dead,10495,FALSE,Mandarin Chinese
mand1415,send,10487,TRUE,Mandarin Chinese
viet1252,chi,10479,FALSE,Vietnamese
ital1282,tempo,10467,FALSE,Italian
stan1295,start,10455,TRUE,German
viet1252,may,10453,FALSE,Vietnamese
scot1243,like,10441,TRUE,Scots
lati1261,trans,10430,FALSE,Latin
stan1295,enter,10422,FALSE,German
lati1261,genus,10418,FALSE,Latin
lati1261,late,10380,FALSE,Latin
stan1290,sale,10380,FALSE,French
stan1290,chair,10373,FALSE,French
stan1288,hard,10349,TRUE,Spanish
stan1288,open,10343,TRUE,Spanish
nucl1643,age,10330,FALSE,Japanese
stan1290,stock,10304,TRUE,French
stan1290,commerce,10299,TRUE,French
wels1247,math,10266,FALSE,Welsh
stan1290,building,10217,FALSE,French
stan1288,pay,10205,FALSE,Spanish
stan1288,paper,10170,TRUE,Spanish
mand1415,account,10158,TRUE,Mandarin Chinese
stan1290,suite,10127,TRUE,French
mand1415,group,10071,FALSE,Mandarin Chinese
stan1290,joint,10017,TRUE,French
stan1288,use,9980,TRUE,Spanish
lati1261,fit,9934,FALSE,Latin
stan1290,pull,9921,TRUE,French
stan1290,pipe,9910,TRUE,French
stan1288,men,9898,FALSE,Spanish
stan1290,pin,9890,FALSE,French
stan1290,cross,9883,TRUE,French
stan1290,speech,9867,FALSE,French
stan1290,coups,9858,FALSE,French
dutc1256,have,9856,FALSE,Dutch
stan1290,race,9846,TRUE,French
stan1290,condition,9835,TRUE,French
stan1288,top,9815,TRUE,Spanish
stan1290,pendant,9789,FALSE,French
lati1261,com,9751,FALSE,Latin
stan1290,chance,9743,TRUE,French
stan1290,ion,9723,FALSE,French
stan1290,plate,9719,TRUE,French
stan1290,terrain,9686,TRUE,French
stan1290,match,9641,TRUE,French
mand1415,moon,9617,FALSE,Mandarin Chinese
stan1290,grain,9589,TRUE,French
ital1282,persona,9584,FALSE,Italian
stan1295,rich,9581,FALSE,German
stan1288,stand,9565,FALSE,Spanish
mand1415,lie,9545,FALSE,Mandarin Chinese
dutc1256,part,9541,TRUE,Dutch
dutc1256,man,9447,FALSE,Dutch
nucl1643,son,9411,FALSE,Japanese
stan1290,shop,9411,FALSE,French
stan1288,par,9407,TRUE,Spanish
stan1288,hold,9388,TRUE,Spanish
stan1295,ran,9372,FALSE,German
mand1415,wan,9368,FALSE,Mandarin Chinese
stan1290,robe,9365,TRUE,French
stan1295,son,9365,FALSE,German
stan1295,rot,9352,FALSE,German
stan1290,danger,9351,TRUE,French
stan1290,support,9345,TRUE,French
stan1290,conversation,9337,TRUE,French
stan1290,prison,9328,TRUE,French
nucl1643,chin,9299,FALSE,Japanese
stan1290,mode,9299,TRUE,French
stan1288,show,9290,TRUE,Spanish
stan1290,deal,9290,TRUE,French
stan1290,pro,9280,FALSE,French
stan1290,slang,9262,TRUE,French
wels1247,bob,9262,FALSE,Welsh
mand1415,pan,9246,FALSE,Mandarin Chinese
stan1288,vista,9226,TRUE,Spanish
stan1290,accord,9223,TRUE,French
stan1295,rate,9219,TRUE,German
stan1290,suit,9217,FALSE,French
lati1261,age,9163,FALSE,Latin
mand1415,dog,9153,FALSE,Mandarin Chinese
stan1290,habit,9149,FALSE,French
viet1252,bay,9143,FALSE,Vietnamese
stan1295,pick,9136,FALSE,German
stan1295,lost,9111,TRUE,German
stan1288,fit,9108,TRUE,Spanish
stan1290,bureau,9099,TRUE,French
stan1295,block,9094,TRUE,German
wels1247,dim,9081,FALSE,Welsh
viet1252,man,9066,FALSE,Vietnamese
stan1290,canon,9063,TRUE,French
stan1290,comment,9057,FALSE,French
lati1261,male,9009,FALSE,Latin
stan1290,job,8993,TRUE,French
stan1290,direction,8950,TRUE,French
mand1415,dry,8871,FALSE,Mandarin Chinese
stan1290,saint,8863,TRUE,French
stan1290,base,8860,TRUE,French
stan1290,centre,8858,TRUE,French
stan1295,bell,8857,FALSE,German
stan1290,motion,8852,TRUE,French
stan1290,station,8851,TRUE,French
stan1290,surface,8817,TRUE,French
stan1295,firm,8746,FALSE,German
roma1327,care,8732,FALSE,Romanian
stan1290,date,8718,TRUE,French
stan1288,country,8716,TRUE,Spanish
stan1295,lock,8716,FALSE,German
stan1290,voyage,8709,TRUE,French
stan1288,real,8702,TRUE,Spanish
iris1253,sin,8688,FALSE,Irish
stan1295,angel,8657,FALSE,German
stan1290,expression,8642,TRUE,French
stan1290,distance,8606,TRUE,French
stan1295,taste,8602,FALSE,German
stan1290,tire,8600,TRUE,French
stan1288,table,8592,FALSE,Spanish
stan1290,cent,8592,TRUE,French
stan1290,hit,8587,FALSE,French
ital1282,set,8567,TRUE,Italian
stan1290,ants,8564,FALSE,French
stan1295,hole,8544,FALSE,German
stan1290,agent,8537,TRUE,French
scot1243,made,8513,FALSE,Scots
stan1288,natural,8513,TRUE,Spanish
stan1290,passion,8509,TRUE,French
stan1290,able,8483,FALSE,French
stan1290,sec,8467,FALSE,French
stan1290,combat,8460,TRUE,French
mand1415,pen,8437,FALSE,Mandarin Chinese
stan1290,pair,8429,FALSE,French
stan1290,usage,8398,TRUE,French
stan1288,box,8362,TRUE,Spanish
stan1290,balance,8361,TRUE,French
stan1290,fat,8359,FALSE,French
stan1290,rose,8337,TRUE,French
roma1327,din,8336,FALSE,Romanian
stan1290,marine,8318,TRUE,French
mand1415,con,8313,FALSE,Mandarin Chinese
stan1290,bail,8312,FALSE,French
stan1290,rate,8285,FALSE,French
lati1261,ore,8268,FALSE,Latin
stan1295,rein,8247,FALSE,German
stan1295,rank,8231,FALSE,German
stan1290,hum,8221,FALSE,French
stan1290,news,8213,TRUE,French
stan1290,capital,8202,TRUE,French
stan1288,hot,8200,TRUE,Spanish
stan1290,silence,8192,TRUE,French
poli1260,pot,8175,FALSE,Polish
stan1290,queue,8145,TRUE,French
lati1261,corpus,8143,TRUE,Latin
dutc1256,was,8141,FALSE,Dutch
wels1247,person,8106,TRUE,Welsh
mand1415,pin,8100,FALSE,Mandarin Chinese
stan1290,transport,8086,TRUE,French
stan1295,heavy,8076,TRUE,German
stan1290,drop,8063,TRUE,French
stan1290,parole,8051,TRUE,French
mand1415,pat,8032,FALSE,Mandarin Chinese
stan1288,fine,8009,FALSE,Spanish
mand1415,lift,8002,FALSE,Mandarin Chinese
stan1290,respect,7988,TRUE,French
mand1415,game,7987,TRUE,Mandarin Chinese
nucl1643,rain,7987,FALSE,Japanese
stan1288,bread,7951,FALSE,Spanish
lati1261,mare,7940,FALSE,Latin
mand1415,mean,7939,TRUE,Mandarin Chinese
stan1295,quick,7915,FALSE,German
scot1243,been,7896,FALSE,Scots
stan1295,proper,7890,FALSE,German
stan1290,profit,7883,TRUE,French
stan1288,idea,7875,TRUE,Spanish
stan1288,bar,7855,TRUE,Spanish
lati1261,med,7846,FALSE,Latin
mand1415,friend,7842,TRUE,Mandarin Chinese
mand1415,follow,7841,TRUE,Mandarin Chinese
poli1260,was,7830,FALSE,Polish
mand1415,job,7810,TRUE,Mandarin Chinese
stan1290,master,7806,TRUE,French
stan1290,rang,7795,FALSE,French
mand1415,com,7773,FALSE,Mandarin Chinese
mand1415,tan,7740,FALSE,Mandarin Chinese
stan1288,stop,7732,TRUE,Spanish
stan1295,plane,7720,FALSE,German
wels1247,was,7694,FALSE,Welsh
stan1295,bitten,7684,FALSE,German
stan1290,ensemble,7647,TRUE,French
stan1290,came,7644,FALSE,French
mand1415,parts,7637,FALSE,Mandarin Chinese
stan1295,hammer,7635,TRUE,German
stan1290,science,7618,TRUE,French
stan1290,importance,7616,TRUE,French
stan1290,fur,7609,FALSE,French
lati1261,par,7605,FALSE,Latin
stan1290,gain,7601,TRUE,French
stan1290,possible,7591,TRUE,French
stan1295,butter,7582,TRUE,German
stan1295,leg,7578,FALSE,German
lati1261,ant,7562,FALSE,Latin
roma1327,face,7560,FALSE,Romanian
stan1290,rude,7550,FALSE,French
iris1253,don,7543,FALSE,Irish
stan1295,blind,7533,TRUE,German
stan1290,font,7532,FALSE,French
stan1290,slip,7520,FALSE,French
stan1288,case,7514,FALSE,Spanish
stan1288,fellow,7495,TRUE,Spanish
ital1282,can,7485,FALSE,Italian
mand1415,min,7470,FALSE,Mandarin Chinese
stan1290,disposition,7456,TRUE,French
viet1252,bang,7442,FALSE,Vietnamese
stan1288,principal,7438,TRUE,Spanish
stan1290,tort,7436,FALSE,French
stan1290,tin,7428,FALSE,French
stan1290,pan,7425,TRUE,French
stan1290,value,7423,FALSE,French
stan1290,conscience,7420,TRUE,French
stan1295,private,7416,FALSE,German
stan1295,fault,7415,FALSE,German
mand1415,gun,7414,FALSE,Mandarin Chinese
mand1415,tie,7414,FALSE,Mandarin Chinese
stan1290,dent,7400,FALSE,French
port1283,are,7396,TRUE,Portuguese
lati1261,locus,7386,TRUE,Latin
stan1288,tan,7386,FALSE,Spanish
stan1295,log,7371,TRUE,German
stan1290,occasion,7349,TRUE,French
stan1290,principal,7340,TRUE,French
stan1290,file,7339,FALSE,French
stan1290,green,7335,TRUE,French
stan1290,accident,7331,TRUE,French
stan1290,living,7319,TRUE,French
stan1295,real,7313,TRUE,German
mand1415,gas,7310,TRUE,Mandarin Chinese
stan1290,arts,7308,TRUE,French
stan1290,type,7305,TRUE,French
stan1290,shoot,7299,TRUE,French
stan1290,loose,7293,FALSE,French
ital1282,full,7289,TRUE,Italian
port1283,like,7276,FALSE,Portuguese
lati1261,times,7238,FALSE,Latin
stan1295,miss,7230,FALSE,German
stan1295,different,7202,TRUE,German
lati1261,ratio,7192,FALSE,Latin
stan1290,metal,7187,TRUE,French
scot1245,man,7159,FALSE,Scottish Gaelic
stan1288,cause,7150,TRUE,Spanish
stan1288,meter,7139,FALSE,Spanish
stan1290,square,7135,TRUE,French
stan1290,mat,7124,TRUE,French
mand1415,happy,7113,TRUE,Mandarin Chinese
viet1252,dung,7103,FALSE,Vietnamese
stan1290,dance,7100,TRUE,French
stan1290,don,7099,TRUE,French
stan1290,argument,7085,TRUE,French
port1283,time,7079,FALSE,Portuguese
stan1290,shot,7073,TRUE,French
stan1290,grave,7068,TRUE,French
stan1288,gas,7065,TRUE,Spanish
stan1290,violent,7053,TRUE,French
lati1261,side,7041,FALSE,Latin
dutc1256,hem,7035,FALSE,Dutch
stan1290,pet,7028,TRUE,French
stan1288,ring,7027,TRUE,Spanish
stan1288,mat,7026,TRUE,Spanish
hung1274,get,7016,FALSE,Hungarian
stan1290,genre,7000,TRUE,French
stan1295,gel,6992,TRUE,German
stan1290,test,6946,TRUE,French
stan1290,miner,6943,FALSE,French
ital1282,water,6925,TRUE,Italian
stan1295,frame,6920,FALSE,German
czec1258,slang,6915,TRUE,Czech
stan1290,parts,6914,FALSE,French
stan1295,legal,6910,TRUE,German
stan1295,handle,6899,FALSE,German
mand1415,boy,6890,TRUE,Mandarin Chinese
stan1290,notice,6886,TRUE,French
stan1290,champ,6880,FALSE,French
stan1290,tableau,6878,FALSE,French
stan1290,pile,6873,TRUE,French
stan1290,system,6861,FALSE,French
dutc1256,men,6854,FALSE,Dutch
stan1290,girl,6853,TRUE,French
stan1295,stark,6851,FALSE,German
mand1415,tang,6839,FALSE,Mandarin Chinese
scot1243,time,6823,TRUE,Scots
dutc1256,put,6817,FALSE,Dutch
stan1295,kill,6813,FALSE,German
olde1238,mid,6812,FALSE,Old English (ca. 450-1100)
stan1290,plain,6810,FALSE,French
stan1290,ride,6806,FALSE,French
wels1247,law,6787,FALSE,Welsh
stan1290,boy,6779,TRUE,French
mand1415,idea,6778,TRUE,Mandarin Chinese
stan1290,effort,6773,TRUE,French
stan1290,chat,6768,TRUE,French
stan1290,issue,6768,TRUE,French
port1283,set,6767,TRUE,Portuguese
port1283,tempo,6761,FALSE,Portuguese
stan1290,violence,6753,TRUE,French
stan1290,angle,6734,TRUE,French
stan1290,meeting,6711,FALSE,French
stan1288,valor,6694,TRUE,Spanish
stan1295,title,6689,FALSE,German
stan1295,warm,6675,TRUE,German
mand1415,title,6669,TRUE,Mandarin Chinese
nucl1643,die,6668,FALSE,Japanese
stan1290,bottom,6668,TRUE,French
lati1261,large,6653,FALSE,Latin
ital1282,male,6644,FALSE,Italian
stan1290,soft,6631,TRUE,French
stan1295,hell,6631,FALSE,German
lati1261,care,6630,FALSE,Latin
stan1290,jet,6628,TRUE,French
lati1261,office,6619,FALSE,Latin
stan1288,lie,6618,FALSE,Spanish
stan1290,possession,6609,TRUE,French
stan1290,ire,6608,TRUE,French
stan1290,direct,6603,TRUE,French
stan1290,quick,6600,TRUE,French
stan1290,civil,6593,TRUE,French
lati1261,super,6591,FALSE,Latin
stan1288,post,6583,TRUE,Spanish
dutc1256,water,6580,TRUE,Dutch
stan1290,radio,6554,TRUE,French
lati1261,means,6552,FALSE,Latin
mand1415,lot,6551,FALSE,Mandarin Chinese
stan1290,substance,6550,TRUE,French
stan1290,enter,6544,FALSE,French
stan1290,forces,6541,FALSE,French
stan1288,plan,6527,TRUE,Spanish
stan1290,tube,6512,TRUE,French
stan1290,native,6486,FALSE,French
mand1415,check,6467,TRUE,Mandarin Chinese
stan1290,anal,6445,TRUE,French
scot1245,fear,6435,FALSE,Scottish Gaelic
stan1290,sports,6425,FALSE,French
stan1295,national,6421,TRUE,German
stan1288,dance,6401,TRUE,Spanish
stan1290,bat,6398,FALSE,French
mand1415,song,6389,FALSE,Mandarin Chinese
stan1290,francs,6387,FALSE,French
stan1288,mean,6376,FALSE,Spanish
stan1290,prince,6376,TRUE,French
stan1290,union,6374,TRUE,French
stan1295,wand,6360,FALSE,German
stan1290,plane,6351,FALSE,French
stan1295,dick,6351,FALSE,German
taga1270,may,6345,FALSE,Tagalog
stan1290,camp,6344,TRUE,French
viet1252,bit,6329,TRUE,Vietnamese
scot1243,day,6316,TRUE,Scots
stan1295,human,6312,FALSE,German
mand1415,yuan,6306,FALSE,Mandarin Chinese
stan1288,bit,6303,TRUE,Spanish
stan1290,aide,6281,TRUE,French
stan1290,report,6271,FALSE,French
stan1290,noise,6265,FALSE,French
stan1290,arrive,6259,TRUE,French
nucl1643,yen,6239,FALSE,Japanese
stan1295,fix,6205,FALSE,German
stan1290,milieu,6202,TRUE,French
stan1290,sent,6194,FALSE,French
stan1288,party,6185,TRUE,Spanish
mand1415,pull,6184,FALSE,Mandarin Chinese
stan1290,chagrin,6177,FALSE,French
indo1316,person,6170,TRUE,Standard Indonesian
stan1290,rare,6164,TRUE,French
stan1290,phrase,6157,TRUE,French
lati1261,jus,6155,FALSE,Latin
stan1290,neck,6154,TRUE,French
viet1252,say,6148,FALSE,Vietnamese
stan1290,parties,6131,FALSE,French
stan1290,dresser,6126,FALSE,French
ital1282,fine,6116,TRUE,Italian
stan1288,note,6110,TRUE,Spanish
stan1290,dispute,6088,TRUE,French
lati1261,una,6087,FALSE,Latin
stan1290,lady,6075,TRUE,French
stan1288,era,6071,FALSE,Spanish
mand1415,root,6068,FALSE,Mandarin Chinese
stan1288,media,6068,FALSE,Spanish
mand1415,buy,6065,FALSE,Mandarin Chinese
khas1269,bad,6059,FALSE,Khasi
stan1290,rage,6053,TRUE,French
stan1295,clean,6041,TRUE,German
mand1415,taste,6032,TRUE,Mandarin Chinese
stan1290,points,6001,FALSE,French
stan1288,pro,5996,TRUE,Spanish
stan1290,bridge,5986,TRUE,French
ital1282,play,5981,TRUE,Italian
stan1290,sentence,5979,TRUE,French
stan1295,bald,5966,FALSE,German
stan1290,rat,5965,TRUE,French
stan1288,mesa,5960,TRUE,Spanish
stan1290,labour,5960,FALSE,French
stan1290,unit,5960,FALSE,French
stan1295,toll,5957,FALSE,German
stan1290,fruits,5950,FALSE,French
stan1290,spot,5947,TRUE,French
stan1290,sauce,5939,TRUE,French
stan1290,mas,5934,FALSE,French
mand1415,double,5927,TRUE,Mandarin Chinese
stan1288,superior,5927,TRUE,Spanish
stan1290,influence,5918,TRUE,French
poli1260,has,5915,FALSE,Polish
mand1415,cap,5914,FALSE,Mandarin Chinese
stan1290,plants,5910,FALSE,French
lati1261,style,5900,TRUE,Latin
stan1290,future,5896,FALSE,French
stan1295,male,5892,FALSE,German
wels1247,act,5892,TRUE,Welsh
mand1415,sweet,5888,FALSE,Mandarin Chinese
wels1247,can,5887,TRUE,Welsh
port1283,ship,5883,TRUE,Portuguese
stan1295,halt,5878,FALSE,German
stan1290,source,5868,TRUE,French
stan1288,comer,5864,FALSE,Spanish
stan1288,age,5862,FALSE,Spanish
stan1288,mover,5847,FALSE,Spanish
stan1290,plume,5845,TRUE,French
stan1295,probe,5838,FALSE,German
stan1288,saber,5836,FALSE,Spanish
stan1288,base,5834,TRUE,Spanish
mand1415,list,5827,TRUE,Mandarin Chinese
stan1288,peso,5822,TRUE,Spanish
port1283,come,5819,FALSE,Portuguese
swed1254,man,5817,TRUE,Swedish
stan1290,lime,5809,TRUE,French
stan1290,journal,5803,TRUE,French
stan1290,vote,5800,TRUE,French
tokp1240,long,5794,FALSE,Tok Pisin
stan1290,gone,5786,FALSE,French
ital1282,mare,5779,TRUE,Italian
stan1290,profession,5764,TRUE,French
stan1295,rage,5758,TRUE,German
stan1295,beam,5752,FALSE,German
stan1290,information,5747,TRUE,French
icel1247,til,5745,FALSE,Icelandic
stan1290,signal,5731,TRUE,French
mand1415,warm,5723,TRUE,Mandarin Chinese
stan1288,god,5723,FALSE,Spanish
stan1295,separate,5721,FALSE,German
lati1261,tor,5717,FALSE,Latin
stan1290,religion,5712,TRUE,French
stan1290,rock,5695,TRUE,French
mand1415,social,5693,TRUE,Mandarin Chinese
stan1295,angle,5692,TRUE,German
stan1290,noble,5689,TRUE,French
stan1290,speed,5677,TRUE,French
viet1252,tan,5656,FALSE,Vietnamese
stan1295,royal,5654,TRUE,German
lati1261,eat,5639,FALSE,Latin
stan1290,stage,5637,FALSE,French
stan1288,cable,5632,TRUE,Spanish
stan1288,particular,5630,TRUE,Spanish
viet1252,hang,5623,FALSE,Vietnamese
stan1290,tune,5620,FALSE,French
stan1290,arc,5619,TRUE,French
stan1290,sure,5618,FALSE,French
stan1290,vice,5616,TRUE,French
stan1290,confusion,5607,TRUE,French
stan1288,chile,5606,TRUE,Spanish
dutc1256,are,5601,TRUE,Dutch
stan1288,van,5601,TRUE,Spanish
stan1295,hall,5599,FALSE,German
stan1288,control,5596,TRUE,Spanish
wels1247,sir,5589,FALSE,Welsh
stan1290,document,5581,TRUE,French
stan1288,radio,5576,TRUE,Spanish
czec1258,med,5575,FALSE,Czech
olde1238,fox,5572,TRUE,Old English (ca. 450-1100)
mand1415,firm,5562,TRUE,Mandarin Chinese
swed1254,have,5551,FALSE,Swedish
stan1290,royal,5539,TRUE,French
dutc1256,good,5537,TRUE,Dutch
lati1261,bona,5535,FALSE,Latin
ital1282,nave,5534,FALSE,Italian
stan1290,division,5533,TRUE,French
lati1261,color,5530,TRUE,Latin
stan1290,excuse,5527,TRUE,French
stan1295,wider,5526,FALSE,German
stan1288,capital,5523,TRUE,Spanish
stan1295,cool,5523,TRUE,German
stan1290,gal,5516,FALSE,French
taga1270,was,5511,FALSE,Tagalog
stan1288,cargo,5502,FALSE,Spanish
stan1290,pension,5502,TRUE,French
stan1290,construction,5491,TRUE,French
stan1290,opposition,5485,TRUE,French
stan1290,important,5480,TRUE,French
stan1295,nice,5479,TRUE,German
ital1282,stare,5475,FALSE,Italian
stan1290,commission,5465,TRUE,French
stan1290,intelligence,5464,TRUE,French
stan1290,coupe,5451,FALSE,French
stan1290,prime,5440,FALSE,French
stan1290,critique,5431,TRUE,French
stan1290,record,5422,TRUE,French
stan1290,lion,5413,TRUE,French
mand1415,local,5401,TRUE,Mandarin Chinese
stan1290,lecture,5401,FALSE,French
stan1290,club,5398,TRUE,French
stan1295,laden,5376,TRUE,German
indo1316,are,5369,TRUE,Standard Indonesian
mand1415,member,5346,FALSE,Mandarin Chinese
stan1290,sentiment,5345,TRUE,French
stan1290,laid,5329,FALSE,French
stan1295,original,5326,TRUE,German
scot1243,great,5324,TRUE,Scots
viet1252,sang,5322,FALSE,Vietnamese
stan1295,anal,5317,TRUE,German
stan1290,image,5314,TRUE,French
stan1290,plot,5309,FALSE,French
stan1290,van,5309,TRUE,French
stan1290,store,5302,FALSE,French
stan1288,press,5301,TRUE,Spanish
stan1290,saut,5299,FALSE,French
stan1290,crack,5291,TRUE,French
mand1415,sell,5287,TRUE,Mandarin Chinese
stan1290,pure,5287,TRUE,French
lati1261,fine,5270,FALSE,Latin
stan1290,surprise,5267,TRUE,French
dutc1256,hand,5264,TRUE,Dutch
stan1290,impression,5258,TRUE,French
stan1290,fatigue,5254,TRUE,French
stan1290,root,5254,TRUE,French
stan1290,collection,5239,TRUE,French
stan1290,check,5233,FALSE,French
stan1290,fix,5231,FALSE,French
stan1295,mix,5227,TRUE,German
stan1288,strike,5223,TRUE,Spanish
stan1290,bond,5222,FALSE,French
stan1290,obstacle,5222,TRUE,French
mand1415,block,5221,TRUE,Mandarin Chinese
ital1282,break,5200,TRUE,Italian
stan1290,hall,5189,TRUE,French
stan1290,lame,5182,FALSE,French
stan1295,happy,5174,TRUE,German
poli1260,pod,5173,FALSE,Polish
scot1243,act,5173,TRUE,Scots
stan1288,error,5171,TRUE,Spanish
stan1288,hit,5168,TRUE,Spanish
stan1290,fault,5165,FALSE,French
mand1415,match,5164,TRUE,Mandarin Chinese
stan1295,fern,5164,FALSE,German
stan1290,border,5150,TRUE,French
stan1288,interior,5148,TRUE,Spanish
lati1261,quantum,5147,FALSE,Latin
scot1245,gun,5143,FALSE,Scottish Gaelic
stan1290,ticket,5143,TRUE,French
indo1316,has,5141,FALSE,Standard Indonesian
stan1288,gusto,5132,TRUE,Spanish
stan1288,done,5130,FALSE,Spanish
mand1415,pro,5126,FALSE,Mandarin Chinese
stan1290,gorge,5122,TRUE,French
stan1288,green,5114,TRUE,Spanish
ital1282,dire,5113,FALSE,Italian
stan1295,tune,5113,FALSE,German
stan1290,guide,5109,TRUE,French
ital1282,sport,5108,TRUE,Italian
stan1288,boy,5108,FALSE,Spanish
stan1290,corner,5107,TRUE,French
mand1415,copy,5101,TRUE,Mandarin Chinese
stan1290,pack,5099,TRUE,French
stan1290,personnel,5094,TRUE,French
stan1288,plural,5084,TRUE,Spanish
stan1290,mail,5081,FALSE,French
stan1290,standing,5080,TRUE,French
mand1415,civil,5077,TRUE,Mandarin Chinese
stan1290,ardent,5077,FALSE,French
stan1295,bitter,5075,TRUE,German
stan1290,string,5066,TRUE,French
nava1243,bee,5065,FALSE,Navajo
stan1290,trust,5063,TRUE,French
stan1290,pie,5060,FALSE,French
stan1290,capable,5059,TRUE,French
mand1415,band,5058,TRUE,Mandarin Chinese
stan1288,heavy,5056,TRUE,Spanish
stan1295,ward,5056,FALSE,German
stan1290,piano,5055,TRUE,French
stan1290,servant,5055,TRUE,French
stan1290,pale,5053,FALSE,French
stan1290,user,5052,FALSE,French
hung1274,jog,5038,FALSE,Hungarian
stan1288,toe,5035,FALSE,Spanish
stan1288,final,5034,TRUE,Spanish
stan1290,gave,5032,FALSE,French
mand1415,hen,5030,FALSE,Mandarin Chinese
stan1290,patience,5022,TRUE,French
mand1415,cal,5021,FALSE,Mandarin Chinese
latv1249,par,5009,FALSE,Latvian
stan1290,talent,5003,TRUE,French
stan1290,empire,4998,TRUE,French
stan1288,figure,4992,TRUE,Spanish
stan1288,pin,4992,TRUE,Spanish
swed1254,person,4992,TRUE,Swedish
stan1288,cast,4991,TRUE,Spanish
dutc1256,plant,4985,TRUE,Dutch
stan1290,lace,4970,TRUE,French
stan1290,province,4970,TRUE,French
stan1290,serve,4970,TRUE,French
stan1288,motor,4966,TRUE,Spanish
stan1288,stock,4962,FALSE,Spanish
stan1295,par,4961,FALSE,German
stan1290,cure,4958,TRUE,French
stan1290,dam,4952,FALSE,French
stan1290,mistake,4950,TRUE,French
stan1290,cuisine,4949,TRUE,French
stan1288,mineral,4938,TRUE,Spanish
stan1290,track,4938,TRUE,French
ital1282,round,4933,TRUE,Italian
stan1288,simple,4929,TRUE,Spanish
stan1290,star,4927,TRUE,French
stan1290,trace,4927,TRUE,French
stan1288,sense,4922,FALSE,Spanish
stan1290,single,4918,TRUE,French
mand1415,sir,4915,FALSE,Mandarin Chinese
stan1290,standard,4915,TRUE,French
mand1415,join,4908,TRUE,Mandarin Chinese
stan1288,ear,4908,FALSE,Spanish
poli1260,set,4903,TRUE,Polish
viet1252,run,4902,FALSE,Vietnamese
stan1295,deck,4882,TRUE,German
indo1316,air,4879,FALSE,Standard Indonesian
wels1247,coed,4873,FALSE,Welsh
lati1261,posse,4863,FALSE,Latin
stan1295,dies,4863,FALSE,German
stan1290,production,4861,TRUE,French
mand1415,wet,4857,FALSE,Mandarin Chinese
stan1295,direct,4856,FALSE,German
stan1290,intention,4855,TRUE,French
stan1290,tape,4854,FALSE,French
stan1290,chant,4849,FALSE,French
stan1290,legs,4847,FALSE,French
stan1290,cash,4841,TRUE,French
stan1290,lent,4841,FALSE,French
stan1290,protection,4838,TRUE,French
stan1290,spectacle,4833,TRUE,French
olde1238,man,4831,FALSE,Old English (ca. 450-1100)
lati1261,alter,4828,FALSE,Latin
stan1290,tennis,4823,TRUE,French
stan1288,pies,4818,FALSE,Spanish
mand1415,key,4809,FALSE,Mandarin Chinese
stan1290,couple,4809,TRUE,French
stan1295,bind,4808,TRUE,German
stan1290,nation,4788,TRUE,French
stan1295,kick,4786,TRUE,German
stan1288,auto,4785,TRUE,Spanish
stan1295,pure,4771,FALSE,German
lati1261,fore,4764,FALSE,Latin
stan1290,looks,4761,FALSE,French
stan1288,cal,4755,FALSE,Spanish
stan1290,bus,4752,TRUE,French
stan1290,quart,4746,FALSE,French
stan1290,content,4744,TRUE,French
lati1261,move,4742,FALSE,Latin
stan1290,nice,4739,FALSE,French
stan1290,pat,4737,TRUE,French
mand1415,build,4735,FALSE,Mandarin Chinese
poli1260,place,4733,TRUE,Polish
viet1252,lay,4729,FALSE,Vietnamese
stan1295,lack,4723,FALSE,German
ital1282,era,4720,TRUE,Italian
stan1290,quarter,4718,TRUE,French
stan1290,gras,4716,FALSE,French
stan1290,refuse,4713,TRUE,French
stan1288,inferior,4707,TRUE,Spanish
stan1295,fancy,4698,TRUE,German
stan1290,sensible,4689,FALSE,French
stan1288,material,4685,TRUE,Spanish
stan1290,village,4685,TRUE,French
mand1415,hall,4680,TRUE,Mandarin Chinese
mand1415,engine,4677,TRUE,Mandarin Chinese
lati1261,character,4670,TRUE,Latin
stan1290,cheat,4669,TRUE,French
stan1290,joke,4662,TRUE,French
mand1415,port,4661,FALSE,Mandarin Chinese
stan1290,original,4658,TRUE,French
lati1261,minor,4657,TRUE,Latin
stan1290,ridicule,4653,TRUE,French
stan1290,fan,4652,TRUE,French
lati1261,plane,4650,FALSE,Latin
czec1258,pod,4644,FALSE,Czech
stan1290,relief,4637,TRUE,French
stan1290,portion,4631,TRUE,French
stan1290,discussion,4625,TRUE,French
stan1288,rail,4624,FALSE,Spanish
stan1290,proportion,4614,TRUE,French
swed1254,make,4613,FALSE,Swedish
stan1290,national,4612,TRUE,French
stan1290,escape,4610,TRUE,French
stan1290,exact,4607,TRUE,French
scot1243,can,4599,FALSE,Scots
stan1290,canal,4594,TRUE,French
stan1290,staff,4594,TRUE,French
stan1288,cola,4581,FALSE,Spanish
stan1290,range,4581,FALSE,French
stan1295,hurt,4581,FALSE,German
stan1288,produce,4580,TRUE,Spanish
iris1253,air,4579,TRUE,Irish
dutc1256,wind,4578,TRUE,Dutch
stan1290,promise,4578,FALSE,French
stan1290,bore,4575,FALSE,French
stan1290,examiner,4574,FALSE,French
stan1288,pipe,4569,FALSE,Spanish
viet1252,cam,4567,FALSE,Vietnamese
stan1288,spot,4561,FALSE,Spanish
nucl1643,iron,4559,FALSE,Japanese
stan1290,cabinet,4556,TRUE,French
stan1290,charger,4556,FALSE,French
stan1295,lies,4555,FALSE,German
stan1290,cake,4552,FALSE,French
afri1274,word,4545,FALSE,Afrikaans
stan1290,butter,4540,FALSE,French
stan1288,dice,4539,FALSE,Spanish
stan1290,social,4537,TRUE,French
dani1285,have,4534,TRUE,Danish
stan1288,late,4526,FALSE,Spanish
stan1290,lift,4519,FALSE,French
stan1290,ranger,4518,TRUE,French
lati1261,beat,4517,FALSE,Latin
stan1290,cool,4511,TRUE,French
stan1290,souvenir,4510,TRUE,French
swed1254,ing,4508,FALSE,Swedish
ital1282,van,4506,FALSE,Italian
stan1288,touch,4506,TRUE,Spanish
ital1282,face,4505,FALSE,Italian
stan1288,primer,4504,FALSE,Spanish
stan1290,accent,4502,TRUE,French
viet1252,van,4500,FALSE,Vietnamese
stan1295,gilt,4497,FALSE,German
stan1290,brave,4496,TRUE,French
stan1290,vague,4492,TRUE,French
stan1288,jam,4490,TRUE,Spanish
stan1295,rang,4490,FALSE,German
stan1290,obligation,4488,TRUE,French
wels1247,long,4488,FALSE,Welsh
stan1288,step,4487,TRUE,Spanish
stan1290,minute,4486,TRUE,French
stan1290,proposition,4486,TRUE,French
stan1290,grandeur,4474,TRUE,French
stan1290,coach,4471,TRUE,French
lati1261,species,4468,FALSE,Latin
stan1295,bare,4466,FALSE,German
ital1282,tore,4461,FALSE,Italian
wels1247,tan,4458,FALSE,Welsh
stan1288,personal,4447,TRUE,Spanish
swed1254,den,4444,FALSE,Swedish
stan1295,mail,4443,TRUE,German
stan1288,regular,4441,TRUE,Spanish
stan1295,rare,4441,FALSE,German
lati1261,duo,4409,FALSE,Latin
stan1290,actions,4409,FALSE,French
lati1261,animal,4408,TRUE,Latin
stan1290,solution,4408,TRUE,French
stan1290,section,4407,TRUE,French
mand1415,add,4404,TRUE,Mandarin Chinese
viet1252,che,4400,FALSE,Vietnamese
stan1290,pine,4397,FALSE,French
stan1288,grave,4395,TRUE,Spanish
stan1290,articles,4391,FALSE,French
lati1261,forum,4390,TRUE,Latin
stan1290,sombre,4389,TRUE,French
wels1247,ran,4387,FALSE,Welsh
stan1290,yard,4384,TRUE,French
stan1290,composition,4381,TRUE,French
stan1290,moral,4379,TRUE,French
stan1290,bonnet,4377,TRUE,French
stan1288,solo,4376,FALSE,Spanish
scot1243,burns,4369,FALSE,Scots
lati1261,prime,4366,FALSE,Latin
nucl1643,mon,4364,FALSE,Japanese
stan1288,escape,4363,TRUE,Spanish
stan1290,thread,4361,TRUE,French
stan1288,slip,4360,FALSE,Spanish
lati1261,clause,4357,FALSE,Latin
stan1295,safe,4350,TRUE,German
stan1290,tan,4349,FALSE,French
stan1290,assurance,4348,TRUE,French
stan1288,rule,4347,FALSE,Spanish
stan1295,hunger,4345,TRUE,German
mand1415,ban,4338,TRUE,Mandarin Chinese
mand1415,ban,4338,FALSE,Mandarin Chinese
taga1270,are,4334,FALSE,Tagalog
stan1290,spare,4333,TRUE,French
stan1290,rush,4315,TRUE,French
olde1238,was,4309,FALSE,Old English (ca. 450-1100)
czec1258,man,4308,FALSE,Czech
stan1290,chute,4307,FALSE,French
lati1261,different,4306,FALSE,Latin
stan1295,grad,4306,FALSE,German
stan1295,noble,4300,FALSE,German
stan1290,humour,4299,FALSE,French
stan1295,active,4299,FALSE,German
roma1327,part,4293,FALSE,Romanian
stan1288,ruin,4291,FALSE,Spanish
stan1290,attitude,4288,TRUE,French
stan1290,pitch,4285,TRUE,French
stan1290,total,4284,TRUE,French
stan1290,aspect,4278,TRUE,French
stan1290,cruel,4273,TRUE,French
ital1282,short,4263,TRUE,Italian
stan1290,express,4262,TRUE,French
lati1261,supra,4261,TRUE,Latin
stan1290,relations,4259,FALSE,French
ital1282,care,4256,FALSE,Italian
stan1290,excellent,4255,TRUE,French
stan1290,muscle,4253,TRUE,French
stan1290,rice,4245,FALSE,French
stan1290,succession,4242,TRUE,French
stan1290,twist,4241,TRUE,French
stan1295,final,4238,TRUE,German
stan1288,sale,4235,FALSE,Spanish
stan1290,affection,4224,TRUE,French
stan1290,soul,4224,TRUE,French
stan1295,egg,4207,FALSE,German
stan1290,application,4206,TRUE,French
stan1290,circulation,4206,TRUE,French
stan1295,drum,4206,FALSE,German
stan1288,super,4205,FALSE,Spanish
stan1290,concert,4201,TRUE,French
stan1288,civil,4195,TRUE,Spanish
stan1290,sage,4192,TRUE,French
stan1290,dealer,4188,TRUE,French
stan1288,ion,4185,TRUE,Spanish
mand1415,ran,4182,FALSE,Mandarin Chinese
stan1290,pardon,4182,TRUE,French
stan1290,caution,4180,TRUE,French
stan1290,quiet,4180,FALSE,French
stan1290,association,4169,TRUE,French
ital1282,stand,4164,TRUE,Italian
lati1261,mores,4160,FALSE,Latin
stan1290,feeling,4160,FALSE,French
lati1261,places,4156,FALSE,Latin
stan1288,humor,4156,TRUE,Spanish
stan1295,blank,4155,FALSE,German
mand1415,team,4151,FALSE,Mandarin Chinese
stan1295,wage,4144,FALSE,German
stan1290,portrait,4141,TRUE,French
stan1290,instant,4140,TRUE,French
stan1290,absence,4137,TRUE,French
stan1290,supporter,4129,TRUE,French
mand1415,search,4128,TRUE,Mandarin Chinese
stan1290,contact,4127,TRUE,French
stan1288,ones,4125,FALSE,Spanish
mand1415,size,4124,TRUE,Mandarin Chinese
stan1290,stretch,4116,FALSE,French
stan1295,gate,4115,FALSE,German
stan1295,foul,4112,FALSE,German
scot1243,law,4109,TRUE,Scots
wels1247,set,4109,FALSE,Welsh
stan1295,lag,4108,FALSE,German
lati1261,line,4101,FALSE,Latin
stan1288,crack,4100,TRUE,Spanish
stan1288,shot,4100,TRUE,Spanish
stan1288,social,4100,TRUE,Spanish
mand1415,sang,4098,FALSE,Mandarin Chinese
wels1247,corn,4098,TRUE,Welsh
stan1288,canal,4097,TRUE,Spanish
stan1290,slow,4097,TRUE,French
stan1290,vase,4095,TRUE,French
stan1288,able,4088,FALSE,Spanish
stan1288,dealer,4086,TRUE,Spanish
mand1415,load,4066,FALSE,Mandarin Chinese
stan1290,programme,4060,TRUE,French
stan1290,bride,4055,TRUE,French
stan1290,doctrine,4054,TRUE,French
nucl1643,pen,4052,FALSE,Japanese
nucl1643,gun,4049,FALSE,Japanese
stan1288,tender,4047,FALSE,Spanish
stan1290,circuit,4046,TRUE,French
stan1290,grief,4046,TRUE,French
stan1288,check,4037,TRUE,Spanish
stan1290,verse,4037,FALSE,French
stan1290,patient,4036,TRUE,French
stan1295,personal,4035,TRUE,German
midd1317,see,4033,FALSE,Middle English
stan1288,deal,4033,TRUE,Spanish
stan1290,strip,4032,FALSE,French
stan1290,trap,4032,TRUE,French
stan1288,meeting,4031,TRUE,Spanish
stan1290,minutes,4028,TRUE,French
stan1288,vapor,4025,TRUE,Spanish
stan1295,null,4021,TRUE,German
mand1415,perfect,4016,TRUE,Mandarin Chinese
lati1261,remove,4015,FALSE,Latin
stan1288,false,4013,FALSE,Spanish
stan1290,patron,4013,TRUE,French
stan1290,serpent,4013,TRUE,French
stan1290,inclination,4011,TRUE,French
stan1290,plural,4009,TRUE,French
lati1261,extra,4006,FALSE,Latin
stan1290,imagination,3998,TRUE,French
lati1261,live,3995,FALSE,Latin
scot1243,sheep,3992,TRUE,Scots
stan1290,final,3988,TRUE,French
stan1290,abuse,3984,TRUE,French
stan1290,terrible,3984,TRUE,French
stan1290,idiot,3982,TRUE,French
viet1252,song,3981,FALSE,Vietnamese
stan1290,stream,3978,TRUE,French
stan1290,active,3976,TRUE,French
stan1288,central,3972,TRUE,Spanish
stan1290,menu,3950,TRUE,French
ital1282,use,3944,FALSE,Italian
lati1261,labor,3943,TRUE,Latin
ital1282,com,3942,FALSE,Italian
dutc1256,land,3939,TRUE,Dutch
stan1290,local,3936,TRUE,French
iris1253,has,3930,FALSE,Irish
stan1288,balance,3928,TRUE,Spanish
nucl1643,sake,3925,FALSE,Japanese
stan1295,modern,3921,TRUE,German
ital1282,live,3910,FALSE,Italian
stan1295,spare,3910,FALSE,German
stan1288,musical,3908,TRUE,Spanish
stan1288,rock,3908,TRUE,Spanish
scot1243,horse,3902,TRUE,Scots
stan1295,solid,3897,TRUE,German
stan1288,honor,3894,TRUE,Spanish
stan1290,conduit,3892,TRUE,French
mand1415,seed,3891,FALSE,Mandarin Chinese
stan1290,assistant,3891,TRUE,French
stan1290,zone,3880,TRUE,French
lati1261,fur,3878,FALSE,Latin
dani1285,den,3876,FALSE,Danish
lati1261,sus,3875,FALSE,Latin
stan1290,parents,3869,FALSE,French
soma1255,wax,3862,FALSE,Somali
stan1290,commune,3862,TRUE,French
stan1290,parade,3861,TRUE,French
stan1290,shift,3855,TRUE,French
lati1261,separate,3851,FALSE,Latin
mand1415,source,3851,TRUE,Mandarin Chinese
lati1261,rose,3850,FALSE,Latin
lati1261,interest,3843,FALSE,Latin
stan1290,design,3839,TRUE,French
stan1295,total,3829,TRUE,German
stan1290,restaurant,3824,TRUE,French
stan1295,simple,3822,FALSE,German
lati1261,face,3819,FALSE,Latin
dutc1256,keep,3815,FALSE,Dutch
stan1290,correct,3815,TRUE,French
stan1290,seize,3813,FALSE,French
mand1415,agent,3809,TRUE,Mandarin Chinese
stan1290,mission,3809,TRUE,French
stan1290,mobile,3809,TRUE,French
stan1288,basket,3807,FALSE,Spanish
iris1253,con,3801,FALSE,Irish
stan1290,parent,3795,TRUE,French
stan1290,examine,3794,TRUE,French
stan1288,chance,3793,TRUE,Spanish
stan1290,bite,3788,FALSE,French
stan1290,bull,3787,FALSE,French
stan1290,relation,3786,TRUE,French
stan1290,agitation,3785,TRUE,French
stan1290,drain,3780,TRUE,French
stan1295,mental,3780,TRUE,German
ital1282,top,3773,TRUE,Italian
stan1290,efforts,3770,FALSE,French
stan1295,golden,3770,TRUE,German
nucl1643,ion,3769,FALSE,Japanese
stan1288,cruel,3763,TRUE,Spanish
ital1282,country,3759,TRUE,Italian
stan1290,basket,3757,FALSE,French
stan1288,tribunal,3747,TRUE,Spanish
stan1295,plump,3747,FALSE,German
mand1415,flag,3745,TRUE,Mandarin Chinese
stan1295,grade,3744,FALSE,German
stan1290,employer,3741,FALSE,French
stan1288,anchor,3740,FALSE,Spanish
stan1290,administration,3738,TRUE,French
stan1290,conditions,3734,FALSE,French
pali1273,are,3731,FALSE,Pali
stan1290,provisions,3730,TRUE,French
stan1290,impossible,3729,TRUE,French
stan1290,tribunal,3729,TRUE,French
swed1254,get,3726,FALSE,Swedish
mand1415,aim,3725,FALSE,Mandarin Chinese
nucl1643,nose,3723,FALSE,Japanese
ital1282,line,3717,TRUE,Italian
mand1415,dinner,3712,TRUE,Mandarin Chinese
swed1254,are,3709,FALSE,Swedish
lati1261,sat,3705,FALSE,Latin
stan1295,muster,3704,FALSE,German
wels1247,haul,3703,FALSE,Welsh
stan1290,branches,3697,FALSE,French
stan1290,questions,3693,FALSE,French
stan1288,pop,3685,TRUE,Spanish
stan1290,drag,3682,TRUE,French
lati1261,pure,3680,FALSE,Latin
stan1288,film,3679,TRUE,Spanish
stan1295,elf,3679,FALSE,German
poli1260,will,3678,FALSE,Polish
stan1295,listen,3678,FALSE,German
stan1290,lies,3676,FALSE,French
stan1295,gras,3665,FALSE,German
poli1260,part,3663,TRUE,Polish
stan1288,singular,3662,TRUE,Spanish
poli1260,past,3660,FALSE,Polish
stan1290,affect,3657,TRUE,French
stan1290,distinction,3656,TRUE,French
stan1290,golf,3655,TRUE,French
wels1247,had,3653,FALSE,Welsh
wels1247,air,3652,FALSE,Welsh
stan1290,commit,3648,TRUE,French
stan1288,fiesta,3640,TRUE,Spanish
stan1290,pigeon,3637,TRUE,French
port1283,house,3633,TRUE,Portuguese
stan1295,inferior,3633,TRUE,German
stan1288,total,3632,TRUE,Spanish
stan1295,verbal,3631,TRUE,German
stan1290,places,3624,FALSE,French
stan1290,permission,3623,TRUE,French
lati1261,phrase,3622,FALSE,Latin
stan1295,nerve,3622,FALSE,German
lati1261,miles,3620,FALSE,Latin
stan1290,arrangement,3619,TRUE,French
lati1261,produce,3613,FALSE,Latin
stan1290,accusation,3613,TRUE,French
stan1290,attend,3613,FALSE,French
ital1282,fire,3612,FALSE,Italian
nucl1643,ate,3611,FALSE,Japanese
dutc1256,kind,3610,FALSE,Dutch
stan1290,punch,3599,TRUE,French
stan1290,allure,3595,FALSE,French
stan1290,baby,3594,TRUE,French
viet1252,men,3590,FALSE,Vietnamese
mand1415,notes,3581,FALSE,Mandarin Chinese
stan1288,match,3578,TRUE,Spanish
stan1295,inner,3573,TRUE,German
stan1288,female,3572,FALSE,Spanish
stan1288,living,3563,TRUE,Spanish
stan1288,junta,3562,TRUE,Spanish
stan1290,jury,3561,TRUE,French
lati1261,era,3558,FALSE,Latin
stan1288,record,3552,TRUE,Spanish
stan1290,valve,3548,TRUE,French
stan1295,park,3547,TRUE,German
lati1261,sanguine,3545,FALSE,Latin
stan1290,exception,3544,TRUE,French
stan1290,plaque,3540,TRUE,French
stan1288,noble,3539,TRUE,Spanish
stan1295,drill,3536,TRUE,German
stan1290,bath,3535,FALSE,French
stan1290,ate,3528,FALSE,French
stan1288,royal,3525,TRUE,Spanish
stan1290,passions,3525,FALSE,French
stan1288,running,3518,TRUE,Spanish
stan1290,commander,3517,FALSE,French
ital1282,dove,3514,FALSE,Italian
stan1288,lean,3514,FALSE,Spanish
hung1274,ing,3513,FALSE,Hungarian
stan1288,club,3513,TRUE,Spanish
stan1295,tick,3509,TRUE,German
stan1290,innocent,3507,TRUE,French
stan1288,fan,3506,TRUE,Spanish
stan1295,duck,3497,FALSE,German
mand1415,jump,3493,FALSE,Mandarin Chinese
stan1295,mild,3478,TRUE,German
stan1288,idle,3476,FALSE,Spanish
stan1288,doctor,3475,TRUE,Spanish
nucl1301,den,3468,FALSE,Turkish
sout1528,put,3466,FALSE,Serbian-Croatian-Bosnian
stan1288,cake,3464,TRUE,Spanish
stan1288,nature,3464,FALSE,Spanish
cebu1242,man,3456,FALSE,Cebuano
stan1288,pack,3455,TRUE,Spanish
stan1295,patent,3448,TRUE,German
stan1290,culture,3447,TRUE,French
stan1290,ignorant,3446,TRUE,French
stan1290,habits,3444,FALSE,French
ital1282,stop,3443,TRUE,Italian
stan1290,volume,3442,TRUE,French
stan1288,sub,3437,FALSE,Spanish
stan1288,shake,3432,TRUE,Spanish
stan1290,description,3428,TRUE,French
lati1261,opera,3426,FALSE,Latin
stan1290,sole,3425,TRUE,French
stan1290,expert,3424,TRUE,French
afri1274,man,3423,TRUE,Afrikaans
ital1282,fin,3418,FALSE,Italian
stan1290,fade,3417,FALSE,French
stan1290,malice,3417,TRUE,French
stan1290,statue,3413,TRUE,French
stan1290,gale,3410,FALSE,French
lati1261,false,3407,TRUE,Latin
mand1415,bell,3407,FALSE,Mandarin Chinese
stan1290,orange,3407,TRUE,French
stan1295,sage,3407,FALSE,German
stan1290,audience,3406,TRUE,French
stan1288,pole,3400,TRUE,Spanish
lati1261,rise,3398,FALSE,Latin
stan1290,flow,3398,TRUE,French
stan1290,pressure,3398,FALSE,French
stan1290,cape,3397,TRUE,French
stan1290,prompt,3395,TRUE,French
nucl1301,man,3394,FALSE,Turkish
dutc1256,open,3385,TRUE,Dutch
stan1295,wink,3379,FALSE,German
stan1290,code,3378,TRUE,French
dutc1256,set,3373,TRUE,Dutch
stan1290,tension,3373,TRUE,French
penn1240,die,3368,FALSE,Pennsylvania German
stan1288,bridge,3367,TRUE,Spanish
stan1290,torture,3366,TRUE,French
poli1260,house,3361,TRUE,Polish
wels1247,march,3356,FALSE,Welsh
stan1288,legal,3355,TRUE,Spanish
stan1290,grade,3353,TRUE,French
stan1290,calmer,3350,FALSE,French
stan1290,humble,3345,TRUE,French
lati1261,ate,3343,FALSE,Latin
roma1327,med,3343,FALSE,Romanian
ital1282,parole,3341,TRUE,Italian
stan1290,pose,3341,TRUE,French
stan1288,criminal,3339,TRUE,Spanish
stan1290,essence,3331,TRUE,French
stan1290,communication,3330,TRUE,French
stan1288,vulgar,3328,TRUE,Spanish
stan1290,ban,3327,TRUE,French
stan1290,notes,3327,FALSE,French
stan1290,bible,3326,TRUE,French
stan1290,clause,3323,TRUE,French
stan1290,mention,3322,TRUE,French
stan1288,dispute,3318,TRUE,Spanish
stan1290,mental,3318,TRUE,French
dutc1256,pen,3312,TRUE,Dutch
dutc1256,house,3311,TRUE,Dutch
stan1290,abandon,3308,TRUE,French
stan1290,screen,3304,FALSE,French
wels1247,draw,3301,FALSE,Welsh
stan1290,fun,3297,TRUE,French
poli1260,run,3292,FALSE,Polish
scot1243,bit,3292,FALSE,Scots
stan1290,message,3292,TRUE,French
stan1295,link,3286,TRUE,German
mand1415,guide,3282,TRUE,Mandarin Chinese
stan1288,tune,3282,FALSE,Spanish
wels1247,deg,3282,FALSE,Welsh
stan1288,collar,3276,TRUE,Spanish
lati1261,major,3275,FALSE,Latin
stan1290,excite,3272,TRUE,French
stan1290,intrigue,3272,TRUE,French
stan1288,familiar,3271,TRUE,Spanish
stan1290,services,3271,FALSE,French
stan1288,lady,3270,TRUE,Spanish
stan1288,file,3264,FALSE,Spanish
ital1282,business,3263,TRUE,Italian
stan1290,cal,3263,FALSE,French
stan1288,hall,3261,TRUE,Spanish
stan1290,hospital,3260,FALSE,French
stan1290,opinions,3260,FALSE,French
stan1295,dank,3253,FALSE,German
stan1290,licence,3252,TRUE,French
stan1288,date,3251,TRUE,Spanish
hung1274,mint,3249,FALSE,Hungarian
lith1251,ant,3248,FALSE,Lithuanian
stan1288,exterior,3244,TRUE,Spanish
stan1288,director,3241,TRUE,Spanish
stan1290,constant,3235,TRUE,French
stan1290,signature,3235,TRUE,French
dani1285,give,3233,TRUE,Danish
czec1258,lid,3232,FALSE,Czech
mand1415,grade,3232,TRUE,Mandarin Chinese
stan1290,distribution,3225,TRUE,French
ital1282,sound,3224,TRUE,Italian
olde1238,met,3223,FALSE,Old English (ca. 450-1100)
stan1288,divide,3223,TRUE,Spanish
ital1282,solo,3221,TRUE,Italian
stan1290,instruction,3221,TRUE,French
stan1290,dressing,3219,TRUE,French
stan1290,barrel,3218,FALSE,French
ital1282,body,3213,FALSE,Italian
lati1261,sale,3213,FALSE,Latin
ital1282,case,3209,FALSE,Italian
stan1290,switch,3207,TRUE,French
stan1290,valet,3207,TRUE,French
mand1415,mix,3205,FALSE,Mandarin Chinese
stan1290,conclusion,3204,TRUE,French
stan1290,fore,3200,FALSE,French
stan1290,tend,3199,TRUE,French
stan1290,continue,3191,TRUE,French
stan1290,sour,3190,FALSE,French
iris1253,cat,3189,TRUE,Irish
stan1290,discipline,3189,TRUE,French
stan1290,pole,3189,FALSE,French
stan1290,cot,3187,FALSE,French
stan1290,engage,3187,TRUE,French
stan1290,admit,3186,TRUE,French
mand1415,final,3184,TRUE,Mandarin Chinese
stan1290,troupe,3184,FALSE,French
stan1295,fade,3181,FALSE,German
stan1290,performance,3178,TRUE,French
nucl1643,ran,3177,FALSE,Japanese
stan1290,ale,3177,FALSE,French
stan1290,ruse,3177,TRUE,French
stan1290,scratch,3170,TRUE,French
czec1258,let,3167,FALSE,Czech
stan1290,district,3167,TRUE,French
stan1290,censure,3165,FALSE,French
dutc1256,run,3162,TRUE,Dutch
oldn1244,bar,3162,FALSE,Old Norse
stan1290,cage,3162,TRUE,French
stan1295,bang,3158,FALSE,German
stan1290,injure,3157,FALSE,French
stan1290,rider,3153,FALSE,French
stan1290,musical,3148,TRUE,French
lati1261,meet,3144,FALSE,Latin
lati1261,idea,3142,TRUE,Latin
stan1295,extra,3137,FALSE,German
stan1290,constitution,3134,TRUE,French
stan1288,times,3133,FALSE,Spanish
stan1288,single,3131,TRUE,Spanish
stan1290,susceptible,3129,TRUE,French
scot1243,body,3128,TRUE,Scots
stan1288,irregular,3126,TRUE,Spanish
stan1295,smart,3122,TRUE,German
stan1290,observer,3119,FALSE,French
nucl1643,sore,3118,FALSE,Japanese
stan1288,ice,3117,FALSE,Spanish
stan1288,hospital,3115,TRUE,Spanish
ital1282,vista,3110,TRUE,Italian
stan1295,rum,3110,TRUE,German
stan1290,ski,3108,TRUE,French
stan1295,tank,3107,TRUE,German
scot1245,being,3106,FALSE,Scottish Gaelic
stan1290,football,3106,TRUE,French
stan1290,extra,3102,TRUE,French
stan1288,mate,3100,TRUE,Spanish
taga1270,said,3100,FALSE,Tagalog
wels1247,plant,3100,FALSE,Welsh
stan1288,tea,3097,FALSE,Spanish
stan1290,borne,3089,FALSE,French
stan1288,moral,3088,TRUE,Spanish
stan1288,vigor,3088,TRUE,Spanish
stan1290,driver,3088,TRUE,French
stan1290,consent,3086,TRUE,French
stan1295,herb,3086,FALSE,German
stan1290,existence,3084,TRUE,French
port1283,gram,3079,FALSE,Portuguese
stan1288,friend,3078,FALSE,Spanish
stan1290,dot,3078,FALSE,French
stan1290,index,3078,TRUE,French
stan1290,cave,3077,FALSE,French
lati1261,sex,3076,FALSE,Latin
lati1261,vine,3074,FALSE,Latin
stan1290,poison,3074,TRUE,French
stan1288,don,3073,TRUE,Spanish
mand1415,wing,3069,FALSE,Mandarin Chinese
stan1288,lord,3068,TRUE,Spanish
stan1290,imitation,3063,TRUE,French
nucl1643,hate,3060,FALSE,Japanese
wels1247,cam,3060,TRUE,Welsh
stan1288,popular,3053,TRUE,Spanish
maor1246,mate,3052,FALSE,Maori
ital1282,red,3050,FALSE,Italian
stan1290,ignorance,3050,TRUE,French
port1283,animal,3047,TRUE,Portuguese
ital1282,men,3045,FALSE,Italian
ital1282,beat,3042,TRUE,Italian
stan1290,mix,3038,TRUE,French
wels1247,arch,3034,FALSE,Welsh
stan1290,affront,3027,TRUE,French
lati1261,note,3022,FALSE,Latin
stan1290,sketch,3017,TRUE,French
stan1290,observation,3015,TRUE,French
mand1415,claim,3014,TRUE,Mandarin Chinese
stan1295,primitive,3013,FALSE,German
ital1282,state,3010,TRUE,Italian
stan1290,regret,3010,TRUE,French
stan1288,complete,3005,TRUE,Spanish
stan1290,assistance,3002,TRUE,French
wels1247,barn,3001,FALSE,Welsh
poli1260,order,2999,TRUE,Polish
dutc1256,ring,2998,TRUE,Dutch
dutc1256,zoo,2998,TRUE,Dutch
stan1288,ideas,2997,FALSE,Spanish
lati1261,sacrifice,2992,FALSE,Latin
lati1261,violent,2992,FALSE,Latin
stan1288,tip,2991,TRUE,Spanish
stan1288,test,2987,TRUE,Spanish
stan1290,major,2987,TRUE,French
stan1290,commercial,2984,TRUE,French
stan1288,alma,2981,FALSE,Spanish
dutc1256,net,2978,TRUE,Dutch
ital1282,piano,2978,TRUE,Italian
stan1288,mental,2978,TRUE,Spanish
stan1295,gross,2978,FALSE,German
lati1261,dictum,2977,FALSE,Latin
mand1415,code,2972,TRUE,Mandarin Chinese
lati1261,pat,2970,FALSE,Latin
stan1290,prudent,2970,TRUE,French
stan1290,mate,2967,TRUE,French
wels1247,dull,2962,FALSE,Welsh
dutc1256,let,2961,TRUE,Dutch
iris1253,long,2960,FALSE,Irish
stan1290,swing,2958,TRUE,French
ital1282,note,2956,TRUE,Italian
stan1288,track,2956,TRUE,Spanish
stan1290,correction,2956,TRUE,French
stan1290,mines,2956,FALSE,French
stan1290,structure,2954,TRUE,French
stan1288,formal,2953,TRUE,Spanish
scot1243,corn,2952,TRUE,Scots
stan1290,quit,2952,FALSE,French
port1283,use,2948,TRUE,Portuguese
lati1261,fame,2947,FALSE,Latin
stan1288,china,2944,TRUE,Spanish
stan1295,sorry,2944,TRUE,German
stan1288,arena,2943,TRUE,Spanish
stan1290,forge,2942,TRUE,French
stan1290,cloud,2939,FALSE,French
stan1290,occupation,2938,TRUE,French
stan1295,rote,2936,FALSE,German
mand1415,curve,2929,TRUE,Mandarin Chinese
stan1290,incapable,2927,TRUE,French
stan1306,had,2927,FALSE,Standard Malay
stan1290,liaison,2926,TRUE,French
stan1290,excessive,2925,FALSE,French
stan1290,corruption,2924,TRUE,French
stan1290,costume,2924,TRUE,French
stan1290,tenant,2923,TRUE,French
stan1288,separate,2921,TRUE,Spanish
cebu1242,was,2920,FALSE,Cebuano
lati1261,transit,2920,FALSE,Latin
wels1247,men,2920,FALSE,Welsh
stan1290,satisfaction,2919,TRUE,French
stan1290,lodge,2918,TRUE,French
stan1290,divers,2915,TRUE,French
stan1290,testament,2915,TRUE,French
stan1290,partisan,2913,TRUE,French
ital1282,drink,2911,TRUE,Italian
stan1290,truck,2910,FALSE,French
mand1415,gang,2909,FALSE,Mandarin Chinese
stan1288,actor,2908,TRUE,Spanish
stan1290,prudence,2908,TRUE,French
lati1261,ear,2907,FALSE,Latin
stan1288,marina,2907,FALSE,Spanish
stan1295,rotten,2907,FALSE,German
stan1290,exempt,2905,TRUE,French
viet1252,don,2903,FALSE,Vietnamese
stan1288,ticket,2902,FALSE,Spanish
stan1290,foyer,2901,TRUE,French
lati1261,private,2899,FALSE,Latin
stan1290,central,2897,TRUE,French
stan1288,lace,2895,FALSE,Spanish
scot1245,sin,2894,FALSE,Scottish Gaelic
stan1288,circular,2892,TRUE,Spanish
stan1290,score,2892,TRUE,French
stan1290,site,2892,TRUE,French
lati1261,sin,2891,FALSE,Latin
stan1288,split,2891,TRUE,Spanish
stan1290,strict,2891,TRUE,French
stan1288,pueblo,2890,TRUE,Spanish
stan1290,formation,2886,TRUE,French
ital1282,die,2884,FALSE,Italian
stan1290,fret,2884,FALSE,French
port1283,face,2883,TRUE,Portuguese
stan1290,railway,2883,TRUE,French
stan1290,invention,2881,TRUE,French
lati1261,simple,2879,FALSE,Latin
stan1290,flash,2877,TRUE,French
stan1288,labor,2875,TRUE,Spanish
port1283,light,2874,TRUE,Portuguese
stan1290,arrange,2872,TRUE,French
stan1290,engagement,2871,FALSE,French
stan1290,lustre,2870,TRUE,French
lati1261,campus,2868,FALSE,Latin
icel1247,part,2867,TRUE,Icelandic
stan1290,auto,2867,TRUE,French
stan1290,translation,2866,TRUE,French
stan1288,artificial,2862,TRUE,Spanish
stan1295,average,2859,TRUE,German
stan1290,figures,2858,FALSE,French
stan1288,original,2857,TRUE,Spanish
lati1261,honor,2853,TRUE,Latin
stan1290,rupture,2852,TRUE,French
stan1290,manager,2851,TRUE,French
stan1290,complexion,2847,TRUE,French
lati1261,medium,2843,TRUE,Latin
stan1290,photo,2842,TRUE,French
stan1295,priest,2842,FALSE,German
lati1261,sole,2836,FALSE,Latin
ital1282,star,2834,TRUE,Italian
dutc1256,continue,2833,FALSE,Dutch
dutc1256,hard,2831,TRUE,Dutch
stan1290,trot,2830,TRUE,French
mand1415,contact,2826,TRUE,Mandarin Chinese
stan1295,absolute,2826,FALSE,German
nucl1643,china,2825,FALSE,Japanese
lati1261,serve,2824,FALSE,Latin
port1283,point,2824,FALSE,Portuguese
lati1261,author,2819,TRUE,Latin
stan1290,couture,2819,TRUE,French
dutc1256,god,2818,TRUE,Dutch
stan1290,liqueur,2818,TRUE,French
stan1290,population,2818,TRUE,French
olde1238,hit,2814,FALSE,Old English (ca. 450-1100)
stan1288,hope,2813,FALSE,Spanish
stan1290,absent,2811,TRUE,French
stan1290,artifice,2806,TRUE,French
dutc1256,stand,2803,TRUE,Dutch
stan1290,maritime,2803,TRUE,French
stan1290,navigation,2801,TRUE,French
stan1290,gentleman,2800,TRUE,French
port1283,look,2799,TRUE,Portuguese
ital1282,sole,2798,TRUE,Italian
stan1288,cool,2797,TRUE,Spanish
stan1288,pile,2797,FALSE,Spanish
lati1261,fide,2793,FALSE,Latin
stan1290,drill,2792,TRUE,French
stan1290,boutique,2791,TRUE,French
lati1261,mater,2788,FALSE,Latin
stan1290,confidence,2787,TRUE,French
stan1288,plot,2782,TRUE,Spanish
mand1415,mon,2781,FALSE,Mandarin Chinese
stan1288,cash,2781,TRUE,Spanish
stan1290,vine,2780,FALSE,French
ital1282,account,2779,TRUE,Italian
lati1261,philosopher,2779,FALSE,Latin
stan1288,vine,2778,FALSE,Spanish
hawa1245,make,2776,FALSE,Hawaiian
dutc1256,bed,2773,TRUE,Dutch
lati1261,ones,2767,FALSE,Latin
swed1254,hand,2766,TRUE,Swedish
olde1238,word,2765,TRUE,Old English (ca. 450-1100)
stan1288,load,2765,FALSE,Spanish
nucl1643,kin,2764,FALSE,Japanese
poli1260,gram,2763,FALSE,Polish
stan1290,perfection,2762,TRUE,French
dutc1256,word,2759,FALSE,Dutch
stan1290,commencement,2759,FALSE,French
afri1274,bring,2753,TRUE,Afrikaans
stan1290,pus,2753,TRUE,French
stan1290,verge,2752,FALSE,French
stan1290,alphabet,2751,TRUE,French
stan1288,nave,2750,TRUE,Spanish
stan1290,appoint,2750,FALSE,French
stan1295,wander,2750,TRUE,German
dutc1256,look,2747,TRUE,Dutch
stan1290,piston,2745,TRUE,French
stan1306,long,2745,FALSE,Standard Malay
stan1290,reconnaissance,2741,TRUE,French
stan1290,gel,2740,TRUE,French
stan1290,mare,2739,FALSE,French
stan1290,provision,2738,TRUE,French
stan1290,stable,2738,TRUE,French
afri1274,was,2737,FALSE,Afrikaans
ital1282,bar,2735,TRUE,Italian
mand1415,arts,2733,TRUE,Mandarin Chinese
stan1290,favorable,2732,TRUE,French
ital1282,cause,2728,TRUE,Italian
lati1261,oculi,2727,FALSE,Latin
stan1290,crayon,2727,FALSE,French
stan1290,naval,2726,TRUE,French
hung1274,has,2725,FALSE,Hungarian
stan1290,hem,2721,FALSE,French
stan1288,sauce,2718,FALSE,Spanish
stan1290,morale,2717,FALSE,French
stan1290,phrases,2715,FALSE,French
mand1415,print,2713,TRUE,Mandarin Chinese
stan1295,bog,2713,FALSE,German
stan1295,clever,2713,TRUE,German
dutc1256,letter,2709,TRUE,Dutch
port1283,serve,2709,FALSE,Portuguese
stan1290,salon,2706,TRUE,French
roma1327,formal,2705,TRUE,Romanian
stan1288,corner,2704,TRUE,Spanish
dutc1256,end,2702,TRUE,Dutch
stan1290,expose,2702,TRUE,French
stan1295,haste,2702,FALSE,German
lati1261,mere,2699,FALSE,Latin
stan1288,finger,2697,TRUE,Spanish
stan1290,lover,2694,FALSE,French
stan1290,traits,2692,FALSE,French
stan1290,tank,2691,TRUE,French
stan1288,dad,2690,FALSE,Spanish
stan1288,grapes,2688,FALSE,Spanish
stan1288,page,2688,TRUE,Spanish
wels1247,cut,2686,FALSE,Welsh
stan1288,trap,2685,TRUE,Spanish
roma1327,place,2682,FALSE,Romanian
lati1261,divide,2678,FALSE,Latin
stan1295,formal,2678,TRUE,German
stan1290,finesse,2675,TRUE,French
stan1290,lard,2675,TRUE,French
stan1288,local,2674,TRUE,Spanish
stan1290,bandage,2674,TRUE,French
mand1415,pang,2671,FALSE,Mandarin Chinese
stan1288,pal,2671,FALSE,Spanish
stan1290,mule,2665,TRUE,French
stan1290,physique,2665,TRUE,French
czec1258,set,2662,TRUE,Czech
hung1274,let,2662,FALSE,Hungarian
lati1261,comes,2662,FALSE,Latin
stan1290,unique,2659,TRUE,French
lati1261,capital,2658,TRUE,Latin
stan1290,extension,2654,TRUE,French
stan1290,pope,2654,FALSE,French
mand1415,den,2653,FALSE,Mandarin Chinese
stan1288,baby,2652,TRUE,Spanish
stan1288,share,2650,TRUE,Spanish
stan1290,cousin,2650,TRUE,French
roma1327,get,2648,FALSE,Romanian
stan1288,opening,2647,TRUE,Spanish
stan1290,exposition,2646,TRUE,French
stan1290,sacrifice,2646,TRUE,French
stan1288,feed,2645,TRUE,Spanish
wels1247,nod,2645,TRUE,Welsh
stan1288,ton,2642,FALSE,Spanish
stan1290,sensation,2642,TRUE,French
dutc1256,had,2640,FALSE,Dutch
stan1288,staff,2638,TRUE,Spanish
stan1288,affair,2637,TRUE,Spanish
stan1288,mail,2636,FALSE,Spanish
stan1288,mix,2636,TRUE,Spanish
stan1290,china,2636,FALSE,French
stan1290,bitter,2635,FALSE,French
stan1290,jus,2635,FALSE,French
stan1290,suspension,2635,TRUE,French
ital1282,stick,2634,TRUE,Italian
ital1282,cane,2631,FALSE,Italian
scot1245,can,2631,TRUE,Scottish Gaelic
stan1290,international,2631,TRUE,French
ital1282,strike,2629,TRUE,Italian
stan1290,classes,2629,FALSE,French
stan1290,vengeance,2627,TRUE,French
wels1247,chi,2619,FALSE,Welsh
stan1290,leader,2616,TRUE,French
stan1290,mixture,2614,TRUE,French
stan1290,temple,2614,TRUE,French
stan1290,mute,2613,FALSE,French
stan1290,toast,2613,TRUE,French
ital1282,box,2611,FALSE,Italian
ital1282,home,2611,TRUE,Italian
stan1295,miserable,2611,FALSE,German
lati1261,opposite,2610,FALSE,Latin
stan1290,management,2610,TRUE,French
ital1282,night,2609,FALSE,Italian
stan1290,patch,2609,TRUE,French
stan1288,bay,2608,FALSE,Spanish
stan1290,wagon,2608,TRUE,French
scot1243,grain,2607,FALSE,Scots
stan1290,taxes,2607,FALSE,French
stan1290,motif,2604,TRUE,French
stan1295,ass,2604,FALSE,German
ital1282,sub,2603,FALSE,Italian
viet1252,sung,2602,FALSE,Vietnamese
port1283,stand,2599,FALSE,Portuguese
stan1290,refuge,2597,TRUE,French
stan1295,extreme,2592,FALSE,German
lati1261,meat,2591,FALSE,Latin
czec1258,rod,2590,FALSE,Czech
stan1290,rap,2588,TRUE,French
stan1288,piano,2587,TRUE,Spanish
port1283,round,2583,TRUE,Portuguese
port1283,natural,2581,TRUE,Portuguese
stan1290,aversion,2578,TRUE,French
viet1252,rang,2576,FALSE,Vietnamese
iris1253,can,2575,FALSE,Irish
ital1282,ire,2573,FALSE,Italian
stan1290,destruction,2570,TRUE,French
dutc1256,toe,2569,FALSE,Dutch
hung1274,mind,2568,FALSE,Hungarian
stan1290,pal,2568,FALSE,French
stan1295,expert,2563,TRUE,German
stan1290,intelligent,2562,TRUE,French
stan1306,air,2561,FALSE,Standard Malay
stan1290,airs,2559,FALSE,French
stan1290,pause,2558,FALSE,French
stan1290,instruments,2556,FALSE,French
stan1288,dial,2548,TRUE,Spanish
iris1253,fair,2545,FALSE,Irish
lati1261,pace,2545,FALSE,Latin
mand1415,commission,2545,TRUE,Mandarin Chinese
nucl1643,share,2544,FALSE,Japanese
stan1295,pink,2544,TRUE,German
wels1247,car,2544,TRUE,Welsh
afri1274,put,2539,FALSE,Afrikaans
ital1282,cast,2535,TRUE,Italian
stan1290,objection,2535,TRUE,French
stan1290,sentiments,2535,FALSE,French
stan1290,incident,2533,TRUE,French
stan1290,regards,2530,FALSE,French
ital1282,idea,2528,TRUE,Italian
ital1282,pane,2526,FALSE,Italian
stan1290,bloc,2523,FALSE,French
dutc1256,long,2521,FALSE,Dutch
stan1290,indirect,2521,TRUE,French
swed1254,give,2519,FALSE,Swedish
lati1261,omen,2518,TRUE,Latin
wels1247,son,2518,FALSE,Welsh
ital1282,ore,2516,FALSE,Italian
ital1282,pro,2515,TRUE,Italian
stan1290,oblique,2513,TRUE,French
scot1243,year,2510,TRUE,Scots
stan1288,fashion,2510,TRUE,Spanish
stan1288,plaza,2510,TRUE,Spanish
iris1253,tar,2508,FALSE,Irish
ital1282,boy,2508,FALSE,Italian
stan1290,penchant,2507,TRUE,French
stan1290,lump,2505,FALSE,French
roma1327,mare,2503,TRUE,Romanian
olde1238,god,2501,TRUE,Old English (ca. 450-1100)
stan1290,patent,2501,TRUE,French
lati1261,error,2500,TRUE,Latin
stan1290,antique,2500,TRUE,French
stan1288,rack,2498,TRUE,Spanish
stan1290,warrant,2498,TRUE,French
stan1288,altar,2497,TRUE,Spanish
stan1290,flux,2497,TRUE,French
iris1253,fir,2495,FALSE,Irish
lati1261,complete,2494,FALSE,Latin
stan1288,defender,2489,FALSE,Spanish
stan1295,holder,2489,FALSE,German
stan1295,parallel,2486,TRUE,German
scot1243,wee,2485,FALSE,Scots
stan1288,paste,2485,FALSE,Spanish
scot1243,gait,2484,FALSE,Scots
stan1295,web,2484,FALSE,German
stan1288,fame,2483,FALSE,Spanish
stan1290,divine,2482,FALSE,French
stan1295,hip,2482,TRUE,German
stan1288,trip,2480,TRUE,Spanish
stan1290,horrible,2480,TRUE,French
stan1295,belief,2480,FALSE,German
stan1288,bet,2478,FALSE,Spanish
stan1290,assemblage,2475,TRUE,French
stan1290,inspection,2475,TRUE,French
ital1282,camera,2474,TRUE,Italian
stan1288,coach,2474,TRUE,Spanish
stan1288,acid,2472,TRUE,Spanish
wels1247,odd,2472,FALSE,Welsh
scot1245,put,2469,FALSE,Scottish Gaelic
stan1290,pointer,2469,TRUE,French
roma1327,particular,2466,TRUE,Romanian
stan1288,extra,2466,TRUE,Spanish
nucl1301,put,2465,FALSE,Turkish
stan1290,budget,2465,TRUE,French
stan1288,similar,2464,TRUE,Spanish
stan1290,reverse,2464,FALSE,French
stan1290,courses,2463,FALSE,French
stan1290,suppose,2463,TRUE,French
stan1290,iris,2461,TRUE,French
stan1288,twist,2460,TRUE,Spanish
stan1288,lime,2458,FALSE,Spanish
stan1288,medicine,2458,FALSE,Spanish
stan1290,item,2458,FALSE,French
mand1415,hurt,2447,TRUE,Mandarin Chinese
stan1290,extravagant,2447,TRUE,French
wels1247,main,2445,FALSE,Welsh
scot1243,fit,2442,FALSE,Scots
stan1290,penny,2439,TRUE,French
dutc1256,hoe,2437,FALSE,Dutch
stan1290,franchise,2437,TRUE,French
stan1288,pool,2436,TRUE,Spanish
stan1290,axe,2436,FALSE,French
dutc1256,been,2432,FALSE,Dutch
stan1290,architecture,2431,TRUE,French
dutc1256,order,2427,TRUE,Dutch
scot1243,door,2424,TRUE,Scots
stan1290,plumes,2424,FALSE,French
stan1295,links,2424,TRUE,German
stan1290,candidate,2421,FALSE,French
stan1288,hotel,2418,TRUE,Spanish
swed1254,sin,2414,FALSE,Swedish
stan1295,lad,2412,FALSE,German
stan1290,biscuit,2410,TRUE,French
czec1258,has,2409,FALSE,Czech
stan1290,champs,2408,FALSE,French
lati1261,sane,2406,FALSE,Latin
stan1288,macho,2403,TRUE,Spanish
port1283,cause,2402,TRUE,Portuguese
lati1261,suffer,2401,FALSE,Latin
nucl1643,fan,2400,FALSE,Japanese
nucl1643,chi,2399,FALSE,Japanese
stan1290,silent,2399,FALSE,French
mand1415,camp,2398,TRUE,Mandarin Chinese
hung1274,house,2397,TRUE,Hungarian
port1283,lie,2395,FALSE,Portuguese
stan1288,chocolate,2395,TRUE,Spanish
stan1290,globe,2392,TRUE,French
viet1252,ham,2392,FALSE,Vietnamese
lati1261,impetus,2391,FALSE,Latin
mand1415,bin,2389,FALSE,Mandarin Chinese
stan1295,fundamental,2387,TRUE,German
stan1295,flute,2383,FALSE,German
stan1288,flow,2381,TRUE,Spanish
stan1290,vision,2380,TRUE,French
lati1261,divine,2379,TRUE,Latin
scot1243,wad,2376,FALSE,Scots
afri1274,toe,2375,FALSE,Afrikaans
stan1290,slice,2375,FALSE,French
stan1288,usual,2373,TRUE,Spanish
stan1295,prompt,2372,TRUE,German
nucl1301,has,2371,FALSE,Turkish
stan1290,imagine,2370,TRUE,French
ital1282,sin,2367,FALSE,Italian
stan1290,pains,2367,FALSE,French
lati1261,net,2366,FALSE,Latin
stan1290,brutal,2366,TRUE,French
viet1252,tang,2362,FALSE,Vietnamese
stan1290,masculine,2361,TRUE,French
stan1290,oppose,2361,TRUE,French
ital1282,post,2359,TRUE,Italian
nucl1643,min,2358,TRUE,Japanese
stan1288,tire,2358,FALSE,Spanish
stan1290,challenge,2357,TRUE,French
stan1290,manufacture,2356,FALSE,French
stan1290,suspect,2356,TRUE,French
swed1254,fall,2356,TRUE,Swedish
mand1415,counter,2354,TRUE,Mandarin Chinese
stan1288,bus,2354,TRUE,Spanish
stan1290,ration,2354,TRUE,French
stan1290,technique,2354,TRUE,French
stan1290,diligence,2353,TRUE,French
stan1290,shooting,2353,TRUE,French
stan1288,miserable,2352,TRUE,Spanish
stan1290,bizarre,2352,TRUE,French
stan1290,compassion,2351,TRUE,French
wels1247,red,2351,FALSE,Welsh
stan1290,confine,2349,TRUE,French
lati1261,item,2347,FALSE,Latin
mand1415,pack,2347,TRUE,Mandarin Chinese
stan1295,filter,2347,TRUE,German
stan1290,carton,2344,TRUE,French
minn1241,chin,2343,FALSE,Min Nan Chinese
stan1290,compliment,2343,TRUE,French
stan1295,falls,2343,FALSE,German
mand1415,data,2342,TRUE,Mandarin Chinese
stan1290,observe,2342,TRUE,French
lati1261,phrases,2341,FALSE,Latin
stan1290,grains,2341,FALSE,French
stan1290,spin,2341,TRUE,French
stan1295,positive,2341,FALSE,German
scot1243,ill,2340,TRUE,Scots
stan1290,gap,2340,TRUE,French
stan1290,cardinal,2338,TRUE,French
sout1528,time,2336,FALSE,Serbian-Croatian-Bosnian
stan1290,duel,2334,TRUE,French
stan1290,cycle,2333,TRUE,French
nucl1643,pan,2332,FALSE,Japanese
port1283,say,2331,FALSE,Portuguese
stan1290,admission,2330,TRUE,French
stan1290,speaker,2326,TRUE,French
stan1290,plans,2325,FALSE,French
stan1295,negative,2325,FALSE,German
stan1288,relieve,2324,FALSE,Spanish
stan1290,multitude,2324,TRUE,French
stan1290,convention,2323,TRUE,French
stan1290,documents,2323,FALSE,French
stan1295,rag,2323,FALSE,German
swed1254,full,2323,FALSE,Swedish
stan1290,nations,2322,FALSE,French
mand1415,bud,2321,FALSE,Mandarin Chinese
iris1253,fear,2318,FALSE,Irish
wels1247,fan,2318,FALSE,Welsh
port1283,short,2317,FALSE,Portuguese
stan1290,cane,2316,FALSE,French
mand1415,fashion,2315,TRUE,Mandarin Chinese
port1283,vista,2315,TRUE,Portuguese
stan1290,sciences,2314,FALSE,French
stan1290,composer,2311,FALSE,French
stan1290,alliance,2310,TRUE,French
stan1288,terrible,2309,TRUE,Spanish
ital1282,dark,2307,TRUE,Italian
stan1290,bones,2305,FALSE,French
stan1288,placed,2304,FALSE,Spanish
stan1290,champagne,2301,TRUE,French
lati1261,trade,2300,FALSE,Latin
stan1290,tale,2299,FALSE,French
lati1261,severe,2298,FALSE,Latin
ital1282,radio,2297,TRUE,Italian
poli1260,van,2296,TRUE,Polish
lati1261,iris,2295,FALSE,Latin
stan1290,perspective,2295,TRUE,French
stan1290,adjective,2291,TRUE,French
stan1290,obscure,2291,FALSE,French
wels1247,bad,2291,FALSE,Welsh
stan1290,variable,2289,TRUE,French
stan1290,fuel,2287,FALSE,French
stan1290,inscription,2287,TRUE,French
stan1290,bang,2286,TRUE,French
indo1316,form,2285,TRUE,Standard Indonesian
stan1290,urge,2284,FALSE,French
lati1261,actor,2283,TRUE,Latin
mand1415,worse,2283,FALSE,Mandarin Chinese
stan1290,charges,2282,FALSE,French
stan1290,farce,2279,TRUE,French
stan1290,novice,2279,TRUE,French
stan1295,throne,2278,FALSE,German
stan1288,liberal,2277,TRUE,Spanish
stan1290,retire,2276,TRUE,French
stan1290,outrage,2273,TRUE,French
stan1290,planter,2272,FALSE,French
lati1261,hostile,2271,FALSE,Latin
lati1261,studio,2271,FALSE,Latin
stan1290,institution,2271,TRUE,French
stan1290,rifle,2271,TRUE,French
poli1260,piece,2270,FALSE,Polish
indo1316,long,2265,FALSE,Standard Indonesian
ital1282,soft,2264,TRUE,Italian
stan1288,verse,2264,FALSE,Spanish
lati1261,future,2263,FALSE,Latin
stan1290,amateur,2263,TRUE,French
stan1290,distant,2262,TRUE,French
stan1295,liberal,2262,TRUE,German
afri1274,water,2261,TRUE,Afrikaans
stan1295,obsolete,2261,FALSE,German
stan1290,mousse,2260,TRUE,French
stan1288,decline,2258,TRUE,Spanish
stan1295,sensible,2258,FALSE,German
stan1306,pun,2258,FALSE,Standard Malay
stan1290,contraction,2257,TRUE,French
stan1290,accuser,2256,FALSE,French
stan1290,fertile,2256,TRUE,French
stan1290,admiration,2255,TRUE,French
stan1295,frank,2253,TRUE,German
lati1261,offer,2250,FALSE,Latin
mand1415,fighting,2246,FALSE,Mandarin Chinese
stan1288,examine,2246,TRUE,Spanish
afri1274,teen,2242,FALSE,Afrikaans
ital1282,bile,2242,TRUE,Italian
lati1261,excellent,2241,FALSE,Latin
stan1288,excuse,2241,TRUE,Spanish
mand1415,van,2240,TRUE,Mandarin Chinese
stan1290,tint,2240,FALSE,French
stan1290,transmission,2240,TRUE,French
stan1288,normal,2238,TRUE,Spanish
stan1290,visible,2238,TRUE,French
stan1290,interruption,2237,TRUE,French
stan1295,orange,2234,TRUE,German
lati1261,status,2233,TRUE,Latin
stan1288,lustre,2233,TRUE,Spanish
lati1261,sinus,2232,FALSE,Latin
nucl1643,shake,2232,FALSE,Japanese
stan1288,fresco,2232,TRUE,Spanish
stan1295,blast,2231,FALSE,German
wels1247,faint,2231,FALSE,Welsh
stan1290,indulgence,2230,TRUE,French
lati1261,bonus,2229,FALSE,Latin
dutc1256,bad,2228,FALSE,Dutch
stan1288,conductor,2228,TRUE,Spanish
stan1290,compensation,2227,TRUE,French
stan1290,ambition,2226,TRUE,French
stan1290,partner,2226,TRUE,French
stan1290,coins,2224,FALSE,French
stan1290,roller,2224,FALSE,French
lati1261,obscure,2223,FALSE,Latin
stan1290,vogue,2221,FALSE,French
stan1288,tape,2219,TRUE,Spanish
ital1282,gas,2218,TRUE,Italian
poli1260,bad,2215,FALSE,Polish
stan1290,divorce,2214,TRUE,French
lati1261,grave,2212,TRUE,Latin
stan1288,friends,2212,FALSE,Spanish
dani1285,man,2211,TRUE,Danish
stan1288,judicial,2210,TRUE,Spanish
stan1290,assume,2209,TRUE,French
stan1290,phone,2209,FALSE,French
stan1290,pond,2209,FALSE,French
stan1288,draft,2208,TRUE,Spanish
ital1282,cross,2207,TRUE,Italian
czec1258,list,2206,FALSE,Czech
stan1290,voter,2206,FALSE,French
poli1260,mat,2205,FALSE,Polish
stan1288,estate,2205,FALSE,Spanish
stan1290,pros,2205,FALSE,French
stan1290,brute,2203,TRUE,French
stan1290,permanent,2200,TRUE,French
stan1295,normal,2199,TRUE,German
stan1290,feelings,2196,FALSE,French
stan1290,trainer,2196,FALSE,French
ital1282,big,2195,TRUE,Italian
ital1282,film,2195,TRUE,Italian
ital1282,party,2194,TRUE,Italian
iris1253,com,2193,FALSE,Irish
cebu1242,way,2192,FALSE,Cebuano
lith1251,man,2191,FALSE,Lithuanian
nucl1643,ton,2191,FALSE,Japanese
stan1290,impose,2190,TRUE,French
stan1288,embargo,2189,TRUE,Spanish
stan1288,punch,2189,TRUE,Spanish
dutc1256,war,2187,FALSE,Dutch
mand1415,acting,2185,FALSE,Mandarin Chinese
roma1327,put,2185,FALSE,Romanian
stan1290,rein,2184,FALSE,French
stan1290,era,2183,FALSE,French
stan1290,grille,2183,FALSE,French
swed1254,has,2183,FALSE,Swedish
afri1274,hand,2182,TRUE,Afrikaans
scot1243,big,2179,FALSE,Scots
mand1415,foul,2177,TRUE,Mandarin Chinese
stan1288,human,2177,FALSE,Spanish
dutc1256,wild,2176,TRUE,Dutch
stan1290,compliments,2176,TRUE,French
stan1290,fabrication,2176,TRUE,French
czec1258,sport,2174,TRUE,Czech
stan1290,diner,2173,FALSE,French
stan1290,positive,2173,FALSE,French
lati1261,media,2172,FALSE,Latin
stan1288,vice,2172,TRUE,Spanish
stan1290,indicative,2172,FALSE,French
iris1253,sea,2171,FALSE,Irish
stan1290,tours,2171,FALSE,French
stan1288,alcohol,2170,TRUE,Spanish
stan1295,international,2169,TRUE,German
stan1288,mortal,2166,TRUE,Spanish
stan1288,reduce,2164,TRUE,Spanish
ital1282,rise,2162,FALSE,Italian
stan1288,pillar,2162,FALSE,Spanish
stan1290,ladies,2161,FALSE,French
wels1247,tad,2161,FALSE,Welsh
stan1290,monument,2159,TRUE,French
taga1270,man,2159,FALSE,Tagalog
dutc1256,room,2157,FALSE,Dutch
stan1290,reins,2157,FALSE,French
afri1274,see,2156,FALSE,Afrikaans
nucl1643,pin,2156,FALSE,Japanese
viet1252,dam,2156,FALSE,Vietnamese
stan1290,boiler,2155,TRUE,French
stan1290,cigarette,2154,TRUE,French
stan1295,plural,2153,TRUE,German
stan1288,lines,2152,FALSE,Spanish
stan1290,nerve,2152,FALSE,French
lati1261,suit,2151,FALSE,Latin
stan1290,choir,2148,FALSE,French
afri1274,sit,2147,TRUE,Afrikaans
dutc1256,school,2146,TRUE,Dutch
wels1247,dad,2144,FALSE,Welsh
lati1261,verse,2142,FALSE,Latin
stan1290,angles,2141,FALSE,French
stan1290,lad,2141,TRUE,French
stan1290,bouquet,2140,TRUE,French
stan1290,super,2140,FALSE,French
wels1247,darn,2140,FALSE,Welsh
stan1290,plug,2139,TRUE,French
stan1290,urgent,2138,TRUE,French
port1283,close,2137,TRUE,Portuguese
viet1252,son,2137,FALSE,Vietnamese
stan1290,cabaret,2135,TRUE,French
stan1290,triple,2134,TRUE,French
mand1415,kick,2133,FALSE,Mandarin Chinese
stan1290,seller,2132,FALSE,French
lati1261,excite,2131,FALSE,Latin
stan1290,bulletin,2130,TRUE,French
stan1290,flexible,2129,TRUE,French
ital1282,ate,2128,FALSE,Italian
poli1260,sport,2128,TRUE,Polish
stan1288,moderate,2128,TRUE,Spanish
stan1295,moderate,2128,FALSE,German
stan1288,disco,2126,TRUE,Spanish
stan1295,golf,2124,TRUE,German
stan1290,dispose,2122,FALSE,French
scot1243,cry,2121,FALSE,Scots
stan1290,pool,2121,TRUE,French
stan1290,sue,2119,FALSE,French
stan1288,anterior,2117,TRUE,Spanish
stan1290,explosion,2116,TRUE,French
stan1290,gay,2116,TRUE,French
stan1290,sons,2116,FALSE,French
stan1290,magazine,2115,TRUE,French
stan1290,slave,2115,FALSE,French
lati1261,cam,2114,FALSE,Latin
lati1261,continue,2113,FALSE,Latin
stan1290,aura,2113,TRUE,French
scot1243,wall,2112,FALSE,Scots
stan1290,gin,2111,TRUE,French
stan1290,offensive,2110,TRUE,French
stan1290,confession,2108,TRUE,French
stan1290,invitation,2108,TRUE,French
stan1295,poll,2108,FALSE,German
mand1415,mood,2106,TRUE,Mandarin Chinese
port1283,move,2105,TRUE,Portuguese
stan1290,clip,2105,TRUE,French
viet1252,hung,2105,FALSE,Vietnamese
stan1290,notion,2104,TRUE,French
minn1241,sin,2103,FALSE,Min Nan Chinese
lati1261,superior,2102,FALSE,Latin
stan1290,bile,2102,TRUE,French
stan1290,locomotive,2100,TRUE,French
stan1290,sweat,2100,FALSE,French
nucl1301,para,2097,FALSE,Turkish
stan1288,cape,2097,FALSE,Spanish
stan1290,fatal,2097,TRUE,French
lati1261,sides,2096,FALSE,Latin
mand1415,concern,2096,TRUE,Mandarin Chinese
stan1290,attendant,2096,FALSE,French
finn1318,put,2095,FALSE,Finnish
stan1288,sketch,2094,TRUE,Spanish
stan1290,plantation,2094,TRUE,French
stan1290,warning,2094,FALSE,French
viet1252,gay,2094,FALSE,Vietnamese
stan1288,ore,2092,FALSE,Spanish
mand1415,cream,2091,TRUE,Mandarin Chinese
dutc1256,top,2087,TRUE,Dutch
ital1282,touch,2087,TRUE,Italian
hawa1245,like,2086,TRUE,Hawaiian
lati1261,stare,2085,FALSE,Latin
stan1288,comes,2084,FALSE,Spanish
stan1290,riches,2081,FALSE,French
stan1295,feudal,2081,TRUE,German
czec1258,emu,2080,TRUE,Czech
stan1290,injustice,2080,TRUE,French
port1283,min,2079,FALSE,Portuguese
nucl1643,ban,2075,FALSE,Japanese
stan1290,clown,2075,TRUE,French
stan1290,kit,2074,TRUE,French
stan1295,universal,2073,TRUE,German
stan1288,bat,2072,TRUE,Spanish
stan1290,publication,2072,TRUE,French
stan1295,horizontal,2072,TRUE,German
viet1252,rung,2072,FALSE,Vietnamese
dutc1256,des,2071,FALSE,Dutch
stan1290,faction,2071,TRUE,French
czec1258,den,2070,FALSE,Czech
czec1258,house,2068,TRUE,Czech
stan1288,jet,2068,TRUE,Spanish
stan1290,plateau,2067,TRUE,French
stan1290,torrent,2066,TRUE,French
stan1295,fluid,2066,TRUE,German
stan1295,evident,2065,TRUE,German
stan1290,horizon,2064,TRUE,French
dutc1256,tie,2063,FALSE,Dutch
stan1288,snow,2062,FALSE,Spanish
nucl1643,fun,2057,FALSE,Japanese
stan1295,elegant,2055,TRUE,German
stan1288,slap,2054,FALSE,Spanish
lati1261,inferior,2053,FALSE,Latin
stan1288,trust,2053,FALSE,Spanish
stan1295,gay,2053,TRUE,German
stan1288,prepare,2050,TRUE,Spanish
viet1252,ran,2047,FALSE,Vietnamese
nucl1643,shin,2045,FALSE,Japanese
roma1327,verb,2043,TRUE,Romanian
stan1290,extraction,2043,TRUE,French
stan1290,passive,2043,FALSE,French
ital1282,sue,2041,FALSE,Italian
lati1261,corona,2041,TRUE,Latin
stan1288,flexible,2040,TRUE,Spanish
stan1288,drag,2038,TRUE,Spanish
lati1261,moderate,2037,FALSE,Latin
stan1288,miss,2036,FALSE,Spanish
stan1290,consumer,2036,FALSE,French
stan1290,suggestion,2034,TRUE,French
wels1247,call,2033,FALSE,Welsh
stan1290,client,2032,TRUE,French
wels1247,sail,2032,FALSE,Welsh
afri1274,loop,2030,FALSE,Afrikaans
stan1290,payable,2025,TRUE,French
stan1290,vile,2024,FALSE,French
stan1288,unite,2023,FALSE,Spanish
viet1252,ship,2023,TRUE,Vietnamese
wels1247,does,2023,FALSE,Welsh
stan1295,lame,2021,FALSE,German
stan1290,illusion,2018,TRUE,French
stan1290,cricket,2017,TRUE,French
stan1288,private,2015,FALSE,Spanish
stan1295,frequent,2015,TRUE,German
stan1288,ate,2014,FALSE,Spanish
stan1290,relative,2013,TRUE,French
stan1290,ace,2012,TRUE,French
stan1290,introduction,2012,TRUE,French
stan1290,soap,2012,TRUE,French
ital1282,grave,2010,TRUE,Italian
mand1415,duo,2010,FALSE,Mandarin Chinese
stan1288,solar,2008,TRUE,Spanish
stan1290,bicycle,2008,TRUE,French
stan1290,reporter,2008,TRUE,French
scot1243,wife,2000,TRUE,Scots
stan1288,performance,2000,TRUE,Spanish
stan1290,procession,2000,TRUE,French
stan1288,cloud,1999,TRUE,Spanish
stan1290,rugby,1998,TRUE,French
port1283,pay,1997,FALSE,Portuguese
stan1290,contradiction,1997,TRUE,French
stan1290,distinct,1997,TRUE,French
stan1290,pages,1997,FALSE,French
stan1290,sus,1997,TRUE,French
stan1290,rival,1996,TRUE,French
stan1290,waters,1996,TRUE,French
stan1290,ample,1995,TRUE,French
stan1290,arrogant,1994,TRUE,French
lati1261,genera,1992,FALSE,Latin
stan1290,partition,1992,TRUE,French
stan1295,offensive,1991,TRUE,German
stan1288,golf,1990,TRUE,Spanish
stan1290,gate,1989,FALSE,French
stan1290,mile,1989,TRUE,French
port1283,cover,1988,TRUE,Portuguese
stan1288,mixture,1988,FALSE,Spanish
stan1295,permanent,1986,TRUE,German
lati1261,vie,1985,FALSE,Latin
lati1261,active,1984,FALSE,Latin
stan1290,permit,1984,TRUE,French
stan1290,taxi,1984,TRUE,French
lati1261,examine,1983,FALSE,Latin
stan1290,exam,1982,FALSE,French
wels1247,union,1982,FALSE,Welsh
stan1290,cutter,1981,TRUE,French
stan1288,perfume,1980,TRUE,Spanish
stan1288,peculiar,1976,TRUE,Spanish
stan1290,oral,1976,TRUE,French
port1283,country,1973,TRUE,Portuguese
wels1247,taro,1972,TRUE,Welsh
port1283,show,1971,TRUE,Portuguese
stan1290,compact,1971,TRUE,French
stan1290,quarters,1971,TRUE,French
dutc1256,fit,1970,TRUE,Dutch
lati1261,negative,1968,FALSE,Latin
stan1295,queer,1966,TRUE,German
poli1260,point,1964,FALSE,Polish
port1283,metal,1964,TRUE,Portuguese
stan1290,lunch,1960,TRUE,French
stan1295,tote,1960,FALSE,German
stan1290,affliction,1957,TRUE,French
stan1290,pirate,1955,TRUE,French
stan1290,tunnel,1955,TRUE,French
lati1261,native,1954,FALSE,Latin
stan1290,cars,1954,FALSE,French
stan1290,chic,1954,TRUE,French
stan1290,normal,1954,TRUE,French
hung1274,part,1953,FALSE,Hungarian
stan1288,sensible,1953,TRUE,Spanish
stan1290,hop,1953,FALSE,French
stan1290,travelling,1953,TRUE,French
stan1290,urine,1953,TRUE,French
ital1282,late,1952,FALSE,Italian
ital1282,color,1951,FALSE,Italian
stan1290,muscles,1950,FALSE,French
stan1288,tap,1949,TRUE,Spanish
stan1290,passing,1949,TRUE,French
stan1295,relative,1949,FALSE,German
wels1247,min,1949,FALSE,Welsh
ital1282,pace,1948,FALSE,Italian
ital1282,peso,1948,TRUE,Italian
stan1288,vertical,1943,TRUE,Spanish
stan1290,cargo,1943,TRUE,French
czec1258,had,1940,FALSE,Czech
stan1288,flash,1940,TRUE,Spanish
ital1282,rare,1938,FALSE,Italian
mand1415,cheap,1937,TRUE,Mandarin Chinese
lati1261,denotes,1936,FALSE,Latin
stan1290,apparent,1936,TRUE,French
stan1290,dune,1935,TRUE,French
nucl1301,can,1934,FALSE,Turkish
stan1288,standing,1933,TRUE,Spanish
stan1290,excursion,1933,TRUE,French
stan1290,stress,1933,TRUE,French
stan1288,feeling,1932,TRUE,Spanish
stan1290,gland,1932,FALSE,French
stan1290,sales,1932,FALSE,French
lati1261,ride,1931,FALSE,Latin
port1283,top,1931,TRUE,Portuguese
stan1290,holding,1931,TRUE,French
stan1290,cell,1930,FALSE,French
stan1288,corona,1929,TRUE,Spanish
stan1290,conjecture,1929,TRUE,French
stan1290,vacant,1929,TRUE,French
stan1290,rut,1927,TRUE,French
olde1238,are,1926,FALSE,Old English (ca. 450-1100)
stan1288,shock,1926,FALSE,Spanish
stan1290,innocence,1926,FALSE,French
ital1282,shake,1925,FALSE,Italian
stan1290,motive,1925,FALSE,French
stan1288,scratch,1924,TRUE,Spanish
stan1288,gang,1923,TRUE,Spanish
stan1290,dessert,1922,TRUE,French
stan1290,projection,1921,TRUE,French
stan1290,tables,1919,FALSE,French
mand1415,pie,1918,FALSE,Mandarin Chinese
stan1295,hasten,1918,FALSE,German
stan1290,municipal,1917,TRUE,French
stan1290,menace,1916,TRUE,French
stan1290,relate,1916,FALSE,French
dani1285,ham,1913,FALSE,Danish
stan1290,maximum,1911,TRUE,French
stan1290,stout,1911,TRUE,French
stan1290,draft,1910,TRUE,French
stan1290,posture,1910,TRUE,French
stan1290,venue,1910,FALSE,French
poli1260,show,1909,TRUE,Polish
hung1274,hang,1908,FALSE,Hungarian
port1283,comer,1908,FALSE,Portuguese
stan1290,dose,1908,TRUE,French
stan1290,fragment,1908,TRUE,French
ital1282,base,1907,TRUE,Italian
roma1327,informal,1907,TRUE,Romanian
scot1243,folk,1906,FALSE,Scots
stan1288,sonar,1906,TRUE,Spanish
stan1290,wrap,1904,TRUE,French
stan1288,tile,1898,FALSE,Spanish
mand1415,bang,1897,FALSE,Mandarin Chinese
mand1415,link,1897,TRUE,Mandarin Chinese
stan1290,compose,1895,TRUE,French
stan1290,tiers,1895,FALSE,French
stan1290,oblige,1889,TRUE,French
dutc1256,post,1888,TRUE,Dutch
port1283,fine,1888,FALSE,Portuguese
stan1290,expressions,1888,FALSE,French
stan1290,vertical,1888,TRUE,French
mand1415,ser,1887,FALSE,Mandarin Chinese
stan1290,membrane,1886,TRUE,French
lati1261,credit,1885,FALSE,Latin
stan1295,locker,1885,FALSE,German
stan1295,genuine,1884,FALSE,German
ital1282,sale,1883,TRUE,Italian
stan1290,dormant,1883,TRUE,French
stan1290,suspicion,1881,TRUE,French
stan1290,rogue,1880,TRUE,French
stan1290,allusion,1879,TRUE,French
stan1290,computer,1878,FALSE,French
stan1290,won,1877,TRUE,French
stan1288,pastel,1876,TRUE,Spanish
poli1260,full,1873,FALSE,Polish
ital1282,latte,1868,FALSE,Italian
stan1290,brick,1868,FALSE,French
stan1290,tact,1866,TRUE,French
stan1290,litre,1865,TRUE,French
nucl1643,tan,1863,FALSE,Japanese
ital1282,vile,1862,TRUE,Italian
stan1290,amusement,1862,TRUE,French
olde1238,land,1861,TRUE,Old English (ca. 450-1100)
stan1290,gang,1861,TRUE,French
stan1290,transparent,1861,TRUE,French
stan1288,gay,1860,TRUE,Spanish
stan1290,basin,1860,FALSE,French
stan1290,communion,1860,TRUE,French
hung1274,old,1858,FALSE,Hungarian
stan1290,fraction,1858,TRUE,French
stan1295,ideal,1857,TRUE,German
dutc1256,air,1856,FALSE,Dutch
iris1253,let,1856,FALSE,Irish
stan1290,bills,1856,FALSE,French
stan1290,incline,1856,FALSE,French
stan1288,series,1853,FALSE,Spanish
stan1290,bacon,1852,TRUE,French
stan1290,invite,1852,TRUE,French
stan1288,grape,1851,FALSE,Spanish
czec1258,place,1848,TRUE,Czech
stan1290,analyse,1848,TRUE,French
scot1243,days,1847,TRUE,Scots
swed1254,part,1847,TRUE,Swedish
ital1282,figure,1844,TRUE,Italian
stan1288,transfer,1842,TRUE,Spanish
viet1252,sun,1842,FALSE,Vietnamese
iris1253,hair,1841,FALSE,Irish
lati1261,clamor,1841,TRUE,Latin
stan1295,malt,1841,FALSE,German
stan1288,stream,1840,TRUE,Spanish
lati1261,provide,1839,FALSE,Latin
dutc1256,band,1838,TRUE,Dutch
stan1288,funeral,1838,TRUE,Spanish
stan1290,brand,1838,FALSE,French
stan1290,collision,1838,TRUE,French
scot1245,com,1836,FALSE,Scottish Gaelic
stan1290,labourer,1836,FALSE,French
ital1282,salute,1835,FALSE,Italian
port1283,strike,1834,TRUE,Portuguese
stan1290,exploit,1834,TRUE,French
lati1261,servant,1833,FALSE,Latin
stan1290,boom,1833,TRUE,French
stan1290,conception,1832,TRUE,French
stan1290,profits,1832,TRUE,French
dutc1256,made,1831,FALSE,Dutch
stan1290,tackle,1831,FALSE,French
port1283,stop,1828,TRUE,Portuguese
stan1288,universal,1828,TRUE,Spanish
nucl1643,hen,1827,FALSE,Japanese
poli1260,ale,1827,TRUE,Polish
stan1288,excite,1826,TRUE,Spanish
stan1290,combine,1826,TRUE,French
stan1288,anal,1824,TRUE,Spanish
stan1290,cadre,1822,TRUE,French
stan1290,habitation,1822,TRUE,French
stan1290,surplus,1821,TRUE,French
stan1290,attraction,1820,TRUE,French
stan1306,boat,1820,FALSE,Standard Malay
stan1290,tremble,1819,TRUE,French
stan1290,bin,1816,TRUE,French
stan1290,singer,1816,TRUE,French
poli1260,country,1815,TRUE,Polish
port1283,vulgar,1813,TRUE,Portuguese
stan1290,amuse,1812,TRUE,French
port1283,live,1811,TRUE,Portuguese
stan1290,puzzle,1811,TRUE,French
stan1290,zoo,1811,TRUE,French
lati1261,came,1810,FALSE,Latin
stan1288,cure,1810,TRUE,Spanish
stan1290,session,1808,TRUE,French
stan1290,spiral,1808,TRUE,French
stan1290,errant,1807,TRUE,French
stan1290,contribution,1806,TRUE,French
stan1290,organisation,1806,TRUE,French
stan1290,troubles,1806,FALSE,French
stan1290,sermon,1805,TRUE,French
stan1288,pasta,1804,TRUE,Spanish
stan1288,notable,1803,TRUE,Spanish
stan1295,valid,1802,TRUE,German
lati1261,fiat,1801,TRUE,Latin
stan1290,articulation,1801,TRUE,French
stan1290,nerves,1801,FALSE,French
stan1290,penalty,1801,TRUE,French
wels1247,dry,1801,FALSE,Welsh
port1283,does,1798,FALSE,Portuguese
stan1290,mob,1798,FALSE,French
lati1261,tandem,1795,FALSE,Latin
stan1288,ships,1795,FALSE,Spanish
wels1247,did,1795,FALSE,Welsh
lati1261,data,1794,FALSE,Latin
lati1261,unite,1793,FALSE,Latin
stan1290,acute,1793,TRUE,French
lati1261,mane,1791,FALSE,Latin
stan1288,leader,1791,FALSE,Spanish
stan1290,rocket,1791,TRUE,French
iris1253,fine,1790,FALSE,Irish
stan1290,bourgeois,1790,TRUE,French
stan1290,conviction,1789,TRUE,French
stan1290,restriction,1789,TRUE,French
lati1261,neat,1787,FALSE,Latin
port1283,par,1787,TRUE,Portuguese
stan1290,argue,1787,TRUE,French
dutc1256,wet,1786,FALSE,Dutch
penn1240,was,1786,FALSE,Pennsylvania German
stan1290,servants,1786,FALSE,French
iris1253,son,1782,FALSE,Irish
stan1290,kid,1782,TRUE,French
stan1288,medicinal,1781,TRUE,Spanish
stan1290,rotation,1779,TRUE,French
stan1295,brave,1779,FALSE,German
stan1295,leak,1778,FALSE,German
lati1261,vice,1776,FALSE,Latin
stan1288,vocal,1776,FALSE,Spanish
ital1282,stanza,1774,TRUE,Italian
stan1290,excellence,1774,TRUE,French
stan1290,relax,1773,FALSE,French
stan1290,refrain,1771,TRUE,French
stan1295,pastoral,1771,TRUE,German
stan1290,cancer,1770,TRUE,French
stan1290,establishment,1770,TRUE,French
stan1290,honorable,1770,TRUE,French
stan1295,sexual,1770,TRUE,German
lati1261,rude,1769,FALSE,Latin
stan1290,groove,1769,TRUE,French
swed1254,like,1769,FALSE,Swedish
stan1288,dancing,1767,FALSE,Spanish
stan1290,stands,1767,FALSE,French
lati1261,extent,1764,FALSE,Latin
lati1261,consume,1763,FALSE,Latin
stan1288,teacher,1762,FALSE,Spanish
viet1252,sin,1761,TRUE,Vietnamese
stan1290,garage,1760,TRUE,French
stan1290,inverse,1760,TRUE,French
stan1290,pressing,1758,FALSE,French
nucl1643,won,1757,FALSE,Japanese
stan1288,divine,1757,FALSE,Spanish
stan1290,automobile,1755,TRUE,French
lati1261,formula,1753,TRUE,Latin
stan1290,mite,1753,TRUE,French
stan1290,rite,1753,TRUE,French
stan1290,trench,1753,TRUE,French
wels1247,dawn,1753,FALSE,Welsh
nucl1643,tame,1752,FALSE,Japanese
port1283,makes,1752,FALSE,Portuguese
lati1261,pale,1751,FALSE,Latin
ital1282,job,1749,TRUE,Italian
stan1290,indication,1749,TRUE,French
stan1290,olive,1749,TRUE,French
ital1282,tale,1748,FALSE,Italian
lati1261,area,1747,FALSE,Latin
stan1290,hue,1747,FALSE,French
stan1290,miracle,1746,TRUE,French
stan1295,ham,1746,FALSE,German
scot1243,gang,1745,FALSE,Scots
stan1290,hazard,1745,FALSE,French
stan1290,promotion,1745,TRUE,French
stan1290,compare,1744,TRUE,French
stan1290,bronze,1743,TRUE,French
stan1290,stocks,1743,TRUE,French
stan1290,terrier,1743,TRUE,French
stan1290,ballot,1742,FALSE,French
stan1290,sublime,1742,TRUE,French
stan1290,loyal,1741,TRUE,French
lati1261,ice,1740,FALSE,Latin
nucl1301,name,1740,FALSE,Turkish
lati1261,clam,1739,FALSE,Latin
stan1290,rampant,1738,TRUE,French
stan1288,looks,1737,FALSE,Spanish
stan1290,location,1737,FALSE,French
poli1260,stop,1736,TRUE,Polish
stan1290,impatience,1736,TRUE,French
stan1290,version,1736,TRUE,French
stan1288,lies,1735,FALSE,Spanish
stan1290,random,1734,TRUE,French
poli1260,sit,1733,FALSE,Polish
ital1282,dice,1732,FALSE,Italian
lati1261,villa,1731,TRUE,Latin
stan1290,raid,1730,TRUE,French
stan1290,routine,1730,TRUE,French
mand1415,argue,1727,TRUE,Mandarin Chinese
stan1288,sorry,1727,TRUE,Spanish
stan1290,inflexible,1727,TRUE,French
ital1282,card,1726,TRUE,Italian
stan1295,fad,1725,FALSE,German
viet1252,loan,1725,FALSE,Vietnamese
viet1252,hen,1724,FALSE,Vietnamese
poli1260,cover,1723,TRUE,Polish
stan1290,prose,1723,TRUE,French
ital1282,fame,1722,TRUE,Italian
mand1415,nun,1722,FALSE,Mandarin Chinese
stan1290,dragon,1722,TRUE,French
lati1261,apes,1721,FALSE,Latin
lati1261,refuse,1721,FALSE,Latin
stan1290,stars,1720,FALSE,French
stan1295,hinder,1720,TRUE,German
taga1270,way,1719,FALSE,Tagalog
dutc1256,love,1718,FALSE,Dutch
poli1260,body,1716,FALSE,Polish
scot1245,long,1715,FALSE,Scottish Gaelic
stan1288,link,1715,TRUE,Spanish
stan1290,gaze,1715,FALSE,French
finn1318,sit,1714,FALSE,Finnish
stan1290,blond,1713,TRUE,French
port1283,superior,1711,TRUE,Portuguese
wels1247,cant,1711,FALSE,Welsh
stan1290,propose,1709,TRUE,French
stan1290,profitable,1708,TRUE,French
hung1274,hold,1706,FALSE,Hungarian
lati1261,dice,1706,FALSE,Latin
poli1260,car,1706,FALSE,Polish
stan1290,smoking,1706,FALSE,French
ital1282,desire,1704,TRUE,Italian
roma1327,country,1704,TRUE,Romanian
stan1290,abuser,1704,FALSE,French
stan1290,catalogue,1704,TRUE,French
stan1290,fracture,1704,TRUE,French
dutc1256,tree,1703,FALSE,Dutch
port1283,force,1702,TRUE,Portuguese
port1283,principal,1702,TRUE,Portuguese
ital1282,stock,1701,TRUE,Italian
port1283,mas,1700,FALSE,Portuguese
stan1288,individual,1699,TRUE,Spanish
hung1274,stand,1698,TRUE,Hungarian
lati1261,sue,1698,FALSE,Latin
stan1288,postal,1698,TRUE,Spanish
indo1316,order,1697,TRUE,Standard Indonesian
stan1288,crush,1696,TRUE,Spanish
stan1290,skip,1695,TRUE,French
stan1290,verdict,1695,TRUE,French
stan1290,pivot,1694,TRUE,French
stan1290,profane,1694,TRUE,French
afri1274,trek,1693,FALSE,Afrikaans
lati1261,des,1693,FALSE,Latin
lati1261,video,1693,FALSE,Latin
stan1288,variable,1693,TRUE,Spanish
swed1254,set,1692,TRUE,Swedish
roma1327,order,1690,TRUE,Romanian
stan1288,centre,1690,TRUE,Spanish
port1283,pop,1689,TRUE,Portuguese
stan1290,machines,1688,FALSE,French
lati1261,terror,1687,TRUE,Latin
mand1415,sales,1687,FALSE,Mandarin Chinese
stan1290,rural,1687,TRUE,French
nucl1643,piano,1686,FALSE,Japanese
stan1290,probable,1686,TRUE,French
stan1288,pace,1685,FALSE,Spanish
stan1290,conserve,1685,TRUE,French
stan1295,thumb,1685,FALSE,German
wels1247,aid,1683,FALSE,Welsh
stan1290,crash,1682,TRUE,French
stan1288,naval,1680,TRUE,Spanish
ital1282,meeting,1679,TRUE,Italian
ital1282,delta,1677,TRUE,Italian
stan1290,exhibition,1677,TRUE,French
stan1288,vote,1676,TRUE,Spanish
stan1290,parasite,1675,TRUE,French
stan1290,trail,1674,TRUE,French
port1283,general,1673,TRUE,Portuguese
stan1290,cachet,1673,FALSE,French
stan1290,vents,1673,FALSE,French
dutc1256,boom,1671,TRUE,Dutch
hung1274,fog,1671,FALSE,Hungarian
stan1290,sculpture,1670,TRUE,French
port1283,night,1669,FALSE,Portuguese
stan1288,swing,1668,TRUE,Spanish
stan1290,mole,1668,TRUE,French
ital1282,opera,1667,TRUE,Italian
port1283,regular,1667,TRUE,Portuguese
stan1288,center,1667,TRUE,Spanish
stan1288,cheque,1667,TRUE,Spanish
stan1290,goal,1666,FALSE,French
stan1288,soy,1664,FALSE,Spanish
stan1290,suicide,1664,TRUE,French
stan1295,hero,1664,FALSE,German
dutc1256,name,1663,TRUE,Dutch
lati1261,inanimate,1662,FALSE,Latin
stan1290,triangle,1661,TRUE,French
stan1295,bass,1661,TRUE,German
stan1295,fatal,1660,TRUE,German
ital1282,slip,1658,FALSE,Italian
stan1290,inflammation,1658,TRUE,French
scot1243,better,1656,TRUE,Scots
afri1274,land,1654,TRUE,Afrikaans
lati1261,fines,1652,FALSE,Latin
mand1415,gentleman,1651,FALSE,Mandarin Chinese
dutc1256,ment,1650,FALSE,Dutch
stan1290,corporation,1650,TRUE,French
wels1247,win,1650,FALSE,Welsh
scot1245,bad,1649,FALSE,Scottish Gaelic
stan1295,rural,1649,TRUE,German
lati1261,statue,1648,FALSE,Latin
stan1290,dare,1648,FALSE,French
nucl1643,dare,1646,FALSE,Japanese
stan1290,miles,1646,FALSE,French
lati1261,abs,1645,FALSE,Latin
stan1288,soul,1645,TRUE,Spanish
stan1290,whisky,1645,TRUE,French
dutc1256,trade,1644,FALSE,Dutch
poli1260,pan,1644,FALSE,Polish
stan1288,horrible,1644,TRUE,Spanish
lati1261,aura,1643,FALSE,Latin
port1283,real,1643,TRUE,Portuguese
stan1290,primer,1642,FALSE,French
stan1290,attire,1641,FALSE,French
stan1290,conversion,1640,TRUE,French
stan1290,immense,1640,TRUE,French
stan1290,instructions,1640,TRUE,French
mand1415,status,1639,TRUE,Mandarin Chinese
stan1290,wedge,1639,TRUE,French
stan1290,sleeping,1638,TRUE,French
stan1290,fable,1637,TRUE,French
stan1288,tale,1635,FALSE,Spanish
stan1290,citation,1635,TRUE,French
stan1290,surveillance,1635,TRUE,French
dutc1256,age,1634,FALSE,Dutch
stan1290,lieutenant,1634,TRUE,French
stan1288,rights,1633,FALSE,Spanish
stan1288,smart,1633,TRUE,Spanish
hung1274,tart,1632,FALSE,Hungarian
ital1282,spread,1632,FALSE,Italian
stan1288,lid,1632,FALSE,Spanish
stan1290,purge,1631,FALSE,French
stan1290,regain,1631,FALSE,French
stan1290,solitude,1630,TRUE,French
stan1288,manual,1629,TRUE,Spanish
dutc1256,beat,1628,TRUE,Dutch
mand1415,ham,1628,FALSE,Mandarin Chinese
stan1288,protector,1628,TRUE,Spanish
stan1290,option,1628,TRUE,French
afri1274,set,1627,FALSE,Afrikaans
lati1261,base,1626,TRUE,Latin
stan1290,satin,1626,TRUE,French
scot1243,speak,1625,TRUE,Scots
stan1290,nasal,1625,TRUE,French
lati1261,bono,1624,FALSE,Latin
scot1243,mind,1624,TRUE,Scots
stan1290,tentative,1624,FALSE,French
stan1288,extreme,1623,FALSE,Spanish
stan1290,figurative,1623,FALSE,French
stan1290,queer,1623,TRUE,French
stan1288,corral,1622,TRUE,Spanish
stan1290,brandy,1622,TRUE,French
stan1288,taller,1621,FALSE,Spanish
stan1290,champion,1620,TRUE,French
iris1253,hard,1619,FALSE,Irish
lati1261,practice,1619,FALSE,Latin
stan1290,lands,1619,FALSE,French
ital1282,metal,1618,TRUE,Italian
stan1290,revenue,1618,FALSE,French
mand1415,chop,1617,TRUE,Mandarin Chinese
stan1290,attorney,1616,TRUE,French
stan1290,sabre,1616,TRUE,French
lati1261,mode,1615,TRUE,Latin
stan1290,discount,1615,TRUE,French
stan1290,tradition,1615,TRUE,French
stan1290,arrogance,1614,TRUE,French
stan1290,grimace,1614,TRUE,French
mand1415,rang,1613,FALSE,Mandarin Chinese
stan1290,turbulent,1613,TRUE,French
stan1290,buffet,1612,TRUE,French
stan1290,postal,1612,TRUE,French
ital1282,false,1611,TRUE,Italian
lati1261,persona,1611,FALSE,Latin
stan1290,cube,1611,TRUE,French
scot1243,think,1609,TRUE,Scots
lati1261,tenet,1608,FALSE,Latin
stan1290,racket,1608,TRUE,French
nucl1301,son,1607,FALSE,Turkish
stan1290,melon,1607,TRUE,French
ital1282,chance,1606,TRUE,Italian
stan1295,vital,1606,TRUE,German
stan1290,carnage,1605,TRUE,French
ital1282,rate,1604,FALSE,Italian
stan1288,wrap,1604,TRUE,Spanish
stan1290,formidable,1604,FALSE,French
stan1288,mango,1603,TRUE,Spanish
scot1243,best,1601,FALSE,Scots
stan1288,sexual,1601,TRUE,Spanish
stan1290,marks,1600,FALSE,French
stan1295,manifest,1600,TRUE,German
dutc1256,paper,1599,TRUE,Dutch
stan1288,manager,1599,FALSE,Spanish
wels1247,lawn,1599,FALSE,Welsh
ital1282,serve,1597,FALSE,Italian
stan1288,din,1597,FALSE,Spanish
stan1290,fragile,1597,TRUE,French
stan1288,bully,1596,TRUE,Spanish
stan1290,causes,1596,FALSE,French
stan1290,cherry,1596,TRUE,French
stan1290,endure,1596,TRUE,French
stan1290,senior,1596,TRUE,French
scot1243,air,1595,TRUE,Scots
dutc1256,want,1593,FALSE,Dutch
ital1282,pipe,1593,TRUE,Italian
port1283,game,1593,TRUE,Portuguese
stan1288,delivery,1593,TRUE,Spanish
stan1295,sang,1593,FALSE,German
lati1261,pile,1592,FALSE,Latin
port1283,saber,1591,FALSE,Portuguese
stan1290,cases,1591,FALSE,French
stan1290,chances,1591,FALSE,French
stan1295,matte,1591,FALSE,German
stan1290,muse,1590,TRUE,French
stan1290,choke,1589,FALSE,French
stan1295,disperse,1588,FALSE,German
stan1290,estimation,1587,TRUE,French
swed1254,rid,1585,TRUE,Swedish
stan1290,inspiration,1584,TRUE,French
icel1247,pat,1583,FALSE,Icelandic
stan1288,games,1583,FALSE,Spanish
stan1290,docile,1582,TRUE,French
stan1290,pave,1582,TRUE,French
port1283,age,1581,FALSE,Portuguese
stan1290,devise,1581,FALSE,French
stan1290,surgeon,1581,FALSE,French
stan1288,active,1580,FALSE,Spanish
lati1261,capita,1578,FALSE,Latin
stan1290,adapter,1578,FALSE,French
port1283,dog,1577,FALSE,Portuguese
scot1243,seen,1577,FALSE,Scots
stan1290,servitude,1577,TRUE,French
ital1282,lord,1576,TRUE,Italian
stan1290,rails,1576,TRUE,French
stan1290,supplies,1576,FALSE,French
stan1295,illegal,1576,TRUE,German
stan1295,packet,1576,FALSE,German
port1283,particular,1575,TRUE,Portuguese
stan1290,accuse,1574,TRUE,French
stan1290,roses,1571,FALSE,French
stan1288,poison,1570,TRUE,Spanish
stan1288,terror,1570,TRUE,Spanish
stan1290,minimum,1570,TRUE,French
stan1288,tackle,1569,TRUE,Spanish
viet1252,lung,1569,FALSE,Vietnamese
stan1288,favorable,1568,TRUE,Spanish
stan1288,inspector,1568,TRUE,Spanish
stan1290,violation,1568,TRUE,French
stan1290,cache,1567,TRUE,French
stan1290,respiration,1566,TRUE,French
stan1290,verbal,1566,TRUE,French
lati1261,libido,1565,TRUE,Latin
stan1290,fibre,1565,TRUE,French
stan1290,phase,1565,TRUE,French
dutc1256,box,1563,TRUE,Dutch
lati1261,relate,1562,FALSE,Latin
stan1290,artisan,1561,TRUE,French
indo1316,had,1560,FALSE,Standard Indonesian
stan1288,superficial,1560,TRUE,Spanish
stan1290,casting,1560,TRUE,French
stan1290,violet,1560,TRUE,French
lati1261,credo,1559,FALSE,Latin
mand1415,jam,1559,TRUE,Mandarin Chinese
stan1290,hostile,1559,TRUE,French
stan1290,data,1558,TRUE,French
stan1295,planet,1558,TRUE,German
poli1260,lot,1557,FALSE,Polish
port1283,base,1557,TRUE,Portuguese
stan1290,diversion,1557,TRUE,French
stan1290,obstruction,1557,TRUE,French
ital1282,gusto,1554,TRUE,Italian
lati1261,torture,1554,FALSE,Latin
stan1295,doll,1554,FALSE,German
poli1260,land,1551,FALSE,Polish
port1283,tar,1551,TRUE,Portuguese
scot1243,note,1549,FALSE,Scots
stan1288,tumor,1549,TRUE,Spanish
stan1290,chatter,1549,FALSE,French
stan1290,tag,1549,TRUE,French
dutc1256,does,1548,FALSE,Dutch
stan1295,invalid,1548,TRUE,German
stan1288,abuse,1547,TRUE,Spanish
ital1282,nature,1546,TRUE,Italian
ital1282,test,1546,TRUE,Italian
dutc1256,wit,1545,FALSE,Dutch
stan1295,fashionable,1544,TRUE,German
stan1288,censure,1543,TRUE,Spanish
stan1290,acre,1542,TRUE,French
lati1261,solo,1541,FALSE,Latin
stan1288,motive,1540,FALSE,Spanish
wels1247,gold,1540,FALSE,Welsh
ital1282,city,1539,TRUE,Italian
stan1290,indignation,1538,TRUE,French
czec1258,text,1537,TRUE,Czech
stan1288,rob,1537,FALSE,Spanish
stan1290,sanction,1537,TRUE,French
ital1282,neck,1536,TRUE,Italian
lati1261,silent,1536,FALSE,Latin
stan1290,manufacturer,1535,FALSE,French
wels1247,tail,1535,FALSE,Welsh
finn1318,house,1534,TRUE,Finnish
stan1288,oral,1533,TRUE,Spanish
icel1247,horn,1532,TRUE,Icelandic
stan1290,fusion,1532,TRUE,French
scot1243,death,1531,FALSE,Scots
lati1261,flat,1530,FALSE,Latin
stan1290,tee,1530,TRUE,French
dutc1256,body,1529,TRUE,Dutch
viet1252,ion,1529,TRUE,Vietnamese
dani1285,time,1528,TRUE,Danish
port1283,crime,1528,TRUE,Portuguese
stan1290,infect,1528,FALSE,French
ital1282,spot,1525,TRUE,Italian
scot1243,cat,1523,TRUE,Scots
swed1254,god,1522,FALSE,Swedish
stan1290,distraction,1521,TRUE,French
stan1288,trace,1520,TRUE,Spanish
stan1290,cork,1520,TRUE,French
dutc1256,show,1519,TRUE,Dutch
stan1290,intentions,1519,FALSE,French
wels1247,ban,1519,FALSE,Welsh
port1283,bum,1518,FALSE,Portuguese
stan1290,consume,1518,TRUE,French
dutc1256,arm,1517,TRUE,Dutch
poli1260,business,1517,FALSE,Polish
stan1290,capture,1517,TRUE,French
poli1260,lead,1516,TRUE,Polish
stan1290,bribe,1516,FALSE,French
lati1261,index,1515,TRUE,Latin
dutc1256,cast,1513,TRUE,Dutch
lati1261,odor,1512,TRUE,Latin
stan1290,lice,1512,FALSE,French
stan1295,neutral,1512,TRUE,German
swed1254,bar,1512,FALSE,Swedish
ital1282,living,1510,TRUE,Italian
stan1288,chin,1510,FALSE,Spanish
stan1290,flame,1510,FALSE,French
stan1288,actual,1509,TRUE,Spanish
swed1254,bet,1508,FALSE,Swedish
lati1261,liquor,1507,FALSE,Latin
poli1260,list,1506,TRUE,Polish
poli1260,lit,1506,FALSE,Polish
stan1290,fiction,1506,TRUE,French
mand1415,din,1505,FALSE,Mandarin Chinese
poli1260,live,1505,TRUE,Polish
lati1261,vote,1504,FALSE,Latin
indo1316,set,1502,TRUE,Standard Indonesian
olde1238,est,1502,FALSE,Old English (ca. 450-1100)
port1283,mesa,1502,TRUE,Portuguese
lati1261,descendant,1501,FALSE,Latin
port1283,van,1501,TRUE,Portuguese
stan1290,impatient,1500,TRUE,French
stan1290,installation,1500,TRUE,French
stan1295,troll,1500,TRUE,German
dutc1256,must,1499,TRUE,Dutch
lati1261,constant,1499,FALSE,Latin
stan1288,fundamental,1499,TRUE,Spanish
stan1290,pavement,1499,TRUE,French
stan1288,places,1498,FALSE,Spanish
stan1295,hinge,1498,FALSE,German
wels1247,bid,1498,FALSE,Welsh
czec1258,ice,1496,FALSE,Czech
hung1274,hat,1496,FALSE,Hungarian
lati1261,bees,1496,FALSE,Latin
lati1261,serpent,1496,FALSE,Latin
stan1290,fuse,1496,FALSE,French
stan1290,latitude,1496,TRUE,French
stan1290,scotch,1496,TRUE,French
wels1247,gig,1496,FALSE,Welsh
stan1288,golden,1495,FALSE,Spanish
viet1252,game,1495,FALSE,Vietnamese
stan1290,aptitude,1494,TRUE,French
stan1290,contour,1494,TRUE,French
scot1243,cam,1493,FALSE,Scots
stan1288,liar,1493,TRUE,Spanish
stan1290,infant,1493,TRUE,French
stan1290,panel,1493,TRUE,French
scot1243,came,1492,FALSE,Scots
stan1290,barge,1492,TRUE,French
afri1274,net,1490,FALSE,Afrikaans
stan1290,assassin,1490,TRUE,French
ital1282,pure,1488,FALSE,Italian
stan1288,fatigue,1488,TRUE,Spanish
stan1288,revolver,1488,FALSE,Spanish
stan1290,clash,1488,TRUE,French
stan1290,foie,1488,FALSE,French
stan1295,solar,1488,TRUE,German
stan1290,verses,1487,FALSE,French
stan1290,label,1486,TRUE,French
stan1290,revolver,1485,TRUE,French
roma1327,set,1484,TRUE,Romanian
stan1288,chip,1484,TRUE,Spanish
stan1288,rumor,1484,TRUE,Spanish
stan1290,web,1484,TRUE,French
ital1282,fate,1482,TRUE,Italian
wels1247,hurt,1482,FALSE,Welsh
nucl1643,hire,1481,FALSE,Japanese
stan1290,initial,1481,TRUE,French
swed1254,land,1481,TRUE,Swedish
dutc1256,talk,1480,FALSE,Dutch
swed1254,form,1479,TRUE,Swedish
afri1274,ring,1478,TRUE,Afrikaans
stan1288,decide,1478,TRUE,Spanish
stan1290,calibre,1478,TRUE,French
swed1254,ment,1477,FALSE,Swedish
stan1288,ace,1475,TRUE,Spanish
iris1253,art,1473,FALSE,Irish
lati1261,anus,1473,FALSE,Latin
wels1247,bore,1473,FALSE,Welsh
ital1282,divide,1472,FALSE,Italian
stan1288,oriental,1472,TRUE,Spanish
czec1258,sob,1471,FALSE,Czech
lati1261,tax,1470,FALSE,Latin
stan1288,lateral,1470,TRUE,Spanish
stan1290,steward,1470,TRUE,French
stan1290,cadence,1469,TRUE,French
stan1295,stricken,1469,FALSE,German
stan1288,papers,1468,FALSE,Spanish
stan1288,temporal,1468,TRUE,Spanish
stan1290,gray,1467,TRUE,French
lati1261,tale,1466,FALSE,Latin
port1283,charge,1466,FALSE,Portuguese
stan1288,gentleman,1465,TRUE,Spanish
swah1253,wake,1465,FALSE,Swahili
swed1254,house,1465,TRUE,Swedish
stan1288,cardinal,1464,TRUE,Spanish
stan1288,posterior,1464,TRUE,Spanish
stan1290,infection,1464,TRUE,French
stan1290,vomit,1462,TRUE,French
stan1290,zinc,1462,TRUE,French
stan1295,initial,1461,TRUE,German
stan1295,passive,1461,FALSE,German
stan1290,collapse,1460,FALSE,French
dutc1256,red,1459,FALSE,Dutch
stan1290,trains,1459,FALSE,French
ital1282,agreement,1458,TRUE,Italian
stan1290,missile,1458,TRUE,French
stan1290,scout,1458,TRUE,French
wels1247,post,1458,TRUE,Welsh
dutc1256,best,1457,TRUE,Dutch
dutc1256,mark,1457,TRUE,Dutch
hawa1245,papa,1457,FALSE,Hawaiian
stan1288,preserve,1457,TRUE,Spanish
stan1288,temple,1456,FALSE,Spanish
stan1290,charitable,1456,TRUE,French
stan1290,stool,1456,FALSE,French
ital1282,match,1455,TRUE,Italian
poli1260,war,1455,TRUE,Polish
stan1290,cordial,1455,TRUE,French
stan1290,expansion,1455,TRUE,French
ital1282,dispute,1454,TRUE,Italian
stan1290,continent,1454,TRUE,French
stan1290,exemption,1454,TRUE,French
lati1261,assent,1453,FALSE,Latin
stan1290,horizontal,1452,TRUE,French
stan1290,parking,1452,TRUE,French
ital1282,pale,1451,FALSE,Italian
sout1528,pod,1451,FALSE,Serbian-Croatian-Bosnian
czec1258,pal,1450,FALSE,Czech
lati1261,circus,1450,TRUE,Latin
lati1261,mini,1450,FALSE,Latin
stan1290,intervention,1448,TRUE,French
stan1306,lain,1448,FALSE,Standard Malay
iris1253,did,1446,FALSE,Irish
mand1415,gay,1446,TRUE,Mandarin Chinese
stan1290,boss,1446,TRUE,French
lati1261,canes,1445,FALSE,Latin
stan1290,banquet,1445,TRUE,French
stan1290,exploitation,1445,TRUE,French
stan1290,flush,1445,FALSE,French
stan1288,cent,1444,TRUE,Spanish
dutc1256,account,1443,FALSE,Dutch
stan1290,radical,1443,TRUE,French
stan1290,finance,1442,TRUE,French
stan1290,rave,1442,TRUE,French
mand1415,roller,1441,TRUE,Mandarin Chinese
stan1290,durable,1441,TRUE,French
finn1318,min,1440,TRUE,Finnish
stan1290,assure,1440,TRUE,French
hung1274,film,1439,TRUE,Hungarian
nucl1643,don,1439,FALSE,Japanese
stan1295,grille,1439,FALSE,German
poli1260,talk,1438,TRUE,Polish
stan1290,glacial,1438,TRUE,French
stan1290,intense,1438,TRUE,French
dutc1256,service,1437,TRUE,Dutch
lati1261,rate,1437,FALSE,Latin
stan1290,palace,1437,FALSE,French
dutc1256,chip,1434,TRUE,Dutch
stan1288,rural,1434,TRUE,Spanish
stan1290,perception,1434,TRUE,French
stan1295,super,1434,TRUE,German
czec1258,ale,1433,FALSE,Czech
scot1243,saw,1433,FALSE,Scots
stan1288,compare,1433,TRUE,Spanish
stan1290,affirmation,1433,TRUE,French
scot1245,son,1432,FALSE,Scottish Gaelic
stan1288,rules,1432,FALSE,Spanish
wels1247,led,1432,FALSE,Welsh
stan1290,publics,1431,FALSE,French
port1283,skin,1430,TRUE,Portuguese
stan1290,partial,1428,TRUE,French
stan1290,satellite,1428,TRUE,French
lati1261,boat,1427,FALSE,Latin
lati1261,urge,1426,FALSE,Latin
stan1288,led,1425,FALSE,Spanish
stan1288,rival,1425,TRUE,Spanish
stan1290,agriculture,1425,TRUE,French
stan1290,stud,1425,FALSE,French
stan1290,yards,1425,FALSE,French
port1283,drink,1424,FALSE,Portuguese
stan1290,agile,1424,TRUE,French
stan1290,homicide,1424,TRUE,French
stan1290,jade,1424,TRUE,French
roma1327,sport,1423,TRUE,Romanian
dutc1256,hoop,1422,FALSE,Dutch
port1283,drive,1422,TRUE,Portuguese
port1283,sail,1422,FALSE,Portuguese
stan1290,destination,1421,TRUE,French
stan1290,descend,1420,TRUE,French
stan1290,fart,1420,FALSE,French
stan1288,ladies,1419,FALSE,Spanish
stan1290,assemble,1419,TRUE,French
stan1290,confirmation,1419,TRUE,French
stan1290,likes,1419,FALSE,French
stan1295,tough,1419,FALSE,German
scot1243,gin,1418,FALSE,Scots
stan1290,dispense,1418,TRUE,French
stan1288,retail,1417,TRUE,Spanish
stan1290,concession,1417,TRUE,French
stan1290,fins,1417,FALSE,French
stan1288,boys,1416,FALSE,Spanish
stan1295,rite,1415,FALSE,German
stan1288,crisis,1414,TRUE,Spanish
stan1290,dominant,1414,TRUE,French
stan1288,canon,1413,TRUE,Spanish
nucl1643,den,1412,FALSE,Japanese
stan1290,consolation,1412,TRUE,French
stan1295,extravagant,1412,TRUE,German
stan1290,cluster,1411,TRUE,French
stan1290,attractive,1410,FALSE,French
stan1290,massacre,1410,TRUE,French
stan1290,injection,1408,TRUE,French
swed1254,dig,1408,FALSE,Swedish
lati1261,fate,1407,FALSE,Latin
stan1288,horror,1407,TRUE,Spanish
mand1415,charm,1406,FALSE,Mandarin Chinese
stan1290,spectre,1406,TRUE,French
stan1290,tonne,1406,TRUE,French
ital1282,bite,1404,FALSE,Italian
stan1288,coral,1403,TRUE,Spanish
stan1290,cottage,1403,TRUE,French
stan1290,sensitive,1403,TRUE,French
stan1290,cadet,1402,TRUE,French
stan1290,omission,1402,TRUE,French
wels1247,bell,1402,FALSE,Welsh
stan1290,pins,1401,FALSE,French
lati1261,moles,1399,FALSE,Latin
stan1290,convent,1399,TRUE,French
stan1290,footing,1399,FALSE,French
lati1261,relative,1398,FALSE,Latin
stan1290,reproduction,1398,TRUE,French
port1283,case,1397,FALSE,Portuguese
stan1288,pea,1397,FALSE,Spanish
dutc1256,vast,1396,FALSE,Dutch
stan1288,debate,1396,TRUE,Spanish
czec1258,part,1395,TRUE,Czech
lati1261,series,1395,FALSE,Latin
scot1243,add,1394,TRUE,Scots
stan1290,brigade,1394,TRUE,French
port1283,valor,1393,FALSE,Portuguese
stan1290,romance,1393,FALSE,French
swed1254,min,1393,FALSE,Swedish
port1283,era,1392,TRUE,Portuguese
stan1288,management,1392,TRUE,Spanish
maor1246,papa,1391,FALSE,Maori
stan1290,accommodation,1390,TRUE,French
stan1290,flu,1390,FALSE,French
stan1306,main,1390,FALSE,Standard Malay
yoru1245,fun,1390,FALSE,Yoruba
lati1261,pole,1388,FALSE,Latin
nucl1301,top,1388,FALSE,Turkish
stan1290,colon,1388,FALSE,French
stan1290,friction,1388,TRUE,French
minn1241,hoe,1387,FALSE,Min Nan Chinese
stan1295,wilder,1387,FALSE,German
wels1247,tin,1387,FALSE,Welsh
iris1253,dam,1385,FALSE,Irish
stan1295,random,1385,TRUE,German
indo1316,lain,1384,FALSE,Standard Indonesian
stan1290,malt,1384,TRUE,French
stan1295,premium,1384,TRUE,German
stan1290,augment,1383,TRUE,French
stan1290,bracelet,1383,TRUE,French
stan1290,pudding,1383,TRUE,French
wels1247,mon,1382,FALSE,Welsh
stan1290,festival,1380,TRUE,French
dutc1256,wrong,1379,FALSE,Dutch
lati1261,victor,1379,TRUE,Latin
stan1288,reserve,1379,TRUE,Spanish
stan1288,score,1379,TRUE,Spanish
stan1290,radar,1379,TRUE,French
stan1290,intact,1378,TRUE,French
esto1258,see,1377,FALSE,Estonian
stan1290,beach,1377,FALSE,French
nucl1643,wake,1376,FALSE,Japanese
stan1290,maintenance,1376,TRUE,French
stan1290,transaction,1375,TRUE,French
stan1290,votes,1375,FALSE,French
stan1295,transparent,1375,TRUE,German
lati1261,acute,1374,FALSE,Latin
nucl1643,hare,1374,FALSE,Japanese
lati1261,abuse,1372,FALSE,Latin
hung1274,ban,1371,FALSE,Hungarian
stan1290,ballast,1370,TRUE,French
stan1290,alcohol,1369,FALSE,French
czec1258,ion,1368,TRUE,Czech
ital1282,fan,1368,TRUE,Italian
stan1288,factor,1368,TRUE,Spanish
stan1290,spray,1367,TRUE,French
stan1288,flap,1365,TRUE,Spanish
stan1290,bouts,1365,FALSE,French
stan1290,languages,1365,FALSE,French
stan1288,polo,1364,TRUE,Spanish
stan1290,oriental,1364,TRUE,French
ital1282,lady,1363,TRUE,Italian
port1283,ring,1362,FALSE,Portuguese
stan1290,concurrent,1362,TRUE,French
lati1261,bone,1361,FALSE,Latin
lati1261,box,1361,FALSE,Latin
dutc1256,machine,1360,TRUE,Dutch
lati1261,murmur,1360,TRUE,Latin
port1283,peso,1360,TRUE,Portuguese
stan1288,oven,1360,FALSE,Spanish
stan1288,urge,1360,FALSE,Spanish
stan1290,confuse,1360,FALSE,French
scot1243,pit,1359,FALSE,Scots
stan1290,grenade,1359,TRUE,French
ital1282,crime,1358,TRUE,Italian
lati1261,apparatus,1358,FALSE,Latin
stan1288,inflexible,1358,TRUE,Spanish
stan1290,grotesque,1357,TRUE,French
stan1290,trading,1357,TRUE,French
stan1290,vigilant,1357,TRUE,French
dutc1256,bank,1355,TRUE,Dutch
lati1261,excuse,1355,FALSE,Latin
roma1327,house,1355,TRUE,Romanian
stan1290,traction,1355,TRUE,French
dutc1256,hen,1353,TRUE,Dutch
poli1260,dog,1353,FALSE,Polish
stan1290,ache,1353,FALSE,French
stan1290,spleen,1352,FALSE,French
stan1290,commotion,1351,TRUE,French
stan1290,jargon,1351,TRUE,French
roma1327,bun,1350,FALSE,Romanian
stan1290,apparition,1350,TRUE,French
stan1295,rival,1348,FALSE,German
viet1252,min,1348,FALSE,Vietnamese
nucl1643,ore,1347,FALSE,Japanese
port1283,pull,1347,TRUE,Portuguese
stan1290,alternative,1347,TRUE,French
lati1261,date,1346,FALSE,Latin
port1283,inferior,1346,TRUE,Portuguese
stan1290,vocation,1346,TRUE,French
ital1282,auto,1344,TRUE,Italian
lati1261,retro,1344,FALSE,Latin
stan1290,variation,1344,TRUE,French
stan1295,polar,1344,TRUE,German
stan1290,vital,1343,TRUE,French
stan1288,papa,1342,TRUE,Spanish
stan1295,prominent,1342,TRUE,German
stan1290,genres,1341,FALSE,French
stan1290,mater,1341,FALSE,French
indo1316,bad,1340,TRUE,Standard Indonesian
stan1288,municipal,1340,TRUE,Spanish
stan1290,investigation,1340,TRUE,French
afri1274,wind,1339,TRUE,Afrikaans
stan1290,notable,1337,TRUE,French
stan1290,acceptable,1336,TRUE,French
stan1290,colonel,1336,TRUE,French
stan1290,moustache,1336,TRUE,French
stan1290,ripe,1336,FALSE,French
stan1290,sorts,1336,FALSE,French
ital1282,produce,1334,FALSE,Italian
port1283,cruel,1334,TRUE,Portuguese
port1283,bar,1333,TRUE,Portuguese
stan1288,display,1333,TRUE,Spanish
stan1288,lunch,1333,TRUE,Spanish
stan1288,salsa,1333,TRUE,Spanish
stan1290,persuade,1332,TRUE,French
stan1295,flexible,1332,FALSE,German
sout1528,red,1330,FALSE,Serbian-Croatian-Bosnian
stan1288,guinea,1330,TRUE,Spanish
stan1288,coma,1329,TRUE,Spanish
stan1290,admirable,1328,TRUE,French
dutc1256,pot,1327,TRUE,Dutch
stan1290,extravagance,1327,TRUE,French
stan1290,gratitude,1327,TRUE,French
stan1290,import,1327,TRUE,French
lati1261,sore,1326,FALSE,Latin
stan1290,dense,1326,TRUE,French
stan1290,respects,1326,FALSE,French
olde1238,mon,1325,FALSE,Old English (ca. 450-1100)
stan1290,smash,1325,TRUE,French
stan1290,policeman,1324,TRUE,French
stan1290,respectable,1324,TRUE,French
dani1285,person,1323,TRUE,Danish
dutc1256,sail,1323,TRUE,Dutch
nucl1643,marine,1323,FALSE,Japanese
port1283,figure,1323,TRUE,Portuguese
stan1295,trans,1323,TRUE,German
poli1260,fit,1322,FALSE,Polish
stan1290,console,1322,TRUE,French
dani1285,sin,1321,FALSE,Danish
lati1261,emit,1321,FALSE,Latin
port1283,capital,1321,TRUE,Portuguese
stan1288,casual,1321,TRUE,Spanish
lati1261,semen,1320,TRUE,Latin
mand1415,cancer,1320,TRUE,Mandarin Chinese
lati1261,facto,1319,FALSE,Latin
stan1288,panel,1319,TRUE,Spanish
stan1290,excuses,1319,FALSE,French
stan1290,pub,1319,TRUE,French
lati1261,cave,1318,FALSE,Latin
stan1288,clip,1318,TRUE,Spanish
stan1288,rap,1316,TRUE,Spanish
stan1290,tome,1316,TRUE,French
stan1295,maritime,1316,FALSE,German
scot1243,spring,1315,TRUE,Scots
stan1290,dispenser,1315,FALSE,French
ital1282,hang,1314,FALSE,Italian
lati1261,furor,1313,FALSE,Latin
lati1261,ignorant,1313,FALSE,Latin
poli1260,start,1313,TRUE,Polish
dutc1256,shop,1311,TRUE,Dutch
ital1282,ride,1311,FALSE,Italian
stan1288,industrial,1311,TRUE,Spanish
ital1282,ale,1310,FALSE,Italian
stan1288,irritate,1309,TRUE,Spanish
dutc1256,punt,1308,FALSE,Dutch
stan1290,miniature,1308,TRUE,French
wels1247,pin,1308,TRUE,Welsh
swed1254,sport,1307,TRUE,Swedish
ital1282,est,1306,FALSE,Italian
port1283,civil,1306,TRUE,Portuguese
stan1288,fiscal,1306,TRUE,Spanish
stan1288,lunar,1306,TRUE,Spanish
stan1290,indulgent,1306,TRUE,French
port1283,box,1305,FALSE,Portuguese
wels1247,din,1305,FALSE,Welsh
iris1253,lit,1304,FALSE,Irish
stan1288,nuclear,1303,TRUE,Spanish
stan1290,confinement,1303,TRUE,French
stan1290,tons,1303,FALSE,French
port1283,sugar,1302,FALSE,Portuguese
wels1247,gall,1302,FALSE,Welsh
stan1290,offices,1300,FALSE,French
stan1295,brutal,1300,TRUE,German
stan1290,euros,1299,FALSE,French
stan1290,ratio,1299,TRUE,French
stan1290,baron,1298,TRUE,French
stan1290,descendant,1298,TRUE,French
stan1290,bachelor,1297,TRUE,French
stan1290,cessation,1297,TRUE,French
olde1238,had,1296,FALSE,Old English (ca. 450-1100)
poli1260,drink,1296,TRUE,Polish
stan1288,rigor,1296,TRUE,Spanish
stan1290,impartial,1296,TRUE,French
stan1290,interrogation,1296,TRUE,French
stan1290,saints,1296,FALSE,French
ital1282,rock,1294,TRUE,Italian
lati1261,salute,1294,FALSE,Latin
stan1290,arise,1294,FALSE,French
stan1290,uses,1294,FALSE,French
stan1295,defensive,1294,FALSE,German
lati1261,rite,1293,FALSE,Latin
stan1290,bob,1293,TRUE,French
lati1261,humor,1292,FALSE,Latin
port1283,note,1292,TRUE,Portuguese
stan1290,cassette,1292,TRUE,French
stan1290,dollar,1292,TRUE,French
stan1290,martial,1292,TRUE,French
stan1290,poster,1292,TRUE,French
stan1290,sample,1292,TRUE,French
taga1270,para,1292,FALSE,Tagalog
stan1290,exile,1291,FALSE,French
stan1290,instinct,1291,TRUE,French
lati1261,hem,1290,FALSE,Latin
lati1261,stem,1290,FALSE,Latin
stan1290,digestion,1290,TRUE,French
stan1290,offense,1290,TRUE,French
stan1288,horizontal,1289,TRUE,Spanish
stan1290,altitude,1289,TRUE,French
stan1290,encourage,1289,TRUE,French
stan1288,polite,1288,FALSE,Spanish
afri1274,dig,1287,FALSE,Afrikaans
icel1247,man,1287,FALSE,Icelandic
wels1247,try,1287,FALSE,Welsh
stan1288,brutal,1286,TRUE,Spanish
stan1290,fashionable,1286,TRUE,French
stan1290,tram,1286,TRUE,French
lati1261,imagine,1285,FALSE,Latin
stan1288,dip,1285,TRUE,Spanish
stan1290,acquisition,1285,TRUE,French
dani1285,band,1284,TRUE,Danish
swed1254,tion,1284,FALSE,Swedish
stan1290,ascension,1283,TRUE,French
stan1290,dine,1283,FALSE,French
swed1254,bad,1282,FALSE,Swedish
hung1274,ment,1281,FALSE,Hungarian
stan1290,scope,1281,FALSE,French
scot1243,winter,1280,TRUE,Scots
ital1282,scale,1278,TRUE,Italian
stan1288,patio,1278,TRUE,Spanish
dutc1256,cover,1277,TRUE,Dutch
stan1288,probable,1277,TRUE,Spanish
stan1290,blister,1277,TRUE,French
stan1288,sales,1276,FALSE,Spanish
stan1290,exorbitant,1276,TRUE,French
afri1274,letter,1275,TRUE,Afrikaans
dutc1256,week,1275,TRUE,Dutch
lati1261,attendant,1275,FALSE,Latin
poli1260,plan,1275,FALSE,Polish
stan1295,absent,1275,TRUE,German
lati1261,important,1274,FALSE,Latin
stan1290,tenure,1274,TRUE,French
stan1290,pore,1273,TRUE,French
stan1288,drama,1272,TRUE,Spanish
stan1290,perceptible,1271,TRUE,French
stan1290,underground,1271,TRUE,French
stan1290,variance,1271,TRUE,French
stan1295,gender,1271,FALSE,German
stan1288,considerable,1270,TRUE,Spanish
lati1261,sapiens,1269,FALSE,Latin
stan1295,staple,1269,FALSE,German
stan1288,fatal,1268,TRUE,Spanish
stan1290,cents,1268,FALSE,French
scot1243,girl,1267,FALSE,Scots
stan1290,plates,1267,FALSE,French
stan1290,supplier,1267,FALSE,French
dutc1256,begin,1266,TRUE,Dutch
nucl1643,bun,1266,FALSE,Japanese
stan1290,multiple,1266,TRUE,French
stan1290,lotion,1265,TRUE,French
swed1254,mat,1265,FALSE,Swedish
stan1290,justification,1264,TRUE,French
czec1258,mat,1263,FALSE,Czech
icel1247,bar,1263,TRUE,Icelandic
iris1253,min,1263,FALSE,Irish
dutc1256,stop,1262,TRUE,Dutch
stan1290,parachute,1262,TRUE,French
stan1288,pastor,1261,TRUE,Spanish
stan1290,satire,1261,TRUE,French
stan1290,interview,1260,TRUE,French
lati1261,domino,1259,FALSE,Latin
lati1261,interior,1259,FALSE,Latin
stan1290,mug,1259,FALSE,French
stan1290,portable,1259,TRUE,French
stan1288,figures,1258,FALSE,Spanish
stan1288,novel,1258,TRUE,Spanish
stan1290,microscope,1258,TRUE,French
wels1247,thin,1258,FALSE,Welsh
stan1290,adjectives,1257,FALSE,French
stan1290,vigilance,1256,TRUE,French
ital1282,tennis,1255,TRUE,Italian
poli1260,walk,1255,FALSE,Polish
stan1288,che,1254,FALSE,Spanish
ital1282,future,1253,FALSE,Italian
stan1290,contents,1253,FALSE,French
poli1260,post,1252,FALSE,Polish
stan1290,participation,1252,TRUE,French
stan1290,mature,1251,TRUE,French
swed1254,order,1251,TRUE,Swedish
czec1258,pole,1250,FALSE,Czech
dutc1256,blood,1250,FALSE,Dutch
dutc1256,blood,1250,TRUE,Dutch
nucl1643,shine,1250,FALSE,Japanese
port1283,ear,1250,FALSE,Portuguese
roma1327,important,1250,TRUE,Romanian
lati1261,devote,1249,FALSE,Latin
port1283,cargo,1249,FALSE,Portuguese
mand1415,gin,1248,FALSE,Mandarin Chinese
stan1290,guise,1248,TRUE,French
stan1290,irritation,1248,TRUE,French
stan1290,translate,1248,FALSE,French
stan1290,blouse,1247,FALSE,French
stan1290,connexion,1247,TRUE,French
stan1295,lobe,1247,FALSE,German
lati1261,rectum,1246,TRUE,Latin
nucl1301,red,1246,FALSE,Turkish
sout1528,gram,1246,TRUE,Serbian-Croatian-Bosnian
stan1290,fans,1246,FALSE,French
stan1290,prescription,1246,TRUE,French
lati1261,pus,1245,TRUE,Latin
stan1288,electoral,1245,TRUE,Spanish
stan1290,insert,1245,TRUE,French
wels1247,bras,1245,FALSE,Welsh
stan1288,corporal,1244,TRUE,Spanish
lati1261,remote,1243,FALSE,Latin
stan1290,coma,1243,TRUE,French
dutc1256,slang,1242,TRUE,Dutch
maor1246,kite,1242,FALSE,Maori
nucl1643,kite,1242,FALSE,Japanese
stan1290,avenue,1242,TRUE,French
stan1290,crawl,1242,TRUE,French
stan1290,dialogue,1242,TRUE,French
ital1282,studio,1241,TRUE,Italian
lati1261,picture,1241,FALSE,Latin
dani1285,hand,1240,FALSE,Danish
stan1290,limitation,1240,TRUE,French
tokp1240,man,1240,TRUE,Tok Pisin
stan1290,papa,1239,TRUE,French
czec1258,nice,1238,FALSE,Czech
ital1282,trust,1238,TRUE,Italian
mand1415,loop,1238,TRUE,Mandarin Chinese
stan1290,abrupt,1237,TRUE,French
stan1290,flute,1237,FALSE,French
dutc1256,lot,1236,TRUE,Dutch
lati1261,cone,1236,FALSE,Latin
lati1261,reduce,1236,FALSE,Latin
stan1290,clan,1236,TRUE,French
stan1288,zoo,1235,FALSE,Spanish
stan1290,clamp,1234,TRUE,French
stan1288,crash,1233,TRUE,Spanish
stan1290,jerk,1233,TRUE,French
wels1247,pig,1233,FALSE,Welsh
ital1282,tight,1232,FALSE,Italian
stan1288,pope,1232,TRUE,Spanish
stan1295,rings,1232,FALSE,German
stan1290,aspiration,1231,TRUE,French
stan1290,primitive,1231,FALSE,French
dutc1256,were,1230,FALSE,Dutch
stan1288,prime,1230,FALSE,Spanish
stan1290,niche,1229,TRUE,French
pali1273,made,1228,FALSE,Pali
stan1288,mines,1228,FALSE,Spanish
stan1288,lame,1227,FALSE,Spanish
scot1243,bring,1226,TRUE,Scots
stan1290,imposition,1226,TRUE,French
lati1261,distant,1225,FALSE,Latin
stan1290,mane,1225,FALSE,French
stan1290,allocation,1224,TRUE,French
lati1261,secure,1223,FALSE,Latin
stan1290,continuation,1223,TRUE,French
stan1290,terminal,1222,TRUE,French
lati1261,alibi,1221,FALSE,Latin
wels1247,mad,1221,FALSE,Welsh
dutc1256,brood,1220,FALSE,Dutch
stan1288,loan,1220,FALSE,Spanish
dutc1256,list,1219,FALSE,Dutch
stan1290,barrage,1219,TRUE,French
poli1260,ant,1218,FALSE,Polish
stan1288,sake,1218,TRUE,Spanish
stan1290,magistrate,1218,TRUE,French
wels1247,ton,1218,FALSE,Welsh
ital1282,share,1217,TRUE,Italian
lati1261,minister,1217,FALSE,Latin
stan1288,introduce,1217,TRUE,Spanish
stan1288,radical,1217,TRUE,Spanish
stan1288,taxi,1217,TRUE,Spanish
scot1245,arm,1216,TRUE,Scottish Gaelic
stan1290,confident,1216,FALSE,French
scot1243,arch,1215,FALSE,Scots
stan1290,longs,1215,FALSE,French
wels1247,leg,1215,FALSE,Welsh
wels1247,paid,1214,FALSE,Welsh
lati1261,passive,1213,FALSE,Latin
roma1327,cap,1213,FALSE,Romanian
stan1288,triangular,1213,TRUE,Spanish
stan1290,incision,1213,TRUE,French
stan1290,trivial,1213,TRUE,French
lati1261,splendor,1212,TRUE,Latin
stan1288,mall,1212,TRUE,Spanish
stan1288,tense,1212,TRUE,Spanish
stan1290,relaxation,1212,TRUE,French
stan1295,ignorant,1212,TRUE,German
stan1288,data,1211,FALSE,Spanish
stan1290,accessible,1211,TRUE,French
stan1290,shopping,1211,TRUE,French
lati1261,rear,1210,FALSE,Latin
stan1295,fossil,1209,TRUE,German
port1283,root,1208,TRUE,Portuguese
scot1243,action,1206,TRUE,Scots
stan1288,declare,1206,TRUE,Spanish
stan1288,spin,1206,TRUE,Spanish
stan1290,blush,1206,TRUE,French
ital1282,feminine,1205,FALSE,Italian
lati1261,refuge,1204,FALSE,Latin
stan1290,cite,1204,TRUE,French
stan1290,poker,1204,TRUE,French
stan1290,amiable,1203,TRUE,French
stan1290,diligent,1202,TRUE,French
stan1290,philosopher,1202,FALSE,French
czec1258,bit,1201,TRUE,Czech
stan1288,susceptible,1201,TRUE,Spanish
stan1290,suppression,1201,TRUE,French
lati1261,acquire,1200,FALSE,Latin
stan1288,habitual,1200,TRUE,Spanish
stan1290,junior,1200,TRUE,French
stan1295,lateral,1200,TRUE,German
stan1290,environs,1199,FALSE,French
stan1295,feminine,1199,FALSE,German
ital1282,escape,1198,TRUE,Italian
stan1288,gap,1198,TRUE,Spanish
stan1290,forage,1198,FALSE,French
stan1295,figurative,1198,FALSE,German
finn1318,side,1196,FALSE,Finnish
hung1274,end,1196,FALSE,Hungarian
iris1253,inn,1196,FALSE,Irish
lati1261,visit,1196,FALSE,Latin
stan1288,pedal,1196,TRUE,Spanish
stan1288,retire,1196,TRUE,Spanish
dani1285,let,1195,FALSE,Danish
ital1282,single,1195,TRUE,Italian
lati1261,horror,1195,TRUE,Latin
stan1288,curse,1195,FALSE,Spanish
stan1288,smoking,1195,FALSE,Spanish
stan1295,temporal,1195,TRUE,German
dutc1256,meet,1194,FALSE,Dutch
hung1274,nap,1194,FALSE,Hungarian
lati1261,accurate,1194,FALSE,Latin
stan1288,cave,1194,FALSE,Spanish
stan1290,provincial,1193,TRUE,French
lati1261,refer,1192,FALSE,Latin
stan1288,fuel,1192,TRUE,Spanish
stan1290,animation,1192,TRUE,French
port1283,home,1191,FALSE,Portuguese
stan1290,album,1190,TRUE,French
stan1290,courts,1190,FALSE,French
stan1288,verbal,1189,TRUE,Spanish
stan1290,profusion,1188,TRUE,French
stan1290,raisins,1188,FALSE,French
stan1290,suspense,1188,TRUE,French
stan1290,exclamation,1187,TRUE,French
dutc1256,bit,1186,TRUE,Dutch
stan1290,attentive,1186,FALSE,French
stan1290,donation,1186,TRUE,French
stan1290,lament,1186,FALSE,French
stan1290,transit,1186,TRUE,French
poli1260,red,1185,FALSE,Polish
port1283,humor,1185,TRUE,Portuguese
lati1261,elegant,1184,FALSE,Latin
roma1327,party,1184,TRUE,Romanian
stan1288,iris,1184,TRUE,Spanish
stan1290,implacable,1184,TRUE,French
stan1290,indispensable,1184,TRUE,French
dutc1256,loop,1183,FALSE,Dutch
stan1290,images,1183,FALSE,French
stan1290,occurrence,1183,TRUE,French
lati1261,dictator,1182,TRUE,Latin
stan1295,oval,1182,TRUE,German
afri1274,bed,1181,TRUE,Afrikaans
ital1282,date,1181,TRUE,Italian
stan1288,lands,1181,FALSE,Spanish
stan1290,contingent,1181,TRUE,French
stan1290,eagle,1181,TRUE,French
hung1274,show,1180,TRUE,Hungarian
ital1282,rude,1180,FALSE,Italian
stan1290,famine,1180,TRUE,French
stan1290,groom,1180,FALSE,French
ital1282,bone,1179,FALSE,Italian
port1283,post,1178,TRUE,Portuguese
stan1288,barren,1178,FALSE,Spanish
stan1288,grade,1177,FALSE,Spanish
stan1290,adverse,1177,FALSE,French
stan1290,admire,1176,TRUE,French
stan1290,grill,1176,TRUE,French
ital1282,private,1175,FALSE,Italian
scot1243,drive,1175,TRUE,Scots
stan1288,soda,1175,TRUE,Spanish
stan1290,combustion,1175,TRUE,French
stan1290,traces,1175,FALSE,French
stan1295,intelligent,1175,TRUE,German
stan1295,loser,1175,FALSE,German
scot1243,hen,1174,FALSE,Scots
stan1295,arrogant,1174,TRUE,German
afri1274,hoe,1173,FALSE,Afrikaans
ital1282,area,1173,TRUE,Italian
stan1295,rational,1173,TRUE,German
swed1254,men,1172,FALSE,Swedish
bisl1239,hem,1171,FALSE,Bislama
dutc1256,gang,1171,TRUE,Dutch
wels1247,ser,1171,FALSE,Welsh
lati1261,extreme,1170,FALSE,Latin
olde1238,lamb,1170,TRUE,Old English (ca. 450-1100)
stan1290,cam,1170,TRUE,French
mand1415,laser,1169,TRUE,Mandarin Chinese
stan1290,assent,1169,FALSE,French
stan1295,siege,1169,FALSE,German
lati1261,decide,1167,FALSE,Latin
stan1290,finances,1167,FALSE,French
dutc1256,dog,1166,TRUE,Dutch
stan1290,montage,1166,TRUE,French
stan1295,absurd,1166,TRUE,German
dutc1256,hit,1165,FALSE,Dutch
ital1282,data,1165,FALSE,Italian
port1283,flat,1164,TRUE,Portuguese
stan1290,induction,1164,TRUE,French
dutc1256,game,1163,TRUE,Dutch
stan1290,faces,1163,FALSE,French
port1283,rude,1162,TRUE,Portuguese
stan1290,tract,1162,FALSE,French
ital1282,lime,1161,TRUE,Italian
ital1282,tender,1161,TRUE,Italian
lati1261,rumor,1161,TRUE,Latin
stan1288,grey,1161,FALSE,Spanish
stan1290,irritable,1161,TRUE,French
stan1290,turbine,1161,TRUE,French
ital1282,club,1160,TRUE,Italian
ital1282,separate,1160,TRUE,Italian
stan1290,pickle,1160,FALSE,French
czec1258,hold,1159,FALSE,Czech
stan1290,nuisance,1159,TRUE,French
czec1258,led,1158,FALSE,Czech
lati1261,lime,1158,FALSE,Latin
port1283,touch,1158,TRUE,Portuguese
stan1290,changes,1158,FALSE,French
stan1290,recorder,1158,FALSE,French
wels1247,bath,1158,FALSE,Welsh
wels1247,offer,1158,FALSE,Welsh
ital1282,basket,1157,FALSE,Italian
stan1290,housing,1157,FALSE,French
wels1247,sin,1157,TRUE,Welsh
ital1282,marina,1156,TRUE,Italian
lati1261,ale,1156,FALSE,Latin
stan1290,bitch,1156,TRUE,French
stan1290,para,1156,TRUE,French
swah1253,macho,1155,FALSE,Swahili
hung1274,leg,1153,FALSE,Hungarian
iris1253,corn,1153,FALSE,Irish
stan1290,panic,1153,TRUE,French
stan1290,bio,1152,FALSE,French
stan1290,squat,1152,TRUE,French
stan1288,bacon,1151,TRUE,Spanish
stan1295,brat,1151,FALSE,German
poli1260,radio,1150,TRUE,Polish
stan1288,celestial,1150,TRUE,Spanish
stan1290,consultation,1149,TRUE,French
stan1290,container,1149,TRUE,French
stan1290,inspire,1149,TRUE,French
wels1247,big,1149,FALSE,Welsh
dutc1256,brief,1148,FALSE,Dutch
mand1415,ending,1148,TRUE,Mandarin Chinese
stan1288,seas,1148,FALSE,Spanish
hung1274,had,1147,FALSE,Hungarian
lati1261,commune,1147,FALSE,Latin
stan1288,camera,1147,FALSE,Spanish
stan1290,chorus,1147,TRUE,French
stan1290,inflation,1146,TRUE,French
stan1290,stores,1146,FALSE,French
scot1243,gate,1145,FALSE,Scots
stan1290,arguments,1145,FALSE,French
stan1290,sandwich,1145,TRUE,French
stan1290,steak,1145,TRUE,French
swed1254,bit,1145,TRUE,Swedish
wels1247,faith,1145,FALSE,Welsh
stan1290,corporal,1144,TRUE,French
stan1290,conservation,1143,TRUE,French
lati1261,tone,1142,TRUE,Latin
stan1290,initiative,1142,TRUE,French
stan1290,roulette,1142,TRUE,French
stan1290,scoop,1142,TRUE,French
stan1288,concrete,1141,FALSE,Spanish
stan1295,graph,1141,FALSE,German
stan1288,imagine,1140,TRUE,Spanish
stan1290,nomination,1140,TRUE,French
afri1274,tree,1139,FALSE,Afrikaans
dutc1256,fair,1139,TRUE,Dutch
poli1260,ski,1139,FALSE,Polish
dutc1256,heel,1138,FALSE,Dutch
indo1316,para,1138,TRUE,Standard Indonesian
stan1288,observe,1138,TRUE,Spanish
stan1290,roots,1138,FALSE,French
lati1261,tutor,1137,TRUE,Latin
stan1288,groove,1137,TRUE,Spanish
wels1247,gain,1137,FALSE,Welsh
finn1318,been,1136,FALSE,Finnish
stan1290,sofa,1136,TRUE,French
port1283,best,1135,FALSE,Portuguese
stan1288,opera,1135,TRUE,Spanish
stan1290,constellation,1135,TRUE,French
stan1290,spectacles,1135,FALSE,French
stan1290,texture,1135,TRUE,French
swed1254,pass,1135,TRUE,Swedish
wels1247,cost,1135,TRUE,Welsh
iris1253,bean,1134,FALSE,Irish
mand1415,mouse,1134,TRUE,Mandarin Chinese
port1283,false,1134,FALSE,Portuguese
stan1288,visible,1134,TRUE,Spanish
stan1290,fervent,1134,TRUE,French
stan1290,fermentation,1133,TRUE,French
finn1318,turn,1132,TRUE,Finnish
iris1253,cut,1132,FALSE,Irish
port1283,cheat,1132,TRUE,Portuguese
roma1327,public,1132,TRUE,Romanian
sout1528,med,1132,FALSE,Serbian-Croatian-Bosnian
stan1290,piercing,1132,TRUE,French
stan1288,stress,1131,TRUE,Spanish
stan1290,catastrophe,1131,TRUE,French
dutc1256,ion,1130,TRUE,Dutch
poli1260,deal,1130,TRUE,Polish
lati1261,quit,1129,FALSE,Latin
scot1243,ace,1129,FALSE,Scots
stan1290,accumulation,1129,TRUE,French
stan1290,extinction,1129,TRUE,French
stan1290,boys,1128,FALSE,French
swed1254,mark,1128,TRUE,Swedish
port1283,mineral,1127,TRUE,Portuguese
stan1288,chat,1127,TRUE,Spanish
afri1274,mark,1126,FALSE,Afrikaans
lati1261,introduce,1126,FALSE,Latin
port1283,party,1126,FALSE,Portuguese
stan1288,certificate,1126,TRUE,Spanish
stan1288,notes,1126,FALSE,Spanish
stan1290,prairie,1125,TRUE,French
dani1285,end,1124,TRUE,Danish
stan1290,dimension,1124,TRUE,French
swed1254,tin,1124,FALSE,Swedish
port1283,moral,1123,TRUE,Portuguese
stan1290,intellect,1123,TRUE,French
ital1282,rose,1122,TRUE,Italian
mand1415,mask,1122,TRUE,Mandarin Chinese
soma1255,was,1122,FALSE,Somali
stan1288,gala,1122,TRUE,Spanish
stan1290,disperse,1122,TRUE,French
stan1290,futile,1122,TRUE,French
roma1327,state,1121,TRUE,Romanian
stan1288,festival,1121,TRUE,Spanish
stan1290,incorrect,1121,TRUE,French
stan1290,placement,1121,TRUE,French
roma1327,merge,1120,FALSE,Romanian
stan1288,president,1120,FALSE,Spanish
stan1290,populace,1120,TRUE,French
stan1290,capsule,1119,TRUE,French
wels1247,tor,1118,FALSE,Welsh
ital1282,pile,1117,TRUE,Italian
stan1290,moments,1117,FALSE,French
stan1290,pipes,1117,FALSE,French
port1283,spread,1116,TRUE,Portuguese
stan1288,cordial,1116,TRUE,Spanish
stan1290,banal,1116,TRUE,French
stan1290,talents,1116,FALSE,French
indo1316,main,1115,FALSE,Standard Indonesian
port1283,render,1115,TRUE,Portuguese
stan1288,pulse,1115,FALSE,Spanish
ital1282,file,1114,TRUE,Italian
stan1288,holding,1114,TRUE,Spanish
stan1288,snuff,1113,TRUE,Spanish
roma1327,tor,1112,FALSE,Romanian
stan1288,insignia,1112,TRUE,Spanish
stan1290,comparative,1110,FALSE,French
roma1327,fire,1109,FALSE,Romanian
roma1327,lot,1109,TRUE,Romanian
stan1290,financier,1109,TRUE,French
swed1254,era,1109,FALSE,Swedish
mand1415,cam,1107,FALSE,Mandarin Chinese
stan1288,trivial,1107,TRUE,Spanish
stan1290,archives,1107,TRUE,French
stan1290,textile,1107,TRUE,French
stan1288,literal,1106,FALSE,Spanish
stan1290,encouragement,1106,TRUE,French
lati1261,describe,1105,FALSE,Latin
lati1261,transfer,1105,FALSE,Latin
stan1288,accidental,1105,TRUE,Spanish
stan1290,chandelier,1105,TRUE,French
stan1290,charter,1105,TRUE,French
stan1290,pane,1105,FALSE,French
ital1282,fortune,1104,TRUE,Italian
stan1290,coupon,1104,TRUE,French
stan1290,dissertation,1103,TRUE,French
stan1290,compression,1102,TRUE,French
hung1274,lead,1101,FALSE,Hungarian
indo1316,plural,1101,TRUE,Standard Indonesian
lati1261,mature,1101,FALSE,Latin
nucl1643,gin,1101,FALSE,Japanese
poli1260,win,1101,FALSE,Polish
stan1288,miles,1101,FALSE,Spanish
stan1290,pastel,1101,TRUE,French
lati1261,balance,1100,FALSE,Latin
stan1290,fend,1100,FALSE,French
lati1261,pie,1099,FALSE,Latin
nucl1643,bin,1099,FALSE,Japanese
poli1260,bit,1099,TRUE,Polish
stan1290,camera,1099,FALSE,French
scot1243,war,1098,TRUE,Scots
stan1288,host,1097,TRUE,Spanish
wels1247,dial,1097,FALSE,Welsh
dutc1256,hot,1096,TRUE,Dutch
lati1261,intimate,1096,FALSE,Latin
icel1247,par,1095,TRUE,Icelandic
nucl1643,kimono,1095,FALSE,Japanese
stan1290,affable,1095,TRUE,French
ital1282,mail,1094,FALSE,Italian
lati1261,exile,1094,FALSE,Latin
lati1261,senator,1094,TRUE,Latin
stan1290,domination,1094,TRUE,French
stan1290,prohibition,1093,TRUE,French
wels1247,rod,1093,FALSE,Welsh
stan1288,indie,1091,TRUE,Spanish
stan1290,hockey,1091,TRUE,French
port1283,grave,1090,TRUE,Portuguese
stan1295,legend,1090,FALSE,German
stan1295,devote,1089,FALSE,German
dutc1256,plan,1088,TRUE,Dutch
ital1282,promise,1087,FALSE,Italian
lati1261,fortunate,1087,FALSE,Latin
stan1288,rice,1087,FALSE,Spanish
afri1274,pad,1086,FALSE,Afrikaans
lati1261,translate,1086,FALSE,Latin
mand1415,lag,1086,TRUE,Mandarin Chinese
poli1260,top,1086,TRUE,Polish
lati1261,delicate,1085,FALSE,Latin
stan1290,flint,1084,TRUE,French
stan1290,western,1084,TRUE,French
stan1295,oral,1084,TRUE,German
dutc1256,roof,1082,FALSE,Dutch
poli1260,party,1082,TRUE,Polish
stan1288,pitcher,1082,FALSE,Spanish
stan1288,pus,1082,TRUE,Spanish
stan1290,buildings,1082,FALSE,French
stan1290,cartel,1082,TRUE,French
stan1290,dental,1082,TRUE,French
port1283,meter,1081,FALSE,Portuguese
stan1290,dissolution,1081,TRUE,French
hung1274,tan,1080,FALSE,Hungarian
sout1528,let,1080,FALSE,Serbian-Croatian-Bosnian
stan1290,bog,1080,FALSE,French
stan1290,incurable,1080,TRUE,French
stan1290,soda,1080,TRUE,French
stan1290,routes,1079,FALSE,French
stan1290,vacuum,1079,TRUE,French
stan1288,polar,1078,TRUE,Spanish
stan1290,ages,1078,FALSE,French
stan1290,bars,1078,TRUE,French
stan1290,invasion,1078,TRUE,French
stan1290,pastoral,1078,TRUE,French
stan1290,persuasion,1078,TRUE,French
stan1288,clown,1077,TRUE,Spanish
lati1261,liter,1076,FALSE,Latin
stan1290,ports,1076,FALSE,French
ital1282,baby,1075,TRUE,Italian
nucl1643,hone,1075,FALSE,Japanese
stan1290,badge,1075,FALSE,French
dutc1256,spring,1074,TRUE,Dutch
dutc1256,stem,1074,FALSE,Dutch
ital1282,pie,1074,FALSE,Italian
ital1282,thread,1074,TRUE,Italian
stan1290,canine,1074,TRUE,French
lati1261,arbiter,1073,TRUE,Latin
lati1261,celebrate,1073,FALSE,Latin
oldn1244,man,1072,FALSE,Old Norse
mand1415,toilet,1071,TRUE,Mandarin Chinese
stan1295,alternative,1071,TRUE,German
stan1290,couches,1070,FALSE,French
stan1290,entrepreneur,1070,TRUE,French
minn1241,tang,1069,FALSE,Min Nan Chinese
poli1260,min,1069,FALSE,Polish
stan1290,finale,1069,TRUE,French
stan1288,culture,1068,FALSE,Spanish
mand1415,lunch,1066,TRUE,Mandarin Chinese
stan1288,rifle,1066,TRUE,Spanish
ital1282,deck,1065,TRUE,Italian
stan1290,drinks,1065,FALSE,French
stan1290,incomparable,1065,TRUE,French
stan1290,trans,1065,TRUE,French
stan1288,pesos,1064,FALSE,Spanish
stan1290,nuance,1064,TRUE,French
stan1290,transformation,1064,TRUE,French
stan1295,diagonal,1064,TRUE,German
swed1254,art,1064,FALSE,Swedish
lati1261,fetus,1063,TRUE,Latin
scot1243,sun,1063,TRUE,Scots
stan1288,acre,1062,TRUE,Spanish
stan1288,metro,1061,FALSE,Spanish
dutc1256,lid,1060,TRUE,Dutch
ital1282,bet,1060,FALSE,Italian
stan1290,substitution,1060,TRUE,French
nucl1301,pay,1059,FALSE,Turkish
nucl1643,mate,1059,FALSE,Japanese
stan1290,incompatible,1059,TRUE,French
poli1260,tor,1058,FALSE,Polish
stan1290,impulse,1058,FALSE,French
stan1295,puddle,1058,FALSE,German
dutc1256,stick,1057,TRUE,Dutch
lati1261,imitate,1057,FALSE,Latin
lati1261,injure,1057,FALSE,Latin
stan1290,abject,1057,TRUE,French
stan1290,invisible,1057,TRUE,French
stan1290,vacation,1057,FALSE,French
afri1274,bad,1056,FALSE,Afrikaans
stan1290,batter,1056,FALSE,French
stan1290,adjacent,1055,TRUE,French
stan1290,occasions,1055,FALSE,French
scot1243,age,1054,TRUE,Scots
stan1290,sanguine,1054,TRUE,French
dutc1256,beer,1053,FALSE,Dutch
ital1282,trial,1053,FALSE,Italian
scot1245,car,1053,FALSE,Scottish Gaelic
stan1290,stagnant,1053,TRUE,French
dutc1256,gold,1052,FALSE,Dutch
lati1261,require,1052,FALSE,Latin
scot1245,ear,1052,FALSE,Scottish Gaelic
stan1290,assertion,1052,TRUE,French
stan1290,mop,1052,FALSE,French
dutc1256,drink,1051,TRUE,Dutch
dutc1256,min,1051,FALSE,Dutch
roma1327,animal,1051,TRUE,Romanian
afri1274,long,1050,FALSE,Afrikaans
stan1288,blunt,1050,TRUE,Spanish
stan1290,yacht,1050,TRUE,French
stan1288,determine,1049,TRUE,Spanish
stan1288,provisional,1049,TRUE,Spanish
stan1288,romance,1049,TRUE,Spanish
stan1290,reptile,1049,TRUE,French
dutc1256,pin,1048,TRUE,Dutch
nucl1301,art,1048,FALSE,Turkish
port1283,pro,1048,FALSE,Portuguese
stan1288,casting,1048,TRUE,Spanish
stan1288,imperial,1048,TRUE,Spanish
stan1290,relish,1048,TRUE,French
stan1288,bits,1047,FALSE,Spanish
stan1290,aviation,1047,TRUE,French
roma1327,general,1046,TRUE,Romanian
stan1290,secrets,1046,FALSE,French
dutc1256,pan,1045,TRUE,Dutch
indo1316,area,1045,TRUE,Standard Indonesian
ital1282,cure,1045,TRUE,Italian
lati1261,census,1044,TRUE,Latin
lati1261,distribute,1044,FALSE,Latin
lati1261,faces,1044,FALSE,Latin
stan1290,gag,1044,FALSE,French
stan1295,pose,1044,FALSE,German
stan1290,bonds,1043,FALSE,French
stan1290,pigeons,1043,FALSE,French
iris1253,bar,1042,TRUE,Irish
stan1290,modem,1042,TRUE,French
stan1288,clouds,1041,FALSE,Spanish
stan1288,plague,1041,FALSE,Spanish
stan1290,concentration,1041,TRUE,French
stan1290,taxation,1041,TRUE,French
dutc1256,past,1040,FALSE,Dutch
ital1282,estate,1040,FALSE,Italian
stan1290,camping,1040,TRUE,French
stan1290,virus,1040,TRUE,French
dutc1256,vet,1039,FALSE,Dutch
stan1290,chairs,1039,FALSE,French
stan1290,jockey,1039,TRUE,French
stan1290,loves,1039,FALSE,French
stan1290,nominal,1039,TRUE,French
stan1290,vibration,1039,TRUE,French
stan1295,robust,1039,TRUE,German
esto1258,line,1037,FALSE,Estonian
ital1282,mobile,1037,TRUE,Italian
lati1261,censure,1037,FALSE,Latin
stan1288,tenor,1037,TRUE,Spanish
stan1290,collective,1037,FALSE,French
stan1290,format,1037,TRUE,French
ital1282,fresco,1035,FALSE,Italian
stan1288,irritable,1035,TRUE,Spanish
stan1290,ballet,1035,TRUE,French
stan1290,narration,1035,TRUE,French
stan1290,radiation,1035,TRUE,French
stan1295,solo,1035,TRUE,German
swed1254,band,1035,TRUE,Swedish
hung1274,vet,1034,FALSE,Hungarian
poli1260,system,1034,TRUE,Polish
stan1290,insurrection,1034,TRUE,French
stan1290,skeleton,1034,TRUE,French
dutc1256,rest,1033,TRUE,Dutch
stan1288,won,1033,TRUE,Spanish
stan1290,camper,1033,FALSE,French
stan1295,terminal,1033,TRUE,German
swed1254,barn,1033,TRUE,Swedish
dutc1256,charge,1032,TRUE,Dutch
lati1261,acre,1032,FALSE,Latin
lati1261,oblique,1032,FALSE,Latin
stan1288,triple,1032,TRUE,Spanish
wels1247,saint,1032,TRUE,Welsh
scot1243,burn,1031,FALSE,Scots
stan1288,token,1031,TRUE,Spanish
stan1290,studio,1031,TRUE,French
stan1290,suffrage,1031,TRUE,French
hung1274,stop,1030,TRUE,Hungarian
lati1261,undo,1030,FALSE,Latin
stan1288,cherry,1030,TRUE,Spanish
poli1260,step,1029,FALSE,Polish
scot1243,fear,1029,TRUE,Scots
nucl1301,fire,1028,FALSE,Turkish
poli1260,bar,1028,TRUE,Polish
stan1290,corridor,1028,TRUE,French
stan1290,curry,1028,TRUE,French
stan1290,percussion,1028,TRUE,French
dutc1256,maker,1027,TRUE,Dutch
ital1282,corner,1027,TRUE,Italian
poli1260,got,1027,FALSE,Polish
roma1327,look,1027,TRUE,Romanian
stan1290,lobe,1027,TRUE,French
ital1282,yard,1026,TRUE,Italian
lati1261,coma,1026,FALSE,Latin
stan1290,boxer,1026,TRUE,French
stan1290,expulsion,1026,TRUE,French
stan1290,inaccessible,1026,TRUE,French
wels1247,pair,1026,FALSE,Welsh
lati1261,conclude,1025,FALSE,Latin
stan1290,quote,1025,FALSE,French
pali1273,name,1024,FALSE,Pali
stan1288,consume,1024,TRUE,Spanish
stan1290,shows,1024,FALSE,French
poli1260,wet,1023,FALSE,Polish
stan1290,proclamation,1023,TRUE,French
stan1288,doctrine,1022,FALSE,Spanish
stan1288,target,1022,TRUE,Spanish
stan1290,chocolate,1022,FALSE,French
dutc1256,trap,1021,FALSE,Dutch
ital1282,bare,1021,FALSE,Italian
stan1288,curve,1021,FALSE,Spanish
stan1288,reverse,1021,FALSE,Spanish
stan1290,promises,1021,FALSE,French
dutc1256,bar,1020,TRUE,Dutch
stan1290,canons,1020,FALSE,French
stan1288,mole,1019,TRUE,Spanish
stan1290,admirer,1019,FALSE,French
stan1290,stature,1019,TRUE,French
olde1238,has,1018,FALSE,Old English (ca. 450-1100)
scot1245,ball,1018,TRUE,Scottish Gaelic
stan1290,tendon,1018,TRUE,French
poli1260,pole,1017,FALSE,Polish
stan1290,impromptu,1017,TRUE,French
swed1254,torn,1017,FALSE,Swedish
lati1261,album,1016,FALSE,Latin
lati1261,probe,1016,FALSE,Latin
lati1261,sublime,1016,FALSE,Latin
stan1288,rocks,1016,FALSE,Spanish
dutc1256,step,1015,FALSE,Dutch
stan1288,grate,1015,TRUE,Spanish
stan1288,cartel,1014,TRUE,Spanish
stan1290,humiliation,1014,TRUE,French
stan1288,canvas,1013,TRUE,Spanish
stan1290,dollars,1013,FALSE,French
lati1261,genius,1012,FALSE,Latin
stan1288,informal,1012,TRUE,Spanish
stan1288,moved,1012,FALSE,Spanish
stan1290,divination,1012,TRUE,French
ital1282,record,1011,TRUE,Italian
stan1288,clearing,1011,TRUE,Spanish
mand1415,budget,1010,TRUE,Mandarin Chinese
stan1288,dental,1010,TRUE,Spanish
stan1290,gym,1010,TRUE,French
czec1258,motor,1009,TRUE,Czech
lati1261,lies,1009,FALSE,Latin
lati1261,valet,1009,FALSE,Latin
maor1246,rite,1009,FALSE,Maori
stan1288,training,1009,TRUE,Spanish
stan1290,immobile,1009,TRUE,French
stan1295,literal,1009,FALSE,German
ital1282,medicine,1008,TRUE,Italian
nucl1301,say,1008,FALSE,Turkish
roma1327,mat,1008,TRUE,Romanian
stan1290,casserole,1008,TRUE,French
stan1290,oppression,1007,TRUE,French
stan1295,frugal,1007,TRUE,German
port1283,ate,1006,FALSE,Portuguese
stan1288,ideal,1006,TRUE,Spanish
stan1288,pedestal,1006,TRUE,Spanish
stan1290,suspend,1006,TRUE,French
wels1247,help,1006,TRUE,Welsh
ital1282,ticket,1005,TRUE,Italian
poli1260,hit,1005,TRUE,Polish
stan1290,spider,1005,FALSE,French
dutc1256,help,1004,TRUE,Dutch
indo1316,gas,1004,TRUE,Standard Indonesian
lati1261,abundant,1004,FALSE,Latin
stan1288,incline,1004,TRUE,Spanish
stan1288,villa,1004,TRUE,Spanish
stan1290,crocodile,1004,TRUE,French
stan1290,fixation,1004,TRUE,French
stan1295,dental,1004,TRUE,German
stan1288,senses,1003,FALSE,Spanish
stan1290,plastic,1003,TRUE,French
stan1290,plausible,1003,TRUE,French
stan1290,strings,1003,FALSE,French
port1283,musical,1002,TRUE,Portuguese
stan1288,ornamental,1002,TRUE,Spanish
ital1282,design,1001,TRUE,Italian
lati1261,inquire,1001,FALSE,Latin
stan1288,ale,1001,TRUE,Spanish
stan1290,accidents,1001,FALSE,French
stan1290,breaker,1001,TRUE,French
stan1290,modification,1001,TRUE,French
stan1290,radiant,1001,FALSE,French
stan1295,unfair,1001,TRUE,German
stan1288,estimate,1000,TRUE,Spanish
stan1288,fray,1000,FALSE,Spanish
stan1290,frugal,1000,TRUE,French
stan1290,piles,1000,FALSE,French
finn1318,business,999,FALSE,Finnish
lati1261,compare,999,FALSE,Latin
poli1260,drop,999,FALSE,Polish
lati1261,lupus,998,TRUE,Latin
stan1288,boom,998,TRUE,Spanish
lati1261,cape,996,FALSE,Latin
nucl1301,ilk,996,FALSE,Turkish
stan1290,lifting,996,FALSE,French
stan1290,vocal,996,TRUE,French
viet1252,gang,996,FALSE,Vietnamese
stan1290,invincible,995,TRUE,French
dutc1256,party,994,TRUE,Dutch
roma1327,gram,994,TRUE,Romanian
swed1254,bra,994,FALSE,Swedish
mand1415,gal,993,FALSE,Mandarin Chinese
scot1243,barley,993,FALSE,Scots
stan1288,bum,993,FALSE,Spanish
stan1288,mutual,993,TRUE,Spanish
stan1290,dandy,993,TRUE,French
stan1290,replace,993,FALSE,French
stan1295,hiss,993,FALSE,German
lati1261,bra,992,FALSE,Latin
nucl1643,tome,992,FALSE,Japanese
stan1288,lighter,992,TRUE,Spanish
dani1285,ing,991,FALSE,Danish
lati1261,tribunal,991,TRUE,Latin
stan1288,secular,991,TRUE,Spanish
lati1261,assume,990,FALSE,Latin
lati1261,gas,990,TRUE,Latin
roma1327,car,990,FALSE,Romanian
stan1290,progression,990,TRUE,French
lati1261,audio,989,FALSE,Latin
mand1415,keeper,989,TRUE,Mandarin Chinese
stan1290,volley,989,FALSE,French
wels1247,system,989,TRUE,Welsh
dutc1256,boy,987,TRUE,Dutch
hung1274,test,987,FALSE,Hungarian
poli1260,ring,987,TRUE,Polish
stan1290,lasting,987,TRUE,French
afri1274,spring,986,FALSE,Afrikaans
stan1288,rape,986,FALSE,Spanish
stan1290,manifestation,986,TRUE,French
ital1282,bridge,985,TRUE,Italian
ital1282,cinema,985,TRUE,Italian
dutc1256,hip,984,FALSE,Dutch
roma1327,body,984,FALSE,Romanian
stan1288,kit,984,TRUE,Spanish
lati1261,serves,983,FALSE,Latin
stan1290,propagation,983,TRUE,French
stan1290,records,983,FALSE,French
dutc1256,fruit,982,TRUE,Dutch
dutc1256,train,982,TRUE,Dutch
ital1282,pasta,982,TRUE,Italian
stan1290,anticipation,982,TRUE,French
port1283,hit,981,FALSE,Portuguese
nucl1301,form,980,TRUE,Turkish
stan1295,taut,980,FALSE,German
stan1290,joints,979,FALSE,French
ital1282,lift,978,TRUE,Italian
ital1282,pitch,978,TRUE,Italian
olde1238,lice,978,FALSE,Old English (ca. 450-1100)
stan1288,speaker,978,TRUE,Spanish
dutc1256,gun,977,FALSE,Dutch
czec1258,stop,976,TRUE,Czech
stan1288,execute,976,TRUE,Spanish
taga1270,animal,976,FALSE,Tagalog
lati1261,echo,975,TRUE,Latin
stan1288,angular,975,TRUE,Spanish
czec1258,lit,974,FALSE,Czech
stan1288,crew,974,TRUE,Spanish
stan1288,hopes,974,FALSE,Spanish
stan1288,vital,973,TRUE,Spanish
stan1288,web,973,TRUE,Spanish
stan1290,insertion,973,TRUE,French
stan1290,munitions,973,FALSE,French
stan1295,loyal,973,TRUE,German
wels1247,goes,972,FALSE,Welsh
iris1253,arm,971,TRUE,Irish
lati1261,invite,971,FALSE,Latin
wels1247,drain,971,FALSE,Welsh
lati1261,dives,970,FALSE,Latin
stan1288,tiles,970,FALSE,Spanish
stan1290,groin,970,FALSE,French
stan1290,spinal,969,TRUE,French
port1283,style,968,TRUE,Portuguese
viet1252,pin,968,FALSE,Vietnamese
roma1327,turn,967,FALSE,Romanian
stan1290,correspond,967,TRUE,French
afri1274,kind,966,FALSE,Afrikaans
port1283,dance,966,TRUE,Portuguese
stan1290,chauffeur,966,TRUE,French
hung1274,box,965,FALSE,Hungarian
hung1274,ring,965,TRUE,Hungarian
stan1288,manufacture,965,TRUE,Spanish
stan1288,sensual,965,TRUE,Spanish
stan1290,fiscal,965,TRUE,French
ital1282,vice,964,TRUE,Italian
poli1260,instrument,964,TRUE,Polish
ital1282,staff,963,TRUE,Italian
scot1245,sir,963,FALSE,Scottish Gaelic
stan1290,indigent,963,TRUE,French
stan1290,sentimental,963,TRUE,French
lati1261,fare,962,FALSE,Latin
stan1288,cricket,962,FALSE,Spanish
stan1288,persuade,962,TRUE,Spanish
stan1288,sublime,962,TRUE,Spanish
stan1295,lunar,962,TRUE,German
stan1290,hobby,961,TRUE,French
stan1295,administrative,961,FALSE,German
wels1247,dew,961,FALSE,Welsh
port1283,tear,960,FALSE,Portuguese
stan1290,inattention,959,TRUE,French
wels1247,angel,959,TRUE,Welsh
stan1290,bug,956,TRUE,French
stan1290,surcharge,955,FALSE,French
scot1243,rent,954,FALSE,Scots
stan1290,palette,954,TRUE,French
czec1258,business,952,TRUE,Czech
lati1261,sons,952,FALSE,Latin
stan1290,expiration,952,TRUE,French
stan1290,masses,952,TRUE,French
stan1295,lax,952,TRUE,German
lati1261,inventor,951,TRUE,Latin
roma1327,sub,951,FALSE,Romanian
stan1288,robe,951,FALSE,Spanish
stan1290,orchestra,951,FALSE,French
stan1295,exquisite,951,FALSE,German
czec1258,pan,950,FALSE,Czech
stan1288,pun,950,FALSE,Spanish
czec1258,box,949,FALSE,Czech
lati1261,pine,949,FALSE,Latin
port1283,social,949,TRUE,Portuguese
stan1288,listen,949,FALSE,Spanish
afri1274,party,948,TRUE,Afrikaans
dutc1256,blind,948,TRUE,Dutch
port1283,bit,948,TRUE,Portuguese
lati1261,vile,947,FALSE,Latin
stan1288,capture,947,TRUE,Spanish
stan1290,gospel,947,TRUE,French
ital1282,sure,946,FALSE,Italian
scot1243,lift,946,FALSE,Scots
stan1290,profile,946,FALSE,French
stan1290,restitution,946,TRUE,French
stan1295,nominal,946,TRUE,German
hung1274,hit,945,FALSE,Hungarian
poli1260,pat,945,FALSE,Polish
stan1290,qualification,945,TRUE,French
lati1261,vices,944,FALSE,Latin
scot1245,math,944,FALSE,Scottish Gaelic
stan1290,irons,944,FALSE,French
stan1290,litres,944,FALSE,French
czec1258,woman,943,FALSE,Czech
stan1288,terminal,941,TRUE,Spanish
dutc1256,drop,940,TRUE,Dutch
lati1261,tense,940,FALSE,Latin
stan1288,editor,940,TRUE,Spanish
stan1290,linger,940,FALSE,French
stan1290,yen,940,TRUE,French
lati1261,absolute,939,FALSE,Latin
stan1295,alert,939,TRUE,German
stan1288,rodeo,938,TRUE,Spanish
lati1261,fertile,937,FALSE,Latin
oldn1244,sin,937,FALSE,Old Norse
port1283,sob,937,FALSE,Portuguese
stan1288,cope,937,FALSE,Spanish
stan1288,pastoral,937,TRUE,Spanish
stan1290,contributions,937,FALSE,French
stan1295,trivial,937,TRUE,German
stan1288,pipes,936,FALSE,Spanish
stan1288,resort,935,TRUE,Spanish
stan1288,snap,935,TRUE,Spanish
stan1288,inevitable,934,TRUE,Spanish
stan1290,barn,934,TRUE,French
stan1290,provinces,934,FALSE,French
dutc1256,skin,933,FALSE,Dutch
stan1288,container,933,TRUE,Spanish
stan1288,fluid,933,FALSE,Spanish
stan1288,runner,933,FALSE,Spanish
stan1288,tales,933,FALSE,Spanish
stan1290,administrative,933,FALSE,French
stan1290,sets,932,FALSE,French
stan1290,martyr,931,TRUE,French
viet1252,toe,931,FALSE,Vietnamese
nucl1643,demo,930,FALSE,Japanese
stan1290,saute,930,FALSE,French
ital1282,compare,929,FALSE,Italian
lati1261,arena,929,FALSE,Latin
mand1415,gel,929,TRUE,Mandarin Chinese
stan1290,abstinence,929,TRUE,French
dutc1256,fee,928,FALSE,Dutch
indo1316,pen,928,TRUE,Standard Indonesian
lati1261,convenient,928,FALSE,Latin
stan1288,memorial,928,TRUE,Spanish
swed1254,lag,928,FALSE,Swedish
wels1247,est,928,FALSE,Welsh
port1283,vigor,927,TRUE,Portuguese
scot1243,lad,926,TRUE,Scots
stan1290,intelligible,926,TRUE,French
lati1261,militia,925,FALSE,Latin
stan1290,infusion,925,TRUE,French
stan1290,spots,925,FALSE,French
taga1270,look,925,FALSE,Tagalog
afri1274,been,924,FALSE,Afrikaans
olde1238,sum,924,FALSE,Old English (ca. 450-1100)
stan1290,solo,924,TRUE,French
lati1261,excessive,923,FALSE,Latin
poli1260,metal,923,TRUE,Polish
stan1290,affluence,923,FALSE,French
stan1290,atlas,923,TRUE,French
stan1290,exclusion,923,TRUE,French
dutc1256,mast,922,TRUE,Dutch
ital1282,pub,922,TRUE,Italian
lati1261,altar,922,FALSE,Latin
stan1288,integral,922,TRUE,Spanish
stan1290,organiser,922,FALSE,French
stan1290,postage,922,TRUE,French
stan1290,types,922,FALSE,French
dutc1256,film,921,TRUE,Dutch
lati1261,axe,921,FALSE,Latin
lati1261,vomit,921,FALSE,Latin
scot1243,row,921,FALSE,Scots
stan1290,obstacles,921,FALSE,French
wels1247,band,921,TRUE,Welsh
ital1282,reduce,920,FALSE,Italian
port1283,remove,920,TRUE,Portuguese
stan1290,effective,920,FALSE,French
stan1290,temporal,920,TRUE,French
stan1290,illustration,919,TRUE,French
czec1258,ran,918,FALSE,Czech
lati1261,mas,918,FALSE,Latin
stan1290,intensive,918,FALSE,French
stan1290,races,918,FALSE,French
afri1274,trap,917,FALSE,Afrikaans
ital1282,feeling,917,FALSE,Italian
lati1261,dependent,916,FALSE,Latin
lati1261,vigor,916,TRUE,Latin
port1283,anal,916,TRUE,Portuguese
stan1290,disciple,916,TRUE,French
taga1270,day,916,FALSE,Tagalog
lati1261,expense,915,FALSE,Latin
poli1260,film,915,TRUE,Polish
stan1290,exclusive,915,FALSE,French
stan1290,patronage,915,TRUE,French
stan1288,fallen,914,FALSE,Spanish
stan1288,inventor,913,TRUE,Spanish
stan1288,saliva,913,TRUE,Spanish
stan1290,fugitive,913,TRUE,French
stan1290,reflux,913,TRUE,French
wels1247,gras,913,FALSE,Welsh
dutc1256,drank,912,FALSE,Dutch
lati1261,insignia,912,FALSE,Latin
port1283,phrase,912,FALSE,Portuguese
stan1290,blonde,912,TRUE,French
dani1285,tale,911,FALSE,Danish
port1283,times,911,FALSE,Portuguese
scot1243,went,911,FALSE,Scots
stan1288,pudding,911,TRUE,Spanish
stan1290,follower,911,TRUE,French
stan1290,serves,911,FALSE,French
dutc1256,leg,910,FALSE,Dutch
poli1260,bank,910,TRUE,Polish
stan1288,embrace,910,FALSE,Spanish
stan1290,insatiable,910,TRUE,French
poli1260,boy,909,TRUE,Polish
stan1288,spinning,909,TRUE,Spanish
stan1290,adaptation,909,TRUE,French
stan1290,ferry,909,TRUE,French
stan1290,frontal,909,TRUE,French
wels1247,ant,909,FALSE,Welsh
stan1290,segment,908,TRUE,French
lati1261,inactive,907,FALSE,Latin
stan1288,papal,907,TRUE,Spanish
stan1290,directions,907,FALSE,French
stan1290,turbulence,907,TRUE,French
finn1318,home,906,FALSE,Finnish
stan1288,banana,906,TRUE,Spanish
ital1282,dose,905,TRUE,Italian
stan1290,axis,905,TRUE,French
ital1282,stage,904,FALSE,Italian
stan1290,imminent,904,TRUE,French
stan1290,vestibule,904,TRUE,French
dutc1256,lag,903,FALSE,Dutch
lati1261,axis,903,FALSE,Latin
stan1288,revive,903,TRUE,Spanish
stan1290,embargo,902,TRUE,French
stan1290,incessant,902,TRUE,French
stan1295,nasal,902,TRUE,German
czec1258,done,901,FALSE,Czech
stan1288,faces,901,FALSE,Spanish
stan1290,ignore,901,FALSE,French
stan1290,marginal,901,TRUE,French
cebu1242,pan,900,FALSE,Cebuano
scot1243,pig,900,TRUE,Scots
stan1288,convoy,900,TRUE,Spanish
stan1288,puzzle,900,TRUE,Spanish
stan1290,princes,900,FALSE,French
stan1290,adoption,899,TRUE,French
dutc1256,taken,898,FALSE,Dutch
minn1241,sun,898,FALSE,Min Nan Chinese
roma1327,act,898,TRUE,Romanian
scot1245,call,898,FALSE,Scottish Gaelic
stan1288,frugal,898,TRUE,Spanish
wels1247,cell,898,TRUE,Welsh
finn1318,made,897,FALSE,Finnish
scot1243,university,897,TRUE,Scots
ital1282,prove,896,FALSE,Italian
stan1288,basis,896,TRUE,Spanish
stan1290,bomber,896,TRUE,French
stan1290,rats,896,FALSE,French
afri1274,name,895,TRUE,Afrikaans
stan1290,explosive,895,FALSE,French
stan1290,steamer,895,TRUE,French
scot1243,ear,894,FALSE,Scots
stan1288,mosquito,894,TRUE,Spanish
stan1290,dimensions,894,FALSE,French
wels1247,brain,894,FALSE,Welsh
stan1290,arcade,893,TRUE,French
stan1290,bricks,893,FALSE,French
stan1290,obligations,893,FALSE,French
dutc1256,deal,892,TRUE,Dutch
stan1295,sentimental,892,TRUE,German
stan1290,contemplation,891,TRUE,French
stan1295,abundant,891,TRUE,German
stan1295,abrupt,890,TRUE,German
mand1415,bug,888,TRUE,Mandarin Chinese
stan1288,intimate,888,FALSE,Spanish
stan1290,cascade,888,TRUE,French
afri1274,room,887,FALSE,Afrikaans
stan1290,export,887,TRUE,French
stan1290,inversion,887,TRUE,French
lati1261,eras,886,FALSE,Latin
mand1415,prefer,886,TRUE,Mandarin Chinese
stan1290,flagrant,886,TRUE,French
stan1290,papal,885,TRUE,French
stan1290,substantive,885,FALSE,French
wels1247,crib,885,FALSE,Welsh
stan1290,designer,884,TRUE,French
stan1290,impasse,884,TRUE,French
stan1290,multiplication,884,TRUE,French
stan1295,explosive,883,FALSE,German
olde1238,cot,882,FALSE,Old English (ca. 450-1100)
stan1288,clamor,882,TRUE,Spanish
stan1290,adoration,882,TRUE,French
stan1290,dispersion,882,TRUE,French
lati1261,defer,881,FALSE,Latin
olde1238,great,881,TRUE,Old English (ca. 450-1100)
roma1327,job,881,TRUE,Romanian
stan1288,bug,881,TRUE,Spanish
stan1288,torture,881,TRUE,Spanish
stan1290,caricature,881,TRUE,French
stan1290,gratification,881,TRUE,French
stan1290,reformer,881,FALSE,French
dutc1256,winter,880,TRUE,Dutch
lati1261,fax,880,FALSE,Latin
lati1261,objective,880,FALSE,Latin
stan1288,cases,880,FALSE,Spanish
stan1290,digest,879,TRUE,French
stan1290,objective,879,FALSE,French
stan1290,pollution,879,TRUE,French
czec1258,proud,878,FALSE,Czech
stan1290,dues,878,FALSE,French
stan1290,succulent,878,TRUE,French
stan1295,sublime,878,FALSE,German
stan1288,sentimental,877,TRUE,Spanish
stan1290,cop,877,TRUE,French
stan1290,skate,877,FALSE,French
stan1295,kitten,877,FALSE,German
lati1261,interim,876,FALSE,Latin
lati1261,verses,876,FALSE,Latin
nucl1643,wan,876,TRUE,Japanese
stan1290,abstraction,876,TRUE,French
stan1290,coalition,876,TRUE,French
stan1290,congestion,876,TRUE,French
dani1285,like,875,FALSE,Danish
lati1261,eminent,875,FALSE,Latin
lati1261,violate,875,FALSE,Latin
port1283,net,875,FALSE,Portuguese
stan1290,dates,875,FALSE,French
dutc1256,lost,874,FALSE,Dutch
indo1316,film,874,TRUE,Standard Indonesian
stan1288,tribute,874,FALSE,Spanish
wels1247,laid,874,FALSE,Welsh
afri1274,open,873,TRUE,Afrikaans
lati1261,heres,872,FALSE,Latin
stan1288,trans,872,TRUE,Spanish
afri1274,gang,871,FALSE,Afrikaans
lati1261,lines,871,FALSE,Latin
stan1288,pros,871,FALSE,Spanish
stan1290,concise,871,FALSE,French
stan1290,excise,871,FALSE,French
port1283,tribunal,870,TRUE,Portuguese
stan1290,grammatical,870,TRUE,French
stan1290,quota,870,TRUE,French
stan1290,repentance,870,TRUE,French
stan1295,eminent,870,TRUE,German
port1283,official,869,FALSE,Portuguese
lati1261,meant,868,FALSE,Latin
stan1290,affirmative,868,FALSE,French
lati1261,exit,867,FALSE,Latin
mand1415,quota,867,TRUE,Mandarin Chinese
afri1274,stem,866,FALSE,Afrikaans
ital1282,scratch,866,TRUE,Italian
dutc1256,tin,865,TRUE,Dutch
lati1261,resolve,865,FALSE,Latin
stan1288,mouse,865,FALSE,Spanish
stan1288,visual,865,TRUE,Spanish
lati1261,indicate,864,FALSE,Latin
sout1528,dim,864,FALSE,Serbian-Croatian-Bosnian
swed1254,rum,864,FALSE,Swedish
tokp1240,save,864,FALSE,Tok Pisin
wels1247,got,864,FALSE,Welsh
wels1247,pop,864,TRUE,Welsh
port1283,bend,863,TRUE,Portuguese
stan1288,feelings,863,TRUE,Spanish
stan1290,diffusion,863,TRUE,French
stan1290,halo,863,TRUE,French
stan1290,impotent,863,TRUE,French
stan1288,editorial,862,TRUE,Spanish
stan1288,taco,862,TRUE,Spanish
stan1290,barber,862,FALSE,French
stan1290,caramel,862,TRUE,French
stan1295,hops,862,FALSE,German
stan1295,ups,862,FALSE,German
wels1247,mud,862,FALSE,Welsh
dutc1256,pit,861,TRUE,Dutch
dutc1256,twist,861,TRUE,Dutch
lati1261,asses,861,FALSE,Latin
stan1288,endure,861,FALSE,Spanish
stan1288,exile,861,TRUE,Spanish
stan1290,ventilation,861,TRUE,French
mand1415,pea,860,FALSE,Mandarin Chinese
port1283,chance,860,TRUE,Portuguese
stan1290,gala,860,TRUE,French
nucl1301,men,859,FALSE,Turkish
stan1288,bodies,859,FALSE,Spanish
wels1247,bum,859,FALSE,Welsh
czec1258,film,858,TRUE,Czech
dani1285,set,858,FALSE,Danish
stan1288,gin,858,TRUE,Spanish
dutc1256,interest,857,TRUE,Dutch
finn1318,see,857,FALSE,Finnish
ital1282,guide,857,TRUE,Italian
lati1261,notes,857,FALSE,Latin
stan1288,invite,857,TRUE,Spanish
ital1282,batter,856,FALSE,Italian
stan1290,gentlemen,856,FALSE,French
stan1290,rote,856,TRUE,French
stan1290,drainage,855,TRUE,French
stan1290,migration,855,TRUE,French
indo1316,talk,854,FALSE,Standard Indonesian
ital1282,morale,854,TRUE,Italian
stan1290,importer,854,FALSE,French
roma1327,die,853,FALSE,Romanian
lati1261,parties,852,FALSE,Latin
dutc1256,rust,851,FALSE,Dutch
stan1290,provocation,851,TRUE,French
stan1290,transition,851,TRUE,French
dutc1256,boot,850,FALSE,Dutch
stan1288,navy,850,TRUE,Spanish
wels1247,bro,850,FALSE,Welsh
olde1238,hire,849,FALSE,Old English (ca. 450-1100)
dutc1256,hare,848,FALSE,Dutch
lati1261,confine,848,FALSE,Latin
lati1261,sacrifices,848,FALSE,Latin
poli1260,ran,847,FALSE,Polish
port1283,interior,847,TRUE,Portuguese
port1283,material,847,TRUE,Portuguese
indo1316,radio,846,TRUE,Standard Indonesian
lati1261,differ,845,FALSE,Latin
soma1255,mid,845,FALSE,Somali
stan1288,lab,845,TRUE,Spanish
stan1288,pause,845,TRUE,Spanish
stan1290,handicap,845,TRUE,French
stan1290,ignition,845,TRUE,French
stan1290,tore,845,TRUE,French
ital1282,native,844,FALSE,Italian
lati1261,circuit,844,FALSE,Latin
lati1261,parent,843,FALSE,Latin
stan1288,inspire,843,TRUE,Spanish
stan1288,spray,843,TRUE,Spanish
stan1290,agenda,842,FALSE,French
port1283,thread,841,TRUE,Portuguese
roma1327,plan,841,TRUE,Romanian
stan1290,rapt,841,FALSE,French
stan1295,inert,841,TRUE,German
ital1282,shock,840,TRUE,Italian
lati1261,agent,840,FALSE,Latin
stan1290,commons,840,FALSE,French
stan1290,snack,840,TRUE,French
stan1295,mobile,840,FALSE,German
port1283,pipe,839,TRUE,Portuguese
stan1288,marine,839,TRUE,Spanish
stan1288,tutor,839,TRUE,Spanish
stan1290,consistent,839,FALSE,French
swed1254,case,839,TRUE,Swedish
stan1290,dominion,838,TRUE,French
stan1290,poignant,838,TRUE,French
stan1290,indistinct,837,TRUE,French
finn1318,tie,836,FALSE,Finnish
scot1245,mean,836,FALSE,Scottish Gaelic
stan1290,bastion,836,TRUE,French
stan1290,tonic,836,TRUE,French
dutc1256,deed,835,FALSE,Dutch
poli1260,shake,835,TRUE,Polish
stan1288,penal,835,TRUE,Spanish
lati1261,diligent,834,FALSE,Latin
port1283,shot,834,TRUE,Portuguese
stan1288,contender,834,FALSE,Spanish
stan1290,constituent,834,FALSE,French
lati1261,advocate,833,FALSE,Latin
port1283,logo,833,FALSE,Portuguese
stan1290,arsenic,833,TRUE,French
stan1290,malaise,833,TRUE,French
stan1290,perspiration,833,TRUE,French
stan1290,rings,833,FALSE,French
ital1282,coach,832,TRUE,Italian
roma1327,land,832,TRUE,Romanian
roma1327,show,832,TRUE,Romanian
stan1288,sector,831,TRUE,Spanish
stan1290,impact,831,TRUE,French
swed1254,post,831,TRUE,Swedish
czec1258,pit,830,FALSE,Czech
dutc1256,held,830,FALSE,Dutch
esto1258,end,830,FALSE,Estonian
poli1260,news,830,TRUE,Polish
poli1260,race,830,FALSE,Polish
stan1290,inexorable,830,TRUE,French
wels1247,camp,830,FALSE,Welsh
port1283,china,829,FALSE,Portuguese
stan1290,extensive,829,FALSE,French
stan1290,squash,828,TRUE,French
hung1274,bank,827,TRUE,Hungarian
scot1245,lit,827,FALSE,Scottish Gaelic
stan1288,clutch,827,FALSE,Spanish
stan1290,applicable,826,TRUE,French
stan1290,soluble,826,TRUE,French
ital1282,provide,825,FALSE,Italian
mand1415,outlook,825,FALSE,Mandarin Chinese
port1283,plane,825,FALSE,Portuguese
stan1288,cancel,825,FALSE,Spanish
stan1290,antidote,825,TRUE,French
stan1290,complication,825,TRUE,French
indo1316,material,824,TRUE,Standard Indonesian
oldn1244,land,824,TRUE,Old Norse
port1283,rate,824,FALSE,Portuguese
stan1290,incursion,824,TRUE,French
swed1254,poet,824,TRUE,Swedish
czec1258,arch,823,FALSE,Czech
port1283,final,823,TRUE,Portuguese
dani1285,god,822,FALSE,Danish
finn1318,person,822,FALSE,Finnish
lati1261,curse,822,FALSE,Latin
lati1261,dissolve,822,FALSE,Latin
stan1288,perceptible,822,TRUE,Spanish
stan1290,contagion,822,TRUE,French
stan1290,vintage,822,TRUE,French
lati1261,duplex,821,FALSE,Latin
lati1261,genuine,821,FALSE,Latin
stan1288,costar,821,FALSE,Spanish
stan1288,extended,821,FALSE,Spanish
ital1282,volume,820,TRUE,Italian
mand1415,facial,820,TRUE,Mandarin Chinese
roma1327,capital,820,TRUE,Romanian
roma1327,minister,820,FALSE,Romanian
stan1288,induce,820,TRUE,Spanish
stan1288,salad,820,FALSE,Spanish
stan1306,mas,820,FALSE,Standard Malay
afri1274,bank,819,TRUE,Afrikaans
afri1274,state,819,TRUE,Afrikaans
ital1282,costume,819,TRUE,Italian
stan1290,bonus,819,TRUE,French
stan1290,rational,819,FALSE,French
stan1290,volatile,819,FALSE,French
stan1288,tropical,818,TRUE,Spanish
stan1290,clique,818,TRUE,French
stan1290,compatible,818,TRUE,French
swed1254,got,818,FALSE,Swedish
stan1290,planning,816,FALSE,French
afri1274,drink,815,TRUE,Afrikaans
finn1318,country,815,TRUE,Finnish
hung1274,motor,815,TRUE,Hungarian
indo1316,stop,815,TRUE,Standard Indonesian
sout1528,lice,815,FALSE,Serbian-Croatian-Bosnian
stan1290,classification,815,TRUE,French
stan1290,fines,815,FALSE,French
stan1290,intersection,815,TRUE,French
stan1290,mannequin,815,TRUE,French
wels1247,mas,815,FALSE,Welsh
dutc1256,elf,814,TRUE,Dutch
dutc1256,elf,814,FALSE,Dutch
dutc1256,flat,814,TRUE,Dutch
wels1247,plaid,814,FALSE,Welsh
afri1274,boom,813,FALSE,Afrikaans
czec1258,body,813,FALSE,Czech
dutc1256,offer,813,FALSE,Dutch
lati1261,maximum,813,TRUE,Latin
stan1290,dangers,813,FALSE,French
stan1290,grouse,813,FALSE,French
dutc1256,frame,812,TRUE,Dutch
iris1253,brain,812,FALSE,Irish
port1283,bottom,812,TRUE,Portuguese
port1283,cal,812,FALSE,Portuguese
port1283,star,812,FALSE,Portuguese
stan1288,combine,811,TRUE,Spanish
stan1290,bluff,811,TRUE,French
stan1295,oxygen,811,TRUE,German
swed1254,hot,811,FALSE,Swedish
stan1288,describe,810,TRUE,Spanish
stan1290,hangar,810,TRUE,French
stan1290,jazz,810,TRUE,French
icel1247,kind,809,TRUE,Icelandic
latv1249,man,809,FALSE,Latvian
stan1290,opium,809,TRUE,French
ital1282,sore,808,FALSE,Italian
stan1288,impulse,808,FALSE,Spanish
afri1274,skip,807,FALSE,Afrikaans
icel1247,land,807,TRUE,Icelandic
iris1253,age,807,FALSE,Irish
nucl1643,aware,807,FALSE,Japanese
port1283,comes,807,FALSE,Portuguese
stan1288,confine,807,TRUE,Spanish
stan1288,enigma,807,TRUE,Spanish
stan1290,bits,807,FALSE,French
stan1290,menus,807,FALSE,French
stan1290,silhouette,807,TRUE,French
stan1295,picket,807,FALSE,German
ital1282,bitter,805,FALSE,Italian
stan1288,impersonal,805,TRUE,Spanish
stan1288,torpedo,805,TRUE,Spanish
stan1290,chiffon,805,FALSE,French
stan1290,tester,805,FALSE,French
swed1254,bed,805,FALSE,Swedish
stan1288,perpendicular,804,TRUE,Spanish
stan1290,chaos,804,TRUE,French
dutc1256,warm,803,TRUE,Dutch
iris1253,cloth,803,FALSE,Irish
ital1282,delicate,803,FALSE,Italian
lati1261,optimum,803,FALSE,Latin
stan1288,definite,803,FALSE,Spanish
stan1290,audition,803,TRUE,French
stan1290,cons,803,FALSE,French
stan1290,drops,803,FALSE,French
stan1290,expire,803,TRUE,French
swed1254,small,803,FALSE,Swedish
dutc1256,brand,802,FALSE,Dutch
stan1288,glacial,802,TRUE,Spanish
stan1290,amplifier,802,FALSE,French
poli1260,ego,801,FALSE,Polish
stan1288,marginal,801,TRUE,Spanish
stan1290,excavation,801,TRUE,French
stan1290,thermal,801,TRUE,French
wels1247,gas,801,FALSE,Welsh
dutc1256,fat,800,FALSE,Dutch
lati1261,conjecture,800,FALSE,Latin
lati1261,imagines,800,FALSE,Latin
lati1261,sufficient,800,FALSE,Latin
scot1243,son,800,TRUE,Scots
stan1290,mini,800,FALSE,French
dutc1256,worm,799,TRUE,Dutch
port1283,delay,799,TRUE,Portuguese
stan1288,relax,799,FALSE,Spanish
stan1290,narrative,799,FALSE,French
swed1254,service,799,TRUE,Swedish
lati1261,attribute,798,FALSE,Latin
lati1261,bee,798,FALSE,Latin
poli1260,hurt,798,FALSE,Polish
stan1288,intrigue,798,TRUE,Spanish
stan1290,adolescent,798,TRUE,French
stan1290,longitude,798,TRUE,French
stan1290,scare,798,FALSE,French
stan1295,sank,798,FALSE,German
stan1290,cleaner,797,FALSE,French
stan1290,pots,797,FALSE,French
lati1261,pasture,796,FALSE,Latin
port1283,view,796,TRUE,Portuguese
stan1288,bro,796,TRUE,Spanish
stan1288,sample,796,TRUE,Spanish
dutc1256,sleep,795,FALSE,Dutch
dutc1256,subject,795,TRUE,Dutch
roma1327,stop,795,TRUE,Romanian
stan1290,abusive,795,FALSE,French
stan1290,intuition,795,TRUE,French
port1283,area,794,FALSE,Portuguese
stan1288,uses,794,FALSE,Spanish
stan1290,pamphlet,794,TRUE,French
stan1290,pertinent,794,TRUE,French
ital1282,west,793,FALSE,Italian
lati1261,anticipate,793,FALSE,Latin
stan1288,flux,793,FALSE,Spanish
stan1290,vices,793,FALSE,French
scot1245,cat,792,TRUE,Scottish Gaelic
stan1290,voyages,792,FALSE,French
ital1282,complete,791,FALSE,Italian
port1283,boy,791,TRUE,Portuguese
stan1290,absorption,791,TRUE,French
stan1295,proportional,791,TRUE,German
olde1238,hand,790,TRUE,Old English (ca. 450-1100)
poli1260,enter,790,FALSE,Polish
port1283,costume,790,TRUE,Portuguese
stan1288,faced,790,FALSE,Spanish
stan1288,nominal,790,TRUE,Spanish
stan1290,convertible,790,TRUE,French
swed1254,ring,790,TRUE,Swedish
afri1274,ink,789,TRUE,Afrikaans
scot1245,con,789,FALSE,Scottish Gaelic
stan1290,cigarettes,789,FALSE,French
stan1290,dispositions,789,FALSE,French
stan1290,prestige,789,TRUE,French
stan1290,concierge,788,TRUE,French
stan1290,opulent,788,TRUE,French
wels1247,fed,788,FALSE,Welsh
dutc1256,nut,787,FALSE,Dutch
hung1274,fix,787,FALSE,Hungarian
hung1274,tort,787,FALSE,Hungarian
olde1238,com,787,FALSE,Old English (ca. 450-1100)
port1283,try,787,TRUE,Portuguese
stan1288,candidate,787,FALSE,Spanish
stan1288,comic,787,FALSE,Spanish
stan1288,investigate,787,TRUE,Spanish
stan1290,jurisprudence,787,FALSE,French
stan1290,rides,787,FALSE,French
tahi1242,fare,787,FALSE,Tahitian
lati1261,administer,786,FALSE,Latin
lati1261,appetite,786,FALSE,Latin
port1283,plural,785,TRUE,Portuguese
stan1290,abdomen,785,TRUE,French
stan1290,jersey,785,TRUE,French
wels1247,bag,785,TRUE,Welsh
lati1261,assistant,784,FALSE,Latin
lati1261,visa,784,FALSE,Latin
port1283,ice,784,FALSE,Portuguese
stan1288,covers,784,FALSE,Spanish
stan1295,blond,784,TRUE,German
afri1274,help,783,TRUE,Afrikaans
scot1243,able,783,FALSE,Scots
stan1288,relate,783,TRUE,Spanish
stan1290,aspire,783,TRUE,French
stan1290,intermittent,783,FALSE,French
stan1290,permanence,783,TRUE,French
stan1290,rebellion,783,FALSE,French
poli1260,shot,782,TRUE,Polish
stan1288,cluster,782,FALSE,Spanish
stan1290,email,782,TRUE,French
ital1282,standard,781,TRUE,Italian
lati1261,infer,781,FALSE,Latin
stan1290,illumination,781,TRUE,French
stan1290,premium,781,TRUE,French
stan1290,visa,781,TRUE,French
stan1295,paddle,781,FALSE,German
lati1261,confer,780,FALSE,Latin
stan1288,gel,780,TRUE,Spanish
stan1295,marginal,780,TRUE,German
port1283,familiar,779,TRUE,Portuguese
port1283,heap,779,TRUE,Portuguese
port1283,late,779,FALSE,Portuguese
stan1288,gradual,779,TRUE,Spanish
stan1290,progressive,779,FALSE,French
stan1290,tales,779,FALSE,French
hung1274,rest,778,FALSE,Hungarian
ital1282,urge,778,FALSE,Italian
lati1261,associate,778,FALSE,Latin
stan1288,broker,778,FALSE,Spanish
stan1288,travelling,778,FALSE,Spanish
stan1290,notification,778,TRUE,French
stan1290,quartz,778,TRUE,French
port1283,pope,777,TRUE,Portuguese
roma1327,stare,777,FALSE,Romanian
scot1243,account,777,FALSE,Scots
stan1288,closet,777,FALSE,Spanish
stan1290,pans,777,FALSE,French
stan1295,desolate,777,FALSE,German
czec1258,fit,776,TRUE,Czech
dutc1256,lamp,776,TRUE,Dutch
dutc1256,opening,776,TRUE,Dutch
dutc1256,ton,776,TRUE,Dutch
stan1290,cocktail,776,TRUE,French
stan1290,cruise,776,FALSE,French
stan1290,drone,776,TRUE,French
swed1254,hit,776,FALSE,Swedish
dutc1256,lift,775,TRUE,Dutch
stan1290,infatuation,775,FALSE,French
swed1254,hat,775,FALSE,Swedish
ital1282,sketch,774,TRUE,Italian
ital1282,unite,774,FALSE,Italian
poli1260,idea,774,TRUE,Polish
roma1327,drum,774,FALSE,Romanian
stan1288,ajar,774,FALSE,Spanish
stan1288,sip,774,FALSE,Spanish
stan1288,snack,774,TRUE,Spanish
stan1290,radius,774,TRUE,French
dutc1256,late,773,TRUE,Dutch
ital1282,china,773,FALSE,Italian
stan1290,ambulance,773,TRUE,French
finn1318,open,772,FALSE,Finnish
stan1288,raid,772,TRUE,Spanish
stan1290,mutation,772,TRUE,French
dani1285,sit,771,FALSE,Danish
port1283,rock,771,TRUE,Portuguese
stan1290,agricultural,771,TRUE,French
stan1290,bourgeoisie,771,TRUE,French
swed1254,plan,771,TRUE,Swedish
iris1253,ban,770,FALSE,Irish
lati1261,missile,770,TRUE,Latin
lati1261,auspices,769,FALSE,Latin
lati1261,benefit,769,FALSE,Latin
lati1261,cancer,769,TRUE,Latin
stan1290,diffuse,769,TRUE,French
stan1290,inexplicable,769,TRUE,French
stan1290,veto,769,TRUE,French
stan1288,portable,768,TRUE,Spanish
stan1290,microphone,768,TRUE,French
port1283,fashion,767,FALSE,Portuguese
stan1290,abolition,767,TRUE,French
stan1290,villa,767,TRUE,French
swed1254,visa,767,FALSE,Swedish
ital1282,soul,766,TRUE,Italian
port1283,legal,766,TRUE,Portuguese
stan1288,neutral,766,FALSE,Spanish
stan1290,coke,766,TRUE,French
stan1290,consternation,766,TRUE,French
stan1290,lions,766,FALSE,French
hawa1245,pale,765,FALSE,Hawaiian
lati1261,applause,765,TRUE,Latin
minn1241,kin,765,FALSE,Min Nan Chinese
port1283,total,765,TRUE,Portuguese
cebu1242,pay,764,FALSE,Cebuano
dutc1256,breed,764,FALSE,Dutch
finn1318,seen,764,FALSE,Finnish
lati1261,curator,764,FALSE,Latin
stan1290,fake,764,FALSE,French
wels1247,pant,764,FALSE,Welsh
ital1282,tube,763,TRUE,Italian
mand1415,tutor,763,TRUE,Mandarin Chinese
port1283,divide,763,TRUE,Portuguese
stan1288,scout,763,TRUE,Spanish
roma1327,text,762,TRUE,Romanian
stan1290,arsenal,762,TRUE,French
stan1290,revival,762,TRUE,French
lati1261,minimum,761,TRUE,Latin
stan1288,outlet,761,TRUE,Spanish
stan1290,glacier,761,TRUE,French
port1283,cotton,760,FALSE,Portuguese
stan1290,transports,760,FALSE,French
finn1318,sin,759,FALSE,Finnish
lati1261,disperse,759,FALSE,Latin
nucl1301,gun,759,FALSE,Turkish
stan1288,nasal,759,TRUE,Spanish
stan1288,video,759,TRUE,Spanish
dutc1256,spot,758,TRUE,Dutch
lati1261,momentum,758,TRUE,Latin
mand1415,fake,758,FALSE,Mandarin Chinese
stan1288,establishment,758,TRUE,Spanish
stan1288,pose,758,TRUE,Spanish
stan1290,justifiable,758,TRUE,French
stan1290,touches,758,FALSE,French
dani1285,side,757,TRUE,Danish
hung1274,sing,757,FALSE,Hungarian
lati1261,accuser,756,FALSE,Latin
nava1243,kin,756,FALSE,Navajo
stan1295,sprang,756,FALSE,German
afri1274,motor,755,TRUE,Afrikaans
stan1288,mediocre,755,TRUE,Spanish
stan1290,immoral,755,TRUE,French
swed1254,horse,755,TRUE,Swedish
ital1282,corona,754,TRUE,Italian
scot1243,ant,754,FALSE,Scots
stan1288,planes,754,FALSE,Spanish
stan1288,tour,754,TRUE,Spanish
stan1290,improbable,754,TRUE,French
stan1290,trader,754,TRUE,French
lati1261,tome,753,FALSE,Latin
stan1290,impeccable,753,TRUE,French
stan1290,purification,753,TRUE,French
stan1295,quake,753,FALSE,German
lati1261,spare,752,FALSE,Latin
lati1261,tribute,752,FALSE,Latin
poli1260,meeting,752,FALSE,Polish
port1283,alma,752,FALSE,Portuguese
port1283,frame,752,TRUE,Portuguese
stan1288,parking,752,TRUE,Spanish
stan1288,serial,752,TRUE,Spanish
lati1261,obsolete,751,FALSE,Latin
stan1288,tortilla,751,TRUE,Spanish
stan1290,immersion,751,TRUE,French
stan1290,stagnation,751,TRUE,French
poli1260,style,750,TRUE,Polish
stan1288,spa,750,TRUE,Spanish
stan1295,skate,750,FALSE,German
stan1288,penetrate,749,TRUE,Spanish
czec1258,step,748,FALSE,Czech
port1283,balance,748,FALSE,Portuguese
port1283,mover,748,FALSE,Portuguese
sout1528,pun,748,FALSE,Serbian-Croatian-Bosnian
stan1290,chips,748,TRUE,French
ital1282,prime,747,TRUE,Italian
stan1288,defense,747,FALSE,Spanish
stan1290,crumble,747,FALSE,French
stan1290,exceptions,747,FALSE,French
stan1290,mania,747,FALSE,French
dutc1256,gas,746,TRUE,Dutch
icel1247,inn,746,FALSE,Icelandic
stan1288,folk,745,TRUE,Spanish
stan1295,submarine,745,FALSE,German
indo1316,sun,744,FALSE,Standard Indonesian
poli1260,moment,744,TRUE,Polish
port1283,yield,744,TRUE,Portuguese
stan1290,coefficient,744,TRUE,French
lati1261,mole,743,FALSE,Latin
stan1290,plaid,743,TRUE,French
stan1290,sinus,743,TRUE,French
indo1316,jam,742,FALSE,Standard Indonesian
ital1282,agent,742,TRUE,Italian
lati1261,substitute,742,FALSE,Latin
stan1288,bracket,742,TRUE,Spanish
stan1288,tuna,742,TRUE,Spanish
lati1261,ridicule,741,FALSE,Latin
stan1288,echo,741,FALSE,Spanish
stan1290,anus,741,TRUE,French
swed1254,country,741,TRUE,Swedish
dutc1256,hang,740,TRUE,Dutch
dutc1256,trek,740,FALSE,Dutch
ital1282,trace,740,FALSE,Italian
stan1288,muscular,740,TRUE,Spanish
stan1290,coax,740,TRUE,French
czec1258,ring,739,TRUE,Czech
czec1258,tom,739,FALSE,Czech
lati1261,execute,739,FALSE,Latin
roma1327,live,739,TRUE,Romanian
stan1290,consultant,739,TRUE,French
stan1290,zest,739,TRUE,French
stan1290,barricade,738,TRUE,French
ital1282,manager,737,TRUE,Italian
stan1288,brandy,737,TRUE,Spanish
stan1288,clerical,737,TRUE,Spanish
stan1290,cries,737,FALSE,French
stan1290,oeuvre,737,FALSE,French
stan1290,pairs,737,FALSE,French
wels1247,gin,737,FALSE,Welsh
ital1282,musical,736,TRUE,Italian
lati1261,temperate,736,FALSE,Latin
pedi1238,bona,736,FALSE,Pedi
port1283,posse,736,FALSE,Portuguese
roma1327,open,736,TRUE,Romanian
stan1306,jam,736,FALSE,Standard Malay
wels1247,bran,736,TRUE,Welsh
afri1274,wild,735,TRUE,Afrikaans
stan1288,rings,735,FALSE,Spanish
stan1290,voltage,735,TRUE,French
viet1252,ram,735,FALSE,Vietnamese
wels1247,brown,735,TRUE,Welsh
nucl1643,wagon,734,FALSE,Japanese
port1283,ride,734,FALSE,Portuguese
port1283,singular,734,TRUE,Portuguese
port1283,tender,734,FALSE,Portuguese
stan1288,indispensable,734,TRUE,Spanish
stan1288,resemble,734,FALSE,Spanish
lati1261,vapor,733,FALSE,Latin
lush1249,thing,733,FALSE,Mizo
stan1290,destructive,733,FALSE,French
dani1285,fire,732,FALSE,Danish
dutc1256,storm,732,TRUE,Dutch
port1283,escape,732,TRUE,Portuguese
stan1288,calibre,732,TRUE,Spanish
stan1288,instructor,732,TRUE,Spanish
stan1288,intolerable,732,TRUE,Spanish
stan1290,comparable,732,TRUE,French
swah1253,safari,732,FALSE,Swahili
swed1254,tag,732,FALSE,Swedish
lati1261,destructive,731,FALSE,Latin
port1283,dispute,731,TRUE,Portuguese
stan1290,lectures,731,FALSE,French
stan1306,sore,731,TRUE,Standard Malay
mand1415,super,730,FALSE,Mandarin Chinese
stan1290,bike,730,FALSE,French
stan1290,diagonal,730,TRUE,French
stan1290,intoxication,730,TRUE,French
stan1288,shopping,729,TRUE,Spanish
stan1290,module,729,TRUE,French
stan1290,trolley,729,TRUE,French
ital1282,appetite,728,TRUE,Italian
czec1258,car,727,FALSE,Czech
dutc1256,steel,727,FALSE,Dutch
poli1260,fair,727,TRUE,Polish
stan1288,email,727,TRUE,Spanish
stan1290,app,727,FALSE,French
stan1290,colt,727,TRUE,French
stan1290,endurance,727,TRUE,French
stan1295,perverse,727,FALSE,German
dutc1256,slip,726,FALSE,Dutch
ital1282,vote,726,FALSE,Italian
port1283,defender,726,FALSE,Portuguese
port1283,design,726,TRUE,Portuguese
stan1295,emotional,726,TRUE,German
stan1295,impotent,726,TRUE,German
dutc1256,rang,725,FALSE,Dutch
indo1316,dim,725,FALSE,Standard Indonesian
nucl1643,motto,725,FALSE,Japanese
scot1245,lean,725,FALSE,Scottish Gaelic
indo1316,bank,724,TRUE,Standard Indonesian
stan1288,catalogue,724,TRUE,Spanish
stan1290,adore,724,TRUE,French
stan1290,baseball,724,TRUE,French
stan1290,colonial,724,TRUE,French
stan1290,continental,724,TRUE,French
stan1290,renaissance,724,TRUE,French
stan1295,heck,724,FALSE,German
taga1270,pain,724,FALSE,Tagalog
czec1258,rest,723,FALSE,Czech
lati1261,comparative,723,FALSE,Latin
lati1261,definite,723,FALSE,Latin
lati1261,virus,723,TRUE,Latin
stan1288,feudal,723,TRUE,Spanish
stan1290,observance,723,TRUE,French
stan1290,sentences,723,FALSE,French
lati1261,investigate,722,FALSE,Latin
stan1290,boulevard,722,TRUE,French
stan1290,occupant,722,TRUE,French
indo1316,ring,721,TRUE,Standard Indonesian
lati1261,structure,721,FALSE,Latin
roma1327,problem,721,FALSE,Romanian
stan1288,holds,721,FALSE,Spanish
stan1288,vague,721,FALSE,Spanish
stan1290,adorable,721,TRUE,French
stan1290,gramme,721,FALSE,French
dutc1256,station,720,TRUE,Dutch
port1283,motor,720,TRUE,Portuguese
roma1327,hair,720,FALSE,Romanian
stan1290,bled,720,FALSE,French
stan1290,objections,720,FALSE,French
stan1295,relevant,720,TRUE,German
czec1258,top,719,FALSE,Czech
icel1247,men,719,FALSE,Icelandic
stan1288,breaker,719,TRUE,Spanish
stan1288,crease,719,FALSE,Spanish
stan1288,detective,719,TRUE,Spanish
stan1288,imitate,719,TRUE,Spanish
stan1290,audit,719,TRUE,French
stan1290,correspondent,719,FALSE,French
stan1290,films,719,FALSE,French
ital1282,mate,718,TRUE,Italian
lati1261,figures,718,FALSE,Latin
stan1295,blink,718,TRUE,German
roma1327,case,717,FALSE,Romanian
roma1327,post,717,TRUE,Romanian
stan1288,chart,717,TRUE,Spanish
stan1288,invisible,717,TRUE,Spanish
stan1288,provincial,717,TRUE,Spanish
stan1290,productive,717,FALSE,French
dutc1256,song,716,TRUE,Dutch
esto1258,part,716,FALSE,Estonian
roma1327,corn,716,TRUE,Romanian
stan1288,incurable,716,TRUE,Spanish
stan1288,random,716,FALSE,Spanish
stan1290,brochure,716,TRUE,French
stan1290,conjure,716,FALSE,French
stan1290,tickets,716,FALSE,French
lati1261,creature,715,FALSE,Latin
lati1261,dense,715,FALSE,Latin
scot1245,mill,715,FALSE,Scottish Gaelic
stan1290,dislocation,715,TRUE,French
stan1290,dissident,715,TRUE,French
stan1295,orthodox,715,TRUE,German
lati1261,cervix,714,FALSE,Latin
stan1290,cultivation,714,TRUE,French
stan1290,hospice,714,TRUE,French
indo1316,unit,713,TRUE,Standard Indonesian
ital1282,benefit,713,TRUE,Italian
port1283,character,713,FALSE,Portuguese
stan1290,communal,713,FALSE,French
stan1290,orientation,713,TRUE,French
stan1290,rates,713,FALSE,French
dutc1256,mat,712,TRUE,Dutch
nava1243,din,712,FALSE,Navajo
stan1288,irresistible,712,TRUE,Spanish
stan1290,ions,712,FALSE,French
poli1260,cap,711,FALSE,Polish
port1283,block,711,TRUE,Portuguese
roma1327,radio,711,TRUE,Romanian
stan1290,cartilage,711,TRUE,French
afri1274,wet,710,FALSE,Afrikaans
dutc1256,port,710,TRUE,Dutch
icel1247,band,710,TRUE,Icelandic
indo1316,level,710,TRUE,Standard Indonesian
ital1282,flash,710,TRUE,Italian
lati1261,lives,710,FALSE,Latin
pali1273,pita,710,FALSE,Pali
port1283,popular,710,TRUE,Portuguese
stan1288,loft,710,TRUE,Spanish
stan1290,curling,710,TRUE,French
stan1290,domino,710,FALSE,French
stan1290,rectangle,710,TRUE,French
ital1282,moderate,709,TRUE,Italian
lati1261,aureus,709,TRUE,Latin
poli1260,spot,709,TRUE,Polish
poli1260,sum,709,TRUE,Polish
stan1288,plays,709,FALSE,Spanish
stan1288,venerable,709,TRUE,Spanish
stan1290,folk,709,TRUE,French
stan1290,ligament,709,TRUE,French
stan1290,massage,709,TRUE,French
ital1282,don,708,TRUE,Italian
scot1243,ing,708,FALSE,Scots
sout1528,car,708,FALSE,Serbian-Croatian-Bosnian
stan1290,fibres,708,FALSE,French
stan1290,notions,708,FALSE,French
czec1258,past,707,FALSE,Czech
iris1253,fail,707,FALSE,Irish
ital1282,humour,707,TRUE,Italian
poli1260,lady,707,TRUE,Polish
stan1290,attends,707,FALSE,French
stan1290,possessions,707,FALSE,French
ital1282,paste,706,TRUE,Italian
nucl1643,sue,706,FALSE,Japanese
stan1290,clients,706,FALSE,French
stan1290,interminable,706,FALSE,French
wels1247,euro,706,FALSE,Welsh
stan1290,condensation,705,TRUE,French
stan1290,importation,705,TRUE,French
stan1295,volatile,705,FALSE,German
afri1274,bar,704,FALSE,Afrikaans
lati1261,mixture,704,FALSE,Latin
lati1261,penetrate,704,FALSE,Latin
stan1288,implacable,704,TRUE,Spanish
stan1288,regulate,704,TRUE,Spanish
taga1270,taking,704,FALSE,Tagalog
stan1288,pages,702,FALSE,Spanish
dani1285,dig,701,FALSE,Danish
stan1290,participant,701,TRUE,French
stan1290,souvenirs,701,FALSE,French
stan1295,solvent,701,TRUE,German
ital1282,motto,700,TRUE,Italian
stan1288,admirable,700,TRUE,Spanish
stan1290,opaque,700,TRUE,French
stan1295,frontal,700,TRUE,German
lati1261,menses,699,TRUE,Latin
stan1288,fracture,699,TRUE,Spanish
stan1288,paternal,699,TRUE,Spanish
stan1288,refine,699,TRUE,Spanish
stan1290,gains,699,FALSE,French
wels1247,lid,699,FALSE,Welsh
dutc1256,garden,698,FALSE,Dutch
stan1288,bob,698,TRUE,Spanish
stan1288,digital,698,TRUE,Spanish
czec1258,gram,697,TRUE,Czech
ital1282,lame,697,TRUE,Italian
roma1327,film,697,TRUE,Romanian
stan1288,squat,697,TRUE,Spanish
stan1290,fanfare,697,TRUE,French
dutc1256,contract,696,TRUE,Dutch
poli1260,period,696,TRUE,Polish
roma1327,special,696,TRUE,Romanian
stan1288,innumerable,696,TRUE,Spanish
stan1290,click,696,FALSE,French
stan1290,duo,696,TRUE,French
stan1290,transcription,696,TRUE,French
czec1258,plot,695,FALSE,Czech
lati1261,prosper,695,FALSE,Latin
port1283,circular,695,TRUE,Portuguese
port1283,examine,695,TRUE,Portuguese
stan1288,portal,695,TRUE,Spanish
swed1254,box,695,TRUE,Swedish
nucl1301,post,694,FALSE,Turkish
stan1288,monitor,694,TRUE,Spanish
wels1247,chain,694,FALSE,Welsh
dani1285,stand,693,TRUE,Danish
dutc1256,glad,693,FALSE,Dutch
hung1274,lap,693,FALSE,Hungarian
poli1260,sad,693,FALSE,Polish
port1283,job,693,TRUE,Portuguese
stan1288,dense,693,FALSE,Spanish
stan1290,substances,693,FALSE,French
yoru1245,are,693,FALSE,Yoruba
indo1316,plan,692,TRUE,Standard Indonesian
stan1288,incomparable,692,TRUE,Spanish
stan1290,alpine,692,TRUE,French
stan1290,arbitration,692,TRUE,French
stan1290,mansion,692,TRUE,French
stan1290,proverbial,692,TRUE,French
swed1254,show,692,TRUE,Swedish
dutc1256,taste,691,FALSE,Dutch
finn1318,show,691,TRUE,Finnish
ital1282,driver,691,TRUE,Italian
lati1261,vigil,691,FALSE,Latin
stan1288,tables,691,FALSE,Spanish
stan1290,accession,691,TRUE,French
swed1254,mitt,691,FALSE,Swedish
dutc1256,string,690,TRUE,Dutch
lati1261,tales,690,FALSE,Latin
stan1288,cinema,690,TRUE,Spanish
stan1288,impenetrable,690,TRUE,Spanish
stan1290,aperture,690,TRUE,French
lati1261,statues,689,FALSE,Latin
mand1415,assignment,689,TRUE,Mandarin Chinese
roma1327,jig,689,FALSE,Romanian
roma1327,top,689,TRUE,Romanian
stan1290,observations,689,FALSE,French
ital1282,divine,688,TRUE,Italian
port1283,haste,688,FALSE,Portuguese
stan1288,propaganda,688,TRUE,Spanish
lati1261,emphasis,687,TRUE,Latin
lati1261,pastor,687,FALSE,Latin
stan1288,arsenal,687,TRUE,Spanish
stan1290,saline,687,TRUE,French
stan1295,rode,687,FALSE,German
roma1327,control,686,TRUE,Romanian
stan1288,lava,686,TRUE,Spanish
stan1290,colossal,686,TRUE,French
stan1290,engagements,686,FALSE,French
stan1290,obsession,686,TRUE,French
dutc1256,race,685,TRUE,Dutch
dutc1256,stock,685,TRUE,Dutch
lati1261,dent,685,FALSE,Latin
stan1288,regional,685,TRUE,Spanish
dutc1256,pond,684,FALSE,Dutch
ital1282,cave,684,FALSE,Italian
lati1261,accident,684,FALSE,Latin
lati1261,indefinite,684,FALSE,Latin
wels1247,pump,684,FALSE,Welsh
afri1274,hang,683,TRUE,Afrikaans
indo1316,flat,683,TRUE,Standard Indonesian
indo1316,problem,683,TRUE,Standard Indonesian
stan1290,identification,683,TRUE,French
iris1253,ball,682,FALSE,Irish
ital1282,leader,682,TRUE,Italian
lati1261,apparent,682,FALSE,Latin
lati1261,promote,682,FALSE,Latin
stan1288,honorable,682,TRUE,Spanish
lati1261,classes,681,FALSE,Latin
lati1261,protector,681,TRUE,Latin
port1283,original,681,TRUE,Portuguese
stan1288,cables,681,FALSE,Spanish
stan1290,composite,681,TRUE,French
stan1290,crimes,681,FALSE,French
stan1290,monitor,681,TRUE,French
stan1290,mutilation,681,TRUE,French
afri1274,arm,680,TRUE,Afrikaans
dutc1256,win,680,TRUE,Dutch
ital1282,nun,680,FALSE,Italian
ital1282,oppose,680,FALSE,Italian
lati1261,adjective,680,FALSE,Latin
lati1261,fungi,680,FALSE,Latin
mand1415,dump,680,TRUE,Mandarin Chinese
nucl1643,samurai,680,FALSE,Japanese
roma1327,secret,680,TRUE,Romanian
stan1288,hesitate,680,TRUE,Spanish
dutc1256,vent,679,FALSE,Dutch
lati1261,candidate,679,FALSE,Latin
lati1261,transparent,679,FALSE,Latin
roma1327,stand,679,TRUE,Romanian
sout1528,sad,679,FALSE,Serbian-Croatian-Bosnian
stan1288,canopy,679,FALSE,Spanish
stan1295,irrational,679,TRUE,German
taga1270,akin,679,FALSE,Tagalog
afri1274,brand,678,FALSE,Afrikaans
ital1282,appeal,678,TRUE,Italian
ital1282,confine,678,FALSE,Italian
ital1282,mere,678,FALSE,Italian
stan1290,qualifier,678,FALSE,French
stan1290,quarts,678,FALSE,French
dani1285,land,677,TRUE,Danish
dutc1256,tent,677,TRUE,Dutch
lati1261,ample,677,FALSE,Latin
stan1288,borne,677,FALSE,Spanish
stan1288,diagonal,677,TRUE,Spanish
stan1288,violate,677,TRUE,Spanish
stan1290,alien,677,TRUE,French
stan1290,comprise,677,FALSE,French
swed1254,lie,677,FALSE,Swedish
dutc1256,ale,676,TRUE,Dutch
dutc1256,green,676,TRUE,Dutch
stan1288,discipline,676,FALSE,Spanish
stan1288,indicate,676,TRUE,Spanish
stan1290,destroyer,676,TRUE,French
stan1290,pollen,676,TRUE,French
lati1261,bearer,675,FALSE,Latin
roma1327,social,675,TRUE,Romanian
stan1290,boxes,675,FALSE,French
stan1290,happening,675,TRUE,French
stan1295,intern,675,FALSE,German
stan1295,regional,675,TRUE,German
lati1261,pulse,674,FALSE,Latin
stan1288,axis,674,TRUE,Spanish
stan1288,medley,674,TRUE,Spanish
stan1288,tolerable,674,TRUE,Spanish
stan1290,gallon,674,TRUE,French
stan1288,zinc,673,TRUE,Spanish
stan1290,admonition,673,TRUE,French
stan1290,latent,673,TRUE,French
stan1290,palpable,673,TRUE,French
czec1258,love,672,FALSE,Czech
iris1253,call,672,TRUE,Irish
poli1260,lord,672,TRUE,Polish
stan1288,mane,672,FALSE,Spanish
stan1288,stands,672,FALSE,Spanish
stan1288,trance,672,TRUE,Spanish
stan1295,submissive,672,FALSE,German
swed1254,fin,672,FALSE,Swedish
wels1247,cod,672,FALSE,Welsh
afri1274,sing,671,TRUE,Afrikaans
dani1285,gang,671,FALSE,Danish
dutc1256,shot,671,TRUE,Dutch
ital1282,continue,671,FALSE,Italian
nucl1643,node,671,FALSE,Japanese
olds1249,con,671,FALSE,Old Spanish
stan1288,fervor,671,TRUE,Spanish
stan1288,pagan,671,FALSE,Spanish
stan1288,trading,671,TRUE,Spanish
dutc1256,stamp,670,TRUE,Dutch
latv1249,pie,670,FALSE,Latvian
mand1415,printer,670,TRUE,Mandarin Chinese
sout1528,list,670,FALSE,Serbian-Croatian-Bosnian
poli1260,cool,669,TRUE,Polish
stan1290,liner,669,TRUE,French
stan1295,agile,669,FALSE,German
czec1258,lose,668,FALSE,Czech
dutc1256,bare,668,FALSE,Dutch
ital1282,transfer,668,TRUE,Italian
lati1261,page,668,FALSE,Latin
stan1288,federal,668,TRUE,Spanish
stan1288,vacuum,668,TRUE,Spanish
stan1290,passages,668,FALSE,French
lati1261,induce,667,FALSE,Latin
lati1261,prostitute,667,FALSE,Latin
roma1327,poetic,667,TRUE,Romanian
stan1295,spinal,667,TRUE,German
swed1254,slut,667,FALSE,Swedish
lati1261,maritime,666,TRUE,Latin
poli1260,ton,666,FALSE,Polish
stan1290,subdivision,666,TRUE,French
finn1318,face,665,FALSE,Finnish
ital1282,automobile,665,TRUE,Italian
lati1261,continent,665,FALSE,Latin
poli1260,fur,665,FALSE,Polish
roma1327,period,665,FALSE,Romanian
stan1288,furor,665,TRUE,Spanish
stan1288,postpone,665,FALSE,Spanish
stan1290,dais,665,TRUE,French
dutc1256,bridge,664,TRUE,Dutch
stan1290,bats,664,FALSE,French
stan1290,irrigation,664,TRUE,French
dani1285,min,663,FALSE,Danish
dutc1256,lap,663,FALSE,Dutch
lati1261,persuade,663,FALSE,Latin
stan1288,causes,663,FALSE,Spanish
stan1290,nickel,663,TRUE,French
swed1254,list,663,FALSE,Swedish
hung1274,arc,662,FALSE,Hungarian
lati1261,ages,662,FALSE,Latin
lati1261,universe,662,FALSE,Latin
roma1327,metal,662,TRUE,Romanian
scot1243,calf,662,FALSE,Scots
stan1290,aberration,662,TRUE,French
stan1290,omelette,662,TRUE,French
stan1290,wafer,662,TRUE,French
iris1253,ear,661,FALSE,Irish
lati1261,chorus,661,TRUE,Latin
lati1261,dementia,661,FALSE,Latin
scot1245,fad,661,FALSE,Scottish Gaelic
stan1288,diploma,661,TRUE,Spanish
stan1288,parasite,661,FALSE,Spanish
stan1290,copies,661,FALSE,French
wels1247,blew,661,FALSE,Welsh
dutc1256,letters,660,FALSE,Dutch
finn1318,lie,660,FALSE,Finnish
indo1316,spirit,660,TRUE,Standard Indonesian
lati1261,sincere,660,FALSE,Latin
stan1288,elemental,660,TRUE,Spanish
stan1288,oval,660,TRUE,Spanish
stan1290,designs,660,FALSE,French
stan1290,explorer,660,FALSE,French
stan1290,slam,660,TRUE,French
lati1261,tumor,659,TRUE,Latin
port1283,control,659,TRUE,Portuguese
sout1528,god,659,FALSE,Serbian-Croatian-Bosnian
stan1288,jersey,659,FALSE,Spanish
stan1288,precise,659,FALSE,Spanish
stan1290,probation,659,TRUE,French
dutc1256,term,658,TRUE,Dutch
lati1261,acumen,658,FALSE,Latin
lati1261,polite,658,FALSE,Latin
stan1288,bride,658,FALSE,Spanish
stan1290,insane,658,TRUE,French
stan1290,motions,658,FALSE,French
dutc1256,speed,657,TRUE,Dutch
olde1238,full,657,FALSE,Old English (ca. 450-1100)
roma1327,must,657,TRUE,Romanian
stan1288,cerebral,657,TRUE,Spanish
stan1290,caste,657,TRUE,French
stan1290,flop,657,TRUE,French
stan1290,latte,657,TRUE,French
dutc1256,oven,656,TRUE,Dutch
stan1290,transgression,656,TRUE,French
stan1295,exorbitant,656,TRUE,German
hung1274,bit,655,TRUE,Hungarian
lati1261,limes,655,FALSE,Latin
scot1243,pan,655,FALSE,Scots
stan1288,durable,655,TRUE,Spanish
stan1288,graduate,655,FALSE,Spanish
stan1288,whisky,655,TRUE,Spanish
stan1290,mural,655,TRUE,French
stan1290,tropical,655,TRUE,French
stan1295,cooler,655,FALSE,German
lati1261,grate,654,FALSE,Latin
stan1290,avalanche,654,TRUE,French
stan1290,consolidation,654,TRUE,French
stan1290,efficient,654,TRUE,French
ital1282,disco,653,FALSE,Italian
port1283,exterior,653,TRUE,Portuguese
stan1288,rider,653,TRUE,Spanish
czec1258,drop,652,FALSE,Czech
nucl1301,sun,652,FALSE,Turkish
stan1288,halo,652,TRUE,Spanish
dani1285,drive,651,TRUE,Danish
roma1327,ion,651,TRUE,Romanian
stan1288,tablet,651,TRUE,Spanish
stan1290,addict,651,TRUE,French
dutc1256,big,650,FALSE,Dutch
ital1282,pope,650,FALSE,Italian
port1283,single,650,TRUE,Portuguese
stan1288,dome,650,FALSE,Spanish
stan1288,role,650,FALSE,Spanish
swed1254,party,650,TRUE,Swedish
lati1261,nave,649,FALSE,Latin
port1283,canal,649,TRUE,Portuguese
stan1288,underground,649,TRUE,Spanish
stan1290,amplitude,649,TRUE,French
stan1290,dissection,649,TRUE,French
stan1290,intrusion,649,TRUE,French
ital1282,climb,648,TRUE,Italian
stan1288,app,648,TRUE,Spanish
stan1288,trader,648,TRUE,Spanish
stan1290,habitable,648,TRUE,French
stan1290,mitigation,648,TRUE,French
stan1290,notation,648,TRUE,French
scot1243,bent,647,FALSE,Scots
stan1288,verses,647,FALSE,Spanish
stan1290,digital,647,TRUE,French
stan1290,tubes,647,FALSE,French
stan1295,hats,647,FALSE,German
stan1290,glands,646,FALSE,French
stan1290,passes,646,FALSE,French
ital1282,fertile,645,TRUE,Italian
lati1261,passionate,645,FALSE,Latin
nucl1301,ark,645,FALSE,Turkish
poli1260,habit,645,TRUE,Polish
sout1528,lose,645,FALSE,Serbian-Croatian-Bosnian
stan1288,ceremonial,645,TRUE,Spanish
stan1290,exploration,645,TRUE,French
stan1290,polar,645,FALSE,French
stan1295,affirmative,645,FALSE,German
dutc1256,acid,644,TRUE,Dutch
stan1290,expressive,644,FALSE,French
stan1290,proportions,644,FALSE,French
stan1290,ratification,644,TRUE,French
stan1295,simmer,644,FALSE,German
wels1247,fore,644,FALSE,Welsh
dutc1256,rent,643,FALSE,Dutch
dutc1256,tone,643,FALSE,Dutch
iris1253,bun,643,FALSE,Irish
lati1261,vacuum,643,FALSE,Latin
dutc1256,mate,642,FALSE,Dutch
ital1282,polite,642,FALSE,Italian
nucl1643,mare,642,FALSE,Japanese
port1283,debate,642,TRUE,Portuguese
port1283,soul,642,TRUE,Portuguese
roma1327,got,642,FALSE,Romanian
roma1327,idea,642,FALSE,Romanian
stan1288,eclipse,641,TRUE,Spanish
stan1295,massive,641,FALSE,German
port1283,irregular,640,TRUE,Portuguese
stan1288,eternal,640,TRUE,Spanish
stan1288,ritual,640,TRUE,Spanish
stan1288,status,640,FALSE,Spanish
stan1290,modes,640,FALSE,French
swed1254,bill,640,FALSE,Swedish
czec1258,bud,639,FALSE,Czech
lati1261,spectator,639,TRUE,Latin
poli1260,leg,639,FALSE,Polish
port1283,artificial,639,TRUE,Portuguese
stan1288,footing,639,FALSE,Spanish
stan1290,cobalt,639,TRUE,French
stan1290,nobles,639,FALSE,French
ital1282,scene,638,TRUE,Italian
stan1288,ages,638,FALSE,Spanish
stan1295,piss,638,TRUE,German
lati1261,ideas,637,FALSE,Latin
port1283,string,637,TRUE,Portuguese
stan1290,exhale,637,TRUE,French
wels1247,berth,637,FALSE,Welsh
afri1274,note,636,TRUE,Afrikaans
lati1261,bile,636,FALSE,Latin
lati1261,cane,636,FALSE,Latin
lati1261,current,636,FALSE,Latin
olde1238,long,636,FALSE,Old English (ca. 450-1100)
port1283,crack,636,TRUE,Portuguese
port1283,til,636,FALSE,Portuguese
port1283,verse,636,FALSE,Portuguese
stan1290,appropriation,636,TRUE,French
stan1295,progressive,636,FALSE,German
finn1318,ton,635,FALSE,Finnish
minn1241,pang,635,FALSE,Min Nan Chinese
nava1243,dog,635,FALSE,Navajo
port1283,staff,635,FALSE,Portuguese
roma1327,feeling,635,TRUE,Romanian
stan1290,attribution,635,FALSE,French
afri1274,sin,634,FALSE,Afrikaans
ital1282,hotel,634,TRUE,Italian
poli1260,transport,634,TRUE,Polish
sout1528,plan,634,TRUE,Serbian-Croatian-Bosnian
stan1290,collusion,634,TRUE,French
stan1290,gales,634,FALSE,French
stan1295,operative,634,FALSE,German
swed1254,bank,634,TRUE,Swedish
czec1258,echo,633,TRUE,Czech
czec1258,pot,633,FALSE,Czech
dani1285,mind,633,FALSE,Danish
dutc1256,waste,633,FALSE,Dutch
nucl1301,hat,633,FALSE,Turkish
scot1243,fly,633,FALSE,Scots
stan1288,substantive,633,FALSE,Spanish
stan1290,skies,633,FALSE,French
czec1258,bar,632,TRUE,Czech
dutc1256,register,632,TRUE,Dutch
lati1261,ape,632,FALSE,Latin
port1283,file,632,FALSE,Portuguese
stan1290,analogue,632,TRUE,French
swed1254,stop,632,FALSE,Swedish
ital1282,vie,631,FALSE,Italian
lati1261,atrium,631,FALSE,Latin
lati1261,soles,631,FALSE,Latin
stan1288,advocate,631,TRUE,Spanish
stan1290,imaginable,631,TRUE,French
stan1290,instrumental,631,TRUE,French
stan1295,wallet,631,FALSE,German
sout1528,rod,630,FALSE,Serbian-Croatian-Bosnian
stan1288,evade,630,FALSE,Spanish
stan1288,tome,630,FALSE,Spanish
stan1290,scribe,630,TRUE,French
stan1290,starter,630,TRUE,French
stan1295,pollen,630,TRUE,German
stan1306,bank,630,TRUE,Standard Malay
bisl1239,wan,629,FALSE,Bislama
ital1282,golf,629,TRUE,Italian
lati1261,apex,629,FALSE,Latin
port1283,hospital,629,TRUE,Portuguese
stan1288,banner,629,TRUE,Spanish
stan1290,copyright,629,TRUE,French
stan1290,fragments,629,FALSE,French
stan1295,fax,629,TRUE,German
dutc1256,proper,628,FALSE,Dutch
stan1295,resolute,628,FALSE,German
swed1254,master,628,FALSE,Swedish
swed1254,radio,628,TRUE,Swedish
swed1254,stick,628,FALSE,Swedish
dutc1256,rank,627,FALSE,Dutch
ital1282,brave,627,FALSE,Italian
port1283,junta,627,FALSE,Portuguese
sout1528,film,627,TRUE,Serbian-Croatian-Bosnian
stan1288,background,627,TRUE,Spanish
stan1288,sandwich,627,TRUE,Spanish
stan1290,loser,627,TRUE,French
iris1253,lot,626,FALSE,Irish
lati1261,cortex,626,FALSE,Latin
poli1260,pin,626,TRUE,Polish
port1283,lustre,626,TRUE,Portuguese
wels1247,mater,626,FALSE,Welsh
esto1258,sport,625,TRUE,Estonian
ital1282,media,625,TRUE,Italian
lati1261,cite,625,FALSE,Latin
lati1261,oculus,625,TRUE,Latin
nucl1643,fuse,625,FALSE,Japanese
oldn1244,harm,625,FALSE,Old Norse
roma1327,cal,625,FALSE,Romanian
stan1288,suite,625,TRUE,Spanish
stan1290,attentions,625,FALSE,French
stan1290,approximation,624,TRUE,French
stan1290,formula,624,FALSE,French
stan1290,vaccine,624,TRUE,French
swed1254,best,624,FALSE,Swedish
dutc1256,plank,623,TRUE,Dutch
poli1260,joint,623,TRUE,Polish
stan1290,compilation,623,TRUE,French
stan1290,fascination,623,TRUE,French
stan1290,script,623,TRUE,French
cebu1242,hang,622,FALSE,Cebuano
scot1243,arm,622,TRUE,Scots
ital1282,liberty,621,FALSE,Italian
stan1290,alibi,621,TRUE,French
stan1290,militant,621,TRUE,French
lati1261,condo,620,FALSE,Latin
scot1243,ilk,620,FALSE,Scots
iris1253,mid,617,FALSE,Irish
poli1260,band,617,TRUE,Polish
roma1327,slab,617,FALSE,Romanian
stan1295,ballet,617,FALSE,German
swed1254,ton,617,FALSE,Swedish
finn1318,manner,616,FALSE,Finnish
ital1282,pause,616,TRUE,Italian
lati1261,ardent,616,FALSE,Latin
lati1261,unit,616,FALSE,Latin
stan1288,deplorable,616,TRUE,Spanish
czec1258,drink,615,TRUE,Czech
dutc1256,nest,615,TRUE,Dutch
lati1261,consensus,615,TRUE,Latin
port1283,meeting,615,TRUE,Portuguese
stan1288,jade,615,TRUE,Spanish
stan1288,retailer,615,TRUE,Spanish
stan1290,innovation,615,TRUE,French
stan1290,soprano,615,TRUE,French
latv1249,put,614,FALSE,Latvian
stan1288,barn,614,TRUE,Spanish
stan1288,colon,614,TRUE,Spanish
stan1288,tuning,614,TRUE,Spanish
stan1290,crucial,614,TRUE,French
hawa1245,male,613,FALSE,Hawaiian
ital1282,severe,613,FALSE,Italian
ital1282,team,613,TRUE,Italian
lati1261,taxes,613,FALSE,Latin
roma1327,fin,613,FALSE,Romanian
scot1243,clock,613,FALSE,Scots
stan1290,discrimination,613,TRUE,French
stan1290,pancake,613,TRUE,French
stan1290,territorial,613,TRUE,French
stan1295,loses,613,FALSE,German
wels1247,punt,613,FALSE,Welsh
port1283,tire,612,FALSE,Portuguese
roma1327,box,612,FALSE,Romanian
roma1327,produce,612,TRUE,Romanian
stan1288,pins,612,FALSE,Spanish
stan1288,formidable,611,TRUE,Spanish
stan1290,longitudinal,611,TRUE,French
dutc1256,gift,610,TRUE,Dutch
stan1288,frontal,610,TRUE,Spanish
stan1288,hockey,610,TRUE,Spanish
stan1288,memorable,610,TRUE,Spanish
stan1290,arrangements,610,FALSE,French
stan1290,massive,610,FALSE,French
stan1288,positive,609,FALSE,Spanish
stan1288,receptor,609,TRUE,Spanish
stan1288,surge,609,FALSE,Spanish
stan1290,trio,609,TRUE,French
swed1254,film,609,TRUE,Swedish
swed1254,folk,609,TRUE,Swedish
dutc1256,print,608,TRUE,Dutch
dutc1256,rug,608,FALSE,Dutch
lati1261,refers,608,FALSE,Latin
nucl1643,info,608,FALSE,Japanese
poli1260,test,608,TRUE,Polish
port1283,criminal,608,TRUE,Portuguese
stan1290,compost,608,TRUE,French
stan1290,flexion,607,FALSE,French
dutc1256,effect,606,TRUE,Dutch
dutc1256,instrument,606,TRUE,Dutch
ital1282,angle,606,TRUE,Italian
ital1282,villa,606,TRUE,Italian
lati1261,impulse,606,FALSE,Latin
lati1261,revive,606,FALSE,Latin
port1283,flow,606,TRUE,Portuguese
port1283,lace,606,FALSE,Portuguese
stan1288,spots,606,FALSE,Spanish
stan1290,flair,606,FALSE,French
dutc1256,evening,605,FALSE,Dutch
indo1316,guru,605,FALSE,Standard Indonesian
indo1316,step,605,TRUE,Standard Indonesian
lati1261,supreme,605,FALSE,Latin
stan1290,configuration,605,TRUE,French
ital1282,credo,604,TRUE,Italian
ital1282,minute,604,FALSE,Italian
stan1290,global,604,TRUE,French
dani1285,hold,603,TRUE,Danish
dutc1256,drift,603,TRUE,Dutch
dutc1256,meter,603,TRUE,Dutch
dutc1256,speech,603,TRUE,Dutch
lati1261,deliberate,603,FALSE,Latin
lati1261,doctor,603,FALSE,Latin
oldn1244,inn,603,FALSE,Old Norse
stan1290,subordination,603,TRUE,French
stan1290,transplant,603,TRUE,French
hung1274,tea,602,TRUE,Hungarian
lati1261,candor,602,TRUE,Latin
poli1260,rent,602,TRUE,Polish
port1283,vapor,602,TRUE,Portuguese
stan1288,tractor,602,TRUE,Spanish
stan1290,intestinal,602,TRUE,French
ital1282,spin,601,TRUE,Italian
kawi1241,rat,601,FALSE,Kawi
stan1288,stout,601,TRUE,Spanish
stan1290,amputation,601,TRUE,French
stan1290,jobs,601,FALSE,French
ital1282,empire,600,FALSE,Italian
sout1528,did,600,FALSE,Serbian-Croatian-Bosnian
stan1288,stocks,600,FALSE,Spanish
stan1290,implication,600,TRUE,French
dutc1256,living,599,TRUE,Dutch
port1283,tune,599,FALSE,Portuguese
roma1327,service,599,TRUE,Romanian
stan1288,vintage,599,TRUE,Spanish
stan1290,distinctive,599,FALSE,French
stan1290,marketing,599,TRUE,French
stan1295,humane,599,FALSE,German
dutc1256,dam,598,TRUE,Dutch
lati1261,lace,598,FALSE,Latin
port1283,local,598,TRUE,Portuguese
stan1288,maternal,598,TRUE,Spanish
stan1290,floral,598,TRUE,French
stan1290,inquisitive,598,FALSE,French
stan1290,jungle,598,TRUE,French
stan1290,muses,598,FALSE,French
czec1258,jet,597,FALSE,Czech
lati1261,destitute,597,FALSE,Latin
roma1327,business,597,TRUE,Romanian
stan1290,bowling,597,TRUE,French
stan1290,fumes,597,FALSE,French
stan1290,illusions,597,FALSE,French
dutc1256,finish,596,TRUE,Dutch
ital1282,mode,596,TRUE,Italian
mand1415,bio,596,FALSE,Mandarin Chinese
scot1245,rag,596,FALSE,Scottish Gaelic
stan1288,alternate,596,TRUE,Spanish
stan1288,aroma,596,TRUE,Spanish
stan1288,corpus,596,TRUE,Spanish
stan1288,happening,596,TRUE,Spanish
stan1288,intricate,596,FALSE,Spanish
stan1288,jazz,596,TRUE,Spanish
stan1288,shares,596,FALSE,Spanish
stan1290,fiasco,596,TRUE,French
stan1290,turban,596,TRUE,French
dutc1256,knot,595,TRUE,Dutch
dutc1256,start,595,TRUE,Dutch
roma1327,pat,595,FALSE,Romanian
stan1288,charter,595,FALSE,Spanish
stan1288,interminable,595,TRUE,Spanish
stan1288,muse,595,FALSE,Spanish
stan1290,mandate,595,FALSE,French
stan1290,minuscule,595,TRUE,French
swed1254,sound,595,TRUE,Swedish
afri1274,dog,594,FALSE,Afrikaans
afri1274,hare,594,FALSE,Afrikaans
indo1316,got,594,FALSE,Standard Indonesian
port1283,fresco,594,TRUE,Portuguese
port1283,mortal,594,TRUE,Portuguese
stan1288,chili,594,TRUE,Spanish
stan1290,breaks,594,FALSE,French
dutc1256,kick,593,TRUE,Dutch
lati1261,curve,593,FALSE,Latin
olde1238,war,593,FALSE,Old English (ca. 450-1100)
poli1260,rock,593,TRUE,Polish
czec1258,party,592,TRUE,Czech
dutc1256,ant,592,FALSE,Dutch
hung1274,hall,592,FALSE,Hungarian
stan1288,became,592,FALSE,Spanish
stan1295,dealt,592,FALSE,German
swed1254,kind,592,FALSE,Swedish
dutc1256,auto,591,TRUE,Dutch
dutc1256,motor,591,TRUE,Dutch
scot1243,wan,591,FALSE,Scots
poli1260,bite,590,FALSE,Polish
port1283,record,590,FALSE,Portuguese
iris1253,oil,589,FALSE,Irish
ital1282,torture,589,TRUE,Italian
stan1290,anecdote,589,TRUE,French
stan1290,comprehend,589,FALSE,French
stan1290,paraphrase,589,TRUE,French
lati1261,incense,588,FALSE,Latin
lush1249,long,588,FALSE,Mizo
stan1288,inexorable,588,TRUE,Spanish
stan1290,crucifix,588,TRUE,French
swed1254,present,588,TRUE,Swedish
wels1247,fur,588,FALSE,Welsh
stan1290,auspices,587,FALSE,French
iris1253,bog,586,FALSE,Irish
poli1260,plot,586,FALSE,Polish
port1283,complete,586,FALSE,Portuguese
stan1290,choral,586,TRUE,French
stan1290,descendants,586,FALSE,French
stan1290,locale,586,FALSE,French
stan1290,vignette,586,TRUE,French
swed1254,stock,586,TRUE,Swedish
ital1282,extra,585,TRUE,Italian
nucl1301,din,585,FALSE,Turkish
roma1327,table,585,TRUE,Romanian
stan1288,continental,585,TRUE,Spanish
stan1290,robes,585,FALSE,French
stan1290,tirade,585,TRUE,French
ital1282,cricket,584,FALSE,Italian
nucl1301,tan,584,FALSE,Turkish
stan1288,bowling,584,TRUE,Spanish
stan1290,jumping,584,TRUE,French
stan1290,morgue,584,TRUE,French
stan1290,polo,584,TRUE,French
stan1290,sources,584,FALSE,French
nucl1643,aka,583,FALSE,Japanese
port1283,hem,583,FALSE,Portuguese
stan1288,squad,583,TRUE,Spanish
stan1288,western,583,TRUE,Spanish
stan1290,fortunes,583,FALSE,French
stan1290,initiation,583,TRUE,French
stan1290,regrettable,583,TRUE,French
lati1261,dire,582,FALSE,Latin
lati1261,sculptor,582,TRUE,Latin
mand1415,percent,582,TRUE,Mandarin Chinese
port1283,mental,582,TRUE,Portuguese
stan1288,utility,582,TRUE,Spanish
stan1290,corpus,582,TRUE,French
stan1290,mixer,582,TRUE,French
czec1258,hit,581,TRUE,Czech
maor1246,pea,581,FALSE,Maori
roma1327,sus,581,TRUE,Romanian
scot1245,bog,581,FALSE,Scottish Gaelic
stan1288,auditor,581,TRUE,Spanish
stan1288,create,581,TRUE,Spanish
stan1288,indisputable,581,TRUE,Spanish
stan1288,slash,581,TRUE,Spanish
stan1290,rites,581,FALSE,French
stan1290,volumes,581,FALSE,French
nucl1301,had,580,FALSE,Turkish
poli1260,slang,580,TRUE,Polish
stan1290,diesel,580,TRUE,French
dutc1256,bind,579,TRUE,Dutch
dutc1256,smart,579,FALSE,Dutch
ital1282,email,579,TRUE,Italian
ital1282,locale,579,FALSE,Italian
lati1261,tango,579,FALSE,Latin
port1283,liberal,579,TRUE,Portuguese
stan1288,genial,579,TRUE,Spanish
stan1288,mute,579,FALSE,Spanish
stan1288,skate,579,FALSE,Spanish
stan1290,primordial,579,TRUE,French
stan1290,sections,579,FALSE,French
stan1290,tuning,579,TRUE,French
stan1295,dual,579,TRUE,German
stan1295,latent,579,TRUE,German
poli1260,drag,578,FALSE,Polish
sout1528,top,578,FALSE,Serbian-Croatian-Bosnian
stan1288,suspended,578,FALSE,Spanish
stan1290,adolescence,578,TRUE,French
stan1295,diminutive,578,FALSE,German
dutc1256,log,577,TRUE,Dutch
dutc1256,minister,577,TRUE,Dutch
port1283,pile,577,FALSE,Portuguese
port1283,strip,577,FALSE,Portuguese
stan1288,academia,577,TRUE,Spanish
stan1290,surf,577,FALSE,French
stan1290,tangible,577,TRUE,French
stan1306,mat,577,FALSE,Standard Malay
dutc1256,fan,576,TRUE,Dutch
iris1253,car,576,FALSE,Irish
ital1282,ape,576,FALSE,Italian
lati1261,pertinent,576,FALSE,Latin
olde1238,end,576,FALSE,Old English (ca. 450-1100)
port1283,feed,576,TRUE,Portuguese
stan1290,lobby,576,TRUE,French
bisl1239,save,575,FALSE,Bislama
ital1282,decide,575,FALSE,Italian
poli1260,firm,575,TRUE,Polish
scot1243,aim,575,FALSE,Scots
stan1288,hardware,575,TRUE,Spanish
stan1290,marches,574,FALSE,French
stan1290,sonnet,574,TRUE,French
stan1295,sterile,574,FALSE,German
dutc1256,gel,573,TRUE,Dutch
dutc1256,gel,573,FALSE,Dutch
ital1282,negative,573,TRUE,Italian
lati1261,diffuse,573,FALSE,Latin
minn1241,ban,573,FALSE,Min Nan Chinese
poli1260,bid,573,TRUE,Polish
roma1327,material,573,TRUE,Romanian
stan1290,propulsion,573,TRUE,French
dutc1256,trees,572,FALSE,Dutch
ital1282,minor,572,FALSE,Italian
stan1288,fines,572,FALSE,Spanish
stan1290,stimulus,572,TRUE,French
dutc1256,tender,571,TRUE,Dutch
hung1274,must,571,TRUE,Hungarian
iris1253,fan,571,FALSE,Irish
ital1282,crush,571,TRUE,Italian
stan1288,crumble,571,TRUE,Spanish
stan1290,computation,571,TRUE,French
stan1290,forts,571,FALSE,French
wels1247,record,571,TRUE,Welsh
dani1285,form,570,TRUE,Danish
dutc1256,joint,570,TRUE,Dutch
dutc1256,model,570,TRUE,Dutch
lati1261,perverse,570,FALSE,Latin
lati1261,site,570,TRUE,Latin
stan1290,transmit,570,TRUE,French
czec1258,city,569,FALSE,Czech
lati1261,graves,569,FALSE,Latin
lati1261,magnificent,569,FALSE,Latin
scot1243,hail,569,TRUE,Scots
stan1288,reside,569,TRUE,Spanish
stan1290,lied,569,TRUE,French
stan1290,superstition,569,TRUE,French
dutc1256,flag,568,TRUE,Dutch
dutc1256,pad,568,FALSE,Dutch
dutc1256,ruin,568,FALSE,Dutch
ital1282,social,568,TRUE,Italian
stan1288,improbable,568,TRUE,Spanish
stan1290,inflexion,568,TRUE,French
stan1295,arid,568,TRUE,German
stan1295,genial,568,TRUE,German
dutc1256,lust,567,TRUE,Dutch
lati1261,adhere,567,FALSE,Latin
lati1261,positive,567,FALSE,Latin
scot1243,lane,567,FALSE,Scots
stan1290,prostitution,567,TRUE,French
stan1306,hang,567,FALSE,Standard Malay
stan1288,precursor,566,TRUE,Spanish
stan1290,adage,566,TRUE,French
wels1247,canon,566,TRUE,Welsh
afri1274,lag,565,FALSE,Afrikaans
afri1274,ore,565,FALSE,Afrikaans
lati1261,minute,565,FALSE,Latin
lati1261,rigor,565,FALSE,Latin
stan1290,rode,565,FALSE,French
stan1295,diverse,565,FALSE,German
stan1295,eloquent,565,TRUE,German
swed1254,dog,565,FALSE,Swedish
swed1254,letter,565,FALSE,Swedish
dutc1256,doe,564,FALSE,Dutch
dutc1256,tap,564,TRUE,Dutch
ital1282,assist,564,TRUE,Italian
stan1288,abdomen,564,TRUE,Spanish
stan1288,soluble,564,TRUE,Spanish
stan1290,cares,564,FALSE,French
stan1290,concept,564,TRUE,French
stan1290,dresses,564,FALSE,French
stan1290,dual,564,TRUE,French
stan1290,horde,564,TRUE,French
stan1295,abdominal,564,TRUE,German
ital1282,drum,563,FALSE,Italian
lati1261,mule,563,FALSE,Latin
lati1261,porter,563,FALSE,Latin
minn1241,pit,563,FALSE,Min Nan Chinese
stan1288,flamenco,563,TRUE,Spanish
stan1288,inseparable,563,TRUE,Spanish
stan1290,laps,563,FALSE,French
swed1254,led,563,TRUE,Swedish
lati1261,decorum,562,TRUE,Latin
port1283,save,562,FALSE,Portuguese
stan1290,hiatus,562,TRUE,French
stan1290,isolation,562,TRUE,French
swed1254,press,562,TRUE,Swedish
dutc1256,hut,561,TRUE,Dutch
lati1261,euro,561,TRUE,Latin
lati1261,regulate,561,FALSE,Latin
stan1288,lifting,561,TRUE,Spanish
swed1254,data,561,TRUE,Swedish
afri1274,steel,560,FALSE,Afrikaans
ital1282,dissolve,560,FALSE,Italian
lati1261,successor,560,TRUE,Latin
mars1254,jab,560,FALSE,Marshallese
olde1238,sin,560,FALSE,Old English (ca. 450-1100)
port1283,prepare,560,TRUE,Portuguese
stan1288,gases,560,FALSE,Spanish
stan1290,corners,560,FALSE,French
ital1282,mite,559,FALSE,Italian
ital1282,performance,559,TRUE,Italian
stan1288,incidental,559,TRUE,Spanish
stan1288,tinge,559,FALSE,Spanish
stan1290,prologue,559,TRUE,French
afri1274,pot,558,TRUE,Afrikaans
dutc1256,bid,558,FALSE,Dutch
lati1261,dedicate,558,FALSE,Latin
poli1260,pies,558,FALSE,Polish
poli1260,pity,558,FALSE,Polish
port1283,came,558,FALSE,Portuguese
port1283,lime,558,FALSE,Portuguese
port1283,print,558,FALSE,Portuguese
stan1288,coca,558,TRUE,Spanish
swed1254,red,558,FALSE,Swedish
dutc1256,slot,557,FALSE,Dutch
nucl1643,mama,557,FALSE,Japanese
stan1288,sincere,557,FALSE,Spanish
stan1290,cakes,557,FALSE,French
swed1254,lit,557,FALSE,Swedish
wels1247,torch,557,FALSE,Welsh
ital1282,chat,556,TRUE,Italian
ital1282,pine,556,FALSE,Italian
oldn1244,son,556,FALSE,Old Norse
poli1260,real,556,TRUE,Polish
stan1290,buttons,556,FALSE,French
stan1290,quotient,556,TRUE,French
stan1295,frigid,556,FALSE,German
swed1254,roll,556,TRUE,Swedish
dutc1256,cent,555,TRUE,Dutch
ital1282,gay,555,TRUE,Italian
lati1261,climate,555,TRUE,Latin
lati1261,indulge,555,FALSE,Latin
lati1261,negligent,555,FALSE,Latin
poli1260,rod,555,FALSE,Polish
scot1245,bean,555,FALSE,Scottish Gaelic
stan1290,weekend,555,FALSE,French
czec1258,van,554,FALSE,Czech
ital1282,olive,554,TRUE,Italian
lati1261,scribe,554,FALSE,Latin
nucl1301,cam,554,FALSE,Turkish
stan1290,versatile,554,FALSE,French
stan1295,expressive,554,FALSE,German
lati1261,exterior,553,TRUE,Latin
port1283,player,553,TRUE,Portuguese
roma1327,direct,553,TRUE,Romanian
sout1528,bio,553,FALSE,Serbian-Croatian-Bosnian
sout1528,slab,553,FALSE,Serbian-Croatian-Bosnian
stan1288,mantel,553,FALSE,Spanish
stan1290,amplification,553,TRUE,French
stan1290,favorite,553,FALSE,French
stan1290,survive,553,TRUE,French
lati1261,adverse,552,FALSE,Latin
lati1261,auditor,552,TRUE,Latin
stan1288,temperate,552,FALSE,Spanish
stan1290,chrome,552,FALSE,French
stan1290,porridge,552,TRUE,French
stan1295,irrelevant,552,TRUE,German
dutc1256,tip,551,TRUE,Dutch
scot1243,sky,551,TRUE,Scots
stan1288,fairy,551,FALSE,Spanish
stan1290,cumin,551,TRUE,French
stan1290,inaction,551,TRUE,French
stan1290,pines,551,FALSE,French
yaka1277,kite,551,FALSE,Yakan
dutc1256,miss,550,FALSE,Dutch
dutc1256,passage,550,TRUE,Dutch
dutc1256,tor,550,FALSE,Dutch
lati1261,rates,550,FALSE,Latin
scot1245,bail,550,FALSE,Scottish Gaelic
stan1288,veto,550,TRUE,Spanish
stan1290,mucus,550,TRUE,French
stan1290,pedigree,550,FALSE,French
stan1290,propositions,550,FALSE,French
wels1247,doe,550,FALSE,Welsh
dutc1256,gram,549,TRUE,Dutch
mand1415,gag,549,TRUE,Mandarin Chinese
stan1288,ballet,549,TRUE,Spanish
stan1288,compatible,549,TRUE,Spanish
stan1295,urban,549,TRUE,German
dani1285,bog,548,FALSE,Danish
dutc1256,doctor,548,TRUE,Dutch
dutc1256,hope,548,TRUE,Dutch
lati1261,specimen,548,TRUE,Latin
nort2671,man,548,FALSE,North Saami
port1283,cores,548,FALSE,Portuguese
stan1290,affluent,548,TRUE,French
stan1290,critiques,548,FALSE,French
swed1254,hands,548,FALSE,Swedish
viet1252,hoe,548,FALSE,Vietnamese
czec1258,hole,547,FALSE,Czech
dutc1256,teen,547,FALSE,Dutch
ital1282,accuse,547,FALSE,Italian
ital1282,cent,547,TRUE,Italian
scot1243,annual,547,TRUE,Scots
stan1288,probe,547,FALSE,Spanish
stan1290,souls,547,FALSE,French
wels1247,staff,547,TRUE,Welsh
hung1274,fair,546,TRUE,Hungarian
iris1253,bear,546,FALSE,Irish
olde1238,side,546,TRUE,Old English (ca. 450-1100)
roma1327,spirit,546,TRUE,Romanian
sout1528,sport,546,TRUE,Serbian-Croatian-Bosnian
stan1288,molar,546,TRUE,Spanish
stan1288,radar,546,TRUE,Spanish
iris1253,lean,545,FALSE,Irish
ital1282,curve,545,TRUE,Italian
nucl1301,sin,545,FALSE,Turkish
scot1243,sell,545,TRUE,Scots
scot1245,thug,545,FALSE,Scottish Gaelic
stan1290,gourmet,545,TRUE,French
dutc1256,suffer,544,FALSE,Dutch
nucl1301,alma,544,FALSE,Turkish
poli1260,bat,544,FALSE,Polish
roma1327,prime,544,FALSE,Romanian
stan1288,degenerate,544,TRUE,Spanish
stan1290,quadrant,544,TRUE,French
corn1251,war,543,FALSE,Cornish
iris1253,coin,543,FALSE,Irish
ital1282,cape,543,TRUE,Italian
lati1261,artifice,543,FALSE,Latin
stan1290,confrontation,543,TRUE,French
stan1290,hardware,543,TRUE,French
stan1290,infertile,543,TRUE,French
ital1282,finale,542,TRUE,Italian
minn1241,hit,542,FALSE,Min Nan Chinese
roma1327,start,542,TRUE,Romanian
stan1288,serene,542,FALSE,Spanish
stan1290,concussion,542,FALSE,French
ital1282,ser,541,FALSE,Italian
lati1261,intricate,541,FALSE,Latin
nucl1643,web,541,FALSE,Japanese
poli1260,port,541,TRUE,Polish
roma1327,moment,541,TRUE,Romanian
stan1288,incompatible,541,TRUE,Spanish
stan1290,crate,541,FALSE,French
swed1254,arm,541,TRUE,Swedish
taus1251,has,541,FALSE,Tausug
dutc1256,nice,540,TRUE,Dutch
dutc1256,shift,540,TRUE,Dutch
lati1261,rabies,540,TRUE,Latin
port1283,shift,540,TRUE,Portuguese
stan1288,parties,540,FALSE,Spanish
stan1295,fake,540,TRUE,German
stan1295,territorial,540,TRUE,German
afri1274,gas,539,TRUE,Afrikaans
afri1274,week,539,TRUE,Afrikaans
dani1285,had,539,FALSE,Danish
dutc1256,rot,539,FALSE,Dutch
ital1282,certificate,539,TRUE,Italian
stan1288,tubular,539,TRUE,Spanish
stan1306,cat,539,FALSE,Standard Malay
swah1253,pole,539,FALSE,Swahili
wels1247,raw,539,FALSE,Welsh
dutc1256,bent,538,FALSE,Dutch
dutc1256,bond,538,FALSE,Dutch
lati1261,insane,538,FALSE,Latin
scot1245,meal,538,FALSE,Scottish Gaelic
stan1288,pants,538,FALSE,Spanish
stan1290,indignant,538,FALSE,French
port1283,coach,537,TRUE,Portuguese
port1283,worm,537,TRUE,Portuguese
stan1288,genera,537,FALSE,Spanish
stan1288,rugby,537,TRUE,Spanish
stan1290,captive,537,TRUE,French
stan1290,conscription,537,TRUE,French
stan1290,transportation,537,TRUE,French
swed1254,rent,537,FALSE,Swedish
swed1254,spring,537,TRUE,Swedish
iris1253,den,536,FALSE,Irish
ital1282,link,536,TRUE,Italian
nucl1301,boy,536,FALSE,Turkish
stan1288,credo,536,TRUE,Spanish
stan1290,lava,536,FALSE,French
stan1290,nectar,536,TRUE,French
stan1290,portfolio,536,TRUE,French
stan1290,trades,536,FALSE,French
swed1254,fat,536,FALSE,Swedish
oldf1239,par,535,FALSE,Old French (842-ca. 1400)
oldn1244,men,535,FALSE,Old Norse
poli1260,par,535,FALSE,Polish
stan1290,corrosive,535,FALSE,French
stan1290,incontinence,535,TRUE,French
stan1290,rounds,535,FALSE,French
stan1295,fragile,535,FALSE,German
dani1285,bad,534,FALSE,Danish
finn1318,live,534,TRUE,Finnish
iris1253,cam,534,FALSE,Irish
lati1261,create,534,FALSE,Latin
scot1243,deed,534,FALSE,Scots
stan1288,cereal,534,TRUE,Spanish
stan1288,detector,534,TRUE,Spanish
stan1288,expire,534,TRUE,Spanish
stan1290,forum,534,TRUE,French
stan1290,mage,534,FALSE,French
swed1254,general,534,TRUE,Swedish
dutc1256,helm,533,FALSE,Dutch
fiji1243,were,533,FALSE,Fijian
hung1274,tor,533,FALSE,Hungarian
stan1290,teasing,533,FALSE,French
ital1282,slave,532,TRUE,Italian
lati1261,type,532,FALSE,Latin
poli1260,lad,532,FALSE,Polish
stan1288,cocoa,532,TRUE,Spanish
stan1288,tolerate,532,TRUE,Spanish
stan1290,standards,532,FALSE,French
stan1306,guru,532,FALSE,Standard Malay
swed1254,road,532,FALSE,Swedish
ital1282,imperative,531,FALSE,Italian
olde1238,wind,531,TRUE,Old English (ca. 450-1100)
roma1327,calm,531,TRUE,Romanian
roma1327,deal,531,FALSE,Romanian
stan1288,longitudinal,531,TRUE,Spanish
stan1290,justices,531,FALSE,French
swed1254,fly,531,TRUE,Swedish
lati1261,prone,530,FALSE,Latin
poli1260,design,530,TRUE,Polish
port1283,date,530,TRUE,Portuguese
stan1290,compulsion,530,TRUE,French
afri1274,son,529,FALSE,Afrikaans
dutc1256,royal,529,TRUE,Dutch
stan1288,toad,529,FALSE,Spanish
ital1282,brace,528,FALSE,Italian
lati1261,confuse,528,FALSE,Latin
lati1261,para,528,FALSE,Latin
lati1261,potent,528,FALSE,Latin
stan1288,clan,528,TRUE,Spanish
stan1288,rave,528,TRUE,Spanish
stan1290,cayenne,528,TRUE,French
stan1290,dissuade,528,TRUE,French
swed1254,black,528,FALSE,Swedish
dutc1256,gods,527,FALSE,Dutch
dutc1256,plot,527,TRUE,Dutch
lati1261,festive,527,FALSE,Latin
roma1327,bar,527,TRUE,Romanian
stan1288,quiz,527,TRUE,Spanish
stan1290,graves,527,FALSE,French
wels1247,dug,527,FALSE,Welsh
dutc1256,file,526,TRUE,Dutch
dutc1256,grave,526,FALSE,Dutch
lati1261,limo,526,FALSE,Latin
lati1261,velum,526,FALSE,Latin
poli1260,trust,526,TRUE,Polish
stan1288,click,526,FALSE,Spanish
stan1288,conserve,526,TRUE,Spanish
stan1290,corrosion,526,TRUE,French
stan1290,inauguration,526,TRUE,French
stan1290,intonation,526,TRUE,French
wels1247,lamp,526,TRUE,Welsh
ital1282,gossip,525,TRUE,Italian
lati1261,extant,525,FALSE,Latin
lati1261,stimulus,525,TRUE,Latin
scot1243,pack,525,FALSE,Scots
sout1528,sat,525,FALSE,Serbian-Croatian-Bosnian
stan1288,cultural,525,TRUE,Spanish
stan1288,elevate,525,TRUE,Spanish
stan1290,limes,525,FALSE,French
stan1290,silt,525,TRUE,French
stan1295,adult,525,FALSE,German
ital1282,venture,524,FALSE,Italian
lati1261,hiatus,524,TRUE,Latin
stan1288,deliberate,524,TRUE,Spanish
stan1290,drives,524,FALSE,French
stan1290,facial,524,TRUE,French
stan1290,ovation,524,TRUE,French
stan1290,tandem,524,TRUE,French
wels1247,nail,524,FALSE,Welsh
afri1274,hoop,523,FALSE,Afrikaans
dutc1256,rail,523,TRUE,Dutch
finn1318,position,523,TRUE,Finnish
khas1269,saw,523,FALSE,Khasi
lati1261,venture,523,FALSE,Latin
sout1528,bit,523,FALSE,Serbian-Croatian-Bosnian
stan1290,inhale,523,TRUE,French
viet1252,nail,523,FALSE,Vietnamese
finn1318,boat,522,FALSE,Finnish
indo1316,natural,522,TRUE,Standard Indonesian
lati1261,allege,522,FALSE,Latin
port1283,macho,522,TRUE,Portuguese
stan1288,homosexual,522,TRUE,Spanish
stan1290,olives,522,FALSE,French
stan1290,oppressive,522,FALSE,French
stan1290,vampire,522,TRUE,French
swed1254,fine,522,FALSE,Swedish
swed1254,glass,522,FALSE,Swedish
swed1254,system,522,TRUE,Swedish
dutc1256,bark,521,TRUE,Dutch
ital1282,chip,521,TRUE,Italian
ital1282,rum,521,TRUE,Italian
stan1290,fax,521,TRUE,French
stan1290,radial,521,TRUE,French
stan1295,diffuse,521,FALSE,German
swed1254,talk,521,FALSE,Swedish
ital1282,final,520,FALSE,Italian
lati1261,creator,520,TRUE,Latin
lati1261,fervor,520,FALSE,Latin
scot1243,member,520,TRUE,Scots
stan1288,indicator,520,FALSE,Spanish
stan1288,virus,520,TRUE,Spanish
stan1290,cognac,520,TRUE,French
dutc1256,keeper,519,TRUE,Dutch
lati1261,inertia,519,FALSE,Latin
poli1260,plaster,519,TRUE,Polish
port1283,professor,519,TRUE,Portuguese
scot1243,witch,519,TRUE,Scots
stan1290,prototype,519,TRUE,French
stan1290,vaccination,519,TRUE,French
czec1258,start,518,TRUE,Czech
dutc1256,sense,518,FALSE,Dutch
dutc1256,slap,518,FALSE,Dutch
ital1282,summit,518,TRUE,Italian
lati1261,antecedent,518,FALSE,Latin
lati1261,parasite,518,FALSE,Latin
roma1327,natural,518,TRUE,Romanian
stan1290,clandestine,518,FALSE,French
stan1290,merchandise,518,FALSE,French
iris1253,dot,517,FALSE,Irish
ital1282,incline,517,FALSE,Italian
lati1261,stature,517,FALSE,Latin
stan1290,avant-garde,517,TRUE,French
stan1290,dissonance,517,TRUE,French
stan1290,internet,517,TRUE,French
stan1290,syndrome,517,TRUE,French
dani1285,point,516,TRUE,Danish
dutc1256,kill,516,FALSE,Dutch
ital1282,zoo,516,FALSE,Italian
lati1261,pane,516,FALSE,Latin
lati1261,student,516,FALSE,Latin
olde1238,wise,516,FALSE,Old English (ca. 450-1100)
port1283,universal,516,TRUE,Portuguese
stan1288,lounge,516,TRUE,Spanish
stan1288,territorial,516,TRUE,Spanish
afri1274,sweet,515,FALSE,Afrikaans
scot1245,port,515,TRUE,Scottish Gaelic
stan1288,dandy,515,TRUE,Spanish
stan1288,medieval,515,TRUE,Spanish
stan1288,menace,515,FALSE,Spanish
stan1290,cousins,515,FALSE,French
stan1290,tins,515,FALSE,French
swed1254,motor,515,TRUE,Swedish
lati1261,pressure,514,FALSE,Latin
port1283,flag,514,TRUE,Portuguese
scot1243,hare,514,TRUE,Scots
stan1290,delta,514,TRUE,French
stan1290,indisputable,514,TRUE,French
stan1290,monologue,514,TRUE,French
finn1318,stop,513,TRUE,Finnish
lati1261,argue,513,FALSE,Latin
nucl1301,hem,513,FALSE,Turkish
sout1528,van,513,FALSE,Serbian-Croatian-Bosnian
stan1288,atlas,513,TRUE,Spanish
stan1288,fraternal,513,TRUE,Spanish
stan1290,collaboration,513,TRUE,French
stan1290,marital,513,TRUE,French
stan1295,chic,513,TRUE,German
stan1306,idea,513,TRUE,Standard Malay
swed1254,vet,513,FALSE,Swedish
afri1274,fee,512,FALSE,Afrikaans
dutc1256,grief,512,FALSE,Dutch
dutc1256,rock,512,TRUE,Dutch
lith1251,jam,512,FALSE,Lithuanian
stan1288,buffet,512,TRUE,Spanish
stan1288,drone,512,TRUE,Spanish
stan1288,revise,512,TRUE,Spanish
stan1290,graduation,512,TRUE,French
stan1290,virulent,512,TRUE,French
swed1254,rest,512,TRUE,Swedish
tokp1240,wok,512,FALSE,Tok Pisin
dutc1256,coach,511,TRUE,Dutch
ital1282,hazard,511,TRUE,Italian
ital1282,resolve,511,FALSE,Italian
scot1245,min,511,FALSE,Scottish Gaelic
stan1288,pony,511,TRUE,Spanish
ital1282,agile,510,TRUE,Italian
ital1282,management,510,TRUE,Italian
ital1282,partner,510,TRUE,Italian
lati1261,polio,510,FALSE,Latin
nucl1301,bar,510,TRUE,Turkish
stan1290,oxide,510,FALSE,French
lati1261,accommodate,509,FALSE,Latin
lati1261,manifesto,509,FALSE,Latin
lith1251,bet,509,FALSE,Lithuanian
port1283,swell,509,TRUE,Portuguese
roma1327,ale,509,FALSE,Romanian
scot1243,plaid,509,TRUE,Scots
stan1290,migraine,509,TRUE,French
stan1290,ravine,509,TRUE,French
dutc1256,check,508,TRUE,Dutch
esto1258,side,508,FALSE,Estonian
hung1274,tag,508,TRUE,Hungarian
ital1282,intelligence,508,FALSE,Italian
ital1282,quota,508,TRUE,Italian
port1283,vice,508,TRUE,Portuguese
stan1288,incentive,508,FALSE,Spanish
stan1290,catcher,508,FALSE,French
stan1290,ordination,508,TRUE,French
swed1254,lock,508,TRUE,Swedish
swed1254,tar,508,FALSE,Swedish
wels1247,cot,508,FALSE,Welsh
ital1282,reception,507,TRUE,Italian
nucl1301,bit,507,TRUE,Turkish
port1283,hammer,507,TRUE,Portuguese
roma1327,local,507,TRUE,Romanian
stan1288,bonus,507,TRUE,Spanish
stan1288,convertible,507,TRUE,Spanish
stan1288,virtual,507,TRUE,Spanish
stan1288,workshop,507,TRUE,Spanish
stan1290,clubs,507,FALSE,French
wels1247,dot,507,TRUE,Welsh
dutc1256,male,506,FALSE,Dutch
finn1318,auto,506,TRUE,Finnish
roma1327,speech,506,TRUE,Romanian
dutc1256,test,505,TRUE,Dutch
ital1282,swing,505,TRUE,Italian
roma1327,fine,505,FALSE,Romanian
scot1243,chap,505,FALSE,Scots
stan1288,intestinal,505,TRUE,Spanish
cebu1242,day,504,FALSE,Cebuano
indo1316,net,504,TRUE,Standard Indonesian
lati1261,interpreter,504,TRUE,Latin
lati1261,posterior,504,FALSE,Latin
stan1288,reality,504,TRUE,Spanish
stan1288,votes,504,FALSE,Spanish
stan1290,adulation,504,TRUE,French
stan1290,aluminium,504,TRUE,French
stan1290,covers,504,FALSE,French
lati1261,opponent,503,FALSE,Latin
poli1260,miss,503,FALSE,Polish
stan1288,decorate,503,TRUE,Spanish
stan1290,conclusive,503,FALSE,French
stan1290,signifies,503,FALSE,French
dutc1256,type,502,TRUE,Dutch
ital1282,ace,502,FALSE,Italian
ital1282,docile,502,TRUE,Italian
ital1282,suppose,502,FALSE,Italian
nucl1301,bin,502,FALSE,Turkish
scot1243,cant,502,FALSE,Scots
swed1254,drag,502,TRUE,Swedish
dutc1256,ate,501,FALSE,Dutch
lati1261,missiles,501,FALSE,Latin
mand1415,outlet,501,TRUE,Mandarin Chinese
port1283,cure,501,TRUE,Portuguese
roma1327,shop,501,TRUE,Romanian
stan1290,explore,501,TRUE,French
stan1290,mystique,501,TRUE,French
stan1295,tolerant,501,TRUE,German
dani1285,fare,500,FALSE,Danish
finn1318,got,500,FALSE,Finnish
indo1316,cat,500,FALSE,Standard Indonesian
nucl1643,che,500,FALSE,Japanese
nucl1643,gon,500,FALSE,Japanese
poli1260,song,500,TRUE,Polish
poli1260,tan,500,FALSE,Polish
stan1288,reactor,500,TRUE,Spanish
stan1290,agents,500,FALSE,French
stan1290,perversion,500,TRUE,French
afri1274,blind,499,TRUE,Afrikaans
lati1261,include,499,FALSE,Latin
malt1254,min,499,FALSE,Maltese
port1283,prove,499,TRUE,Portuguese
scot1243,slap,499,FALSE,Scots
stan1288,rectangular,499,TRUE,Spanish
swah1253,pita,499,FALSE,Swahili
ital1282,definite,498,FALSE,Italian
ital1282,tram,498,TRUE,Italian
lati1261,basis,498,FALSE,Latin
lati1261,nebula,498,TRUE,Latin
lati1261,papa,498,FALSE,Latin
lati1261,prominent,498,FALSE,Latin
oldf1239,place,498,TRUE,Old French (842-ca. 1400)
stan1288,agenda,498,TRUE,Spanish
stan1288,intended,498,FALSE,Spanish
stan1290,candidates,498,FALSE,French
stan1290,diminutive,498,FALSE,French
stan1295,inhuman,498,FALSE,German
czec1258,sum,497,TRUE,Czech
ital1282,offensive,497,TRUE,Italian
lati1261,defendant,497,FALSE,Latin
mand1415,cop,497,FALSE,Mandarin Chinese
olde1238,gold,497,TRUE,Old English (ca. 450-1100)
stan1288,voucher,497,TRUE,Spanish
stan1290,sniff,497,TRUE,French
dutc1256,drum,496,TRUE,Dutch
dutc1256,kin,496,FALSE,Dutch
ital1282,intimate,496,FALSE,Italian
olde1238,set,496,FALSE,Old English (ca. 450-1100)
stan1288,records,496,FALSE,Spanish
stan1290,larynx,496,TRUE,French
stan1290,stages,496,FALSE,French
dutc1256,til,495,FALSE,Dutch
indo1316,bar,495,TRUE,Standard Indonesian
ital1282,sterile,495,TRUE,Italian
poli1260,spa,495,TRUE,Polish
roma1327,plural,495,TRUE,Romanian
sout1528,love,495,FALSE,Serbian-Croatian-Bosnian
stan1288,mural,495,TRUE,Spanish
stan1290,conservative,495,FALSE,French
stan1290,pores,495,FALSE,French
swed1254,van,495,FALSE,Swedish
afri1274,wit,494,FALSE,Afrikaans
dutc1256,stream,494,TRUE,Dutch
iris1253,meal,494,FALSE,Irish
lati1261,mitigate,494,FALSE,Latin
lati1261,tremor,494,TRUE,Latin
stan1288,ferry,494,FALSE,Spanish
stan1288,premium,494,TRUE,Spanish
stan1288,puts,494,FALSE,Spanish
stan1290,gradient,494,TRUE,French
afri1274,lamp,493,TRUE,Afrikaans
dutc1256,damp,493,FALSE,Dutch
ital1282,toast,493,TRUE,Italian
lati1261,edit,493,FALSE,Latin
poli1260,fan,493,FALSE,Polish
stan1288,gag,493,TRUE,Spanish
stan1290,clarification,493,TRUE,French
stan1290,manipulation,493,TRUE,French
stan1306,para,493,TRUE,Standard Malay
afri1274,warm,492,TRUE,Afrikaans
dutc1256,bang,492,TRUE,Dutch
dutc1256,moment,492,TRUE,Dutch
dutc1256,ram,492,TRUE,Dutch
lati1261,immense,492,FALSE,Latin
lati1261,vacant,492,FALSE,Latin
poli1260,pale,492,TRUE,Polish
poli1260,standard,492,TRUE,Polish
port1283,usual,492,TRUE,Portuguese
stan1290,attrition,492,TRUE,French
stan1290,laser,492,TRUE,French
stan1295,naive,492,FALSE,German
wels1247,pendant,492,FALSE,Welsh
dani1285,men,491,FALSE,Danish
dutc1256,basket,491,TRUE,Dutch
dutc1256,gave,491,FALSE,Dutch
lati1261,reverse,491,FALSE,Latin
poli1260,problem,491,TRUE,Polish
roma1327,board,491,TRUE,Romanian
stan1290,inactive,491,FALSE,French
stan1290,incarnation,491,TRUE,French
stan1290,waterproof,491,TRUE,French
stan1295,morbid,491,TRUE,German
stan1295,turbulent,491,TRUE,German
czec1258,nose,490,TRUE,Czech
czec1258,rub,490,FALSE,Czech
dutc1256,claim,490,TRUE,Dutch
dutc1256,lies,490,FALSE,Dutch
esto1258,keep,490,FALSE,Estonian
lati1261,consistent,490,FALSE,Latin
poli1260,baby,490,TRUE,Polish
roma1327,instrument,490,TRUE,Romanian
stan1288,pub,490,TRUE,Spanish
stan1288,subordinate,490,TRUE,Spanish
stan1290,dynamite,490,TRUE,French
stan1290,lichen,490,TRUE,French
dutc1256,club,489,TRUE,Dutch
poli1260,model,489,TRUE,Polish
port1283,rigor,489,TRUE,Portuguese
scot1245,lag,489,FALSE,Scottish Gaelic
stan1288,absorbed,489,FALSE,Spanish
stan1290,industries,489,FALSE,French
stan1290,relatives,489,FALSE,French
stan1290,sodium,489,TRUE,French
stan1295,finite,489,FALSE,German
stan1295,intuitive,489,FALSE,German
swed1254,hop,489,FALSE,Swedish
ital1282,indie,488,FALSE,Italian
stan1290,transfusion,488,TRUE,French
wels1247,afraid,488,FALSE,Welsh
wels1247,map,488,TRUE,Welsh
dani1285,age,487,FALSE,Danish
dutc1256,beet,487,FALSE,Dutch
indo1316,bit,487,TRUE,Standard Indonesian
stan1288,peer,487,FALSE,Spanish
stan1288,piercing,487,TRUE,Spanish
stan1290,jogging,487,TRUE,French
swed1254,stark,487,FALSE,Swedish
swed1254,start,487,TRUE,Swedish
afri1274,had,486,TRUE,Afrikaans
afri1274,nut,486,FALSE,Afrikaans
dutc1256,feed,486,TRUE,Dutch
dutc1256,lever,486,FALSE,Dutch
iris1253,teach,486,FALSE,Irish
nucl1643,pea,486,FALSE,Japanese
poli1260,owe,486,FALSE,Polish
port1283,range,486,FALSE,Portuguese
roma1327,economic,486,TRUE,Romanian
scot1243,spoken,486,FALSE,Scots
stan1290,panorama,486,TRUE,French
swed1254,must,486,FALSE,Swedish
dutc1256,pocket,485,TRUE,Dutch
dutc1256,trip,485,TRUE,Dutch
ital1282,persuade,485,FALSE,Italian
lati1261,calculus,485,FALSE,Latin
olde1238,wit,485,FALSE,Old English (ca. 450-1100)
port1283,excite,485,TRUE,Portuguese
port1283,mixture,485,FALSE,Portuguese
stan1290,divergent,485,TRUE,French
stan1290,drawback,485,TRUE,French
stan1290,macaroni,485,TRUE,French
afri1274,brief,484,FALSE,Afrikaans
stan1288,suspense,484,TRUE,Spanish
stan1290,incandescent,484,TRUE,French
stan1290,nets,484,FALSE,French
stan1290,pensive,484,FALSE,French
stan1306,dam,484,FALSE,Standard Malay
lati1261,liberate,483,FALSE,Latin
port1283,bridge,483,FALSE,Portuguese
port1283,formal,483,TRUE,Portuguese
stan1290,relevant,483,FALSE,French
dutc1256,elk,482,FALSE,Dutch
ital1282,papa,482,FALSE,Italian
lati1261,designate,482,FALSE,Latin
lati1261,marina,482,FALSE,Latin
lati1261,professor,482,TRUE,Latin
lati1261,radius,482,FALSE,Latin
lati1261,stimulate,482,FALSE,Latin
lati1261,substantive,482,FALSE,Latin
poli1260,argument,482,TRUE,Polish
poli1260,bark,482,TRUE,Polish
port1283,ticket,482,FALSE,Portuguese
stan1288,facial,482,TRUE,Spanish
stan1290,bridges,482,FALSE,French
stan1295,divers,482,FALSE,German
roma1327,total,481,TRUE,Romanian
stan1288,candor,481,TRUE,Spanish
stan1288,plausible,481,TRUE,Spanish
stan1290,chili,481,TRUE,French
stan1290,fluent,481,FALSE,French
stan1290,monumental,481,TRUE,French
stan1290,trance,481,TRUE,French
stan1290,visitation,481,TRUE,French
afri1274,joint,480,TRUE,Afrikaans
czec1258,green,480,TRUE,Czech
indo1316,lot,480,TRUE,Standard Indonesian
lati1261,nexus,480,TRUE,Latin
stan1288,ignore,480,TRUE,Spanish
stan1290,fitness,480,TRUE,French
stan1290,invocation,480,TRUE,French
stan1290,issues,480,FALSE,French
stan1290,turquoise,480,TRUE,French
dutc1256,wonder,479,TRUE,Dutch
hung1274,bolt,479,FALSE,Hungarian
lati1261,violet,479,FALSE,Latin
olde1238,hat,479,FALSE,Old English (ca. 450-1100)
penn1240,net,479,FALSE,Pennsylvania German
poli1260,alarm,479,TRUE,Polish
poli1260,log,479,FALSE,Polish
port1283,similar,479,TRUE,Portuguese
sout1528,rub,479,FALSE,Serbian-Croatian-Bosnian
stan1288,prescribe,479,TRUE,Spanish
stan1290,abdominal,479,TRUE,French
stan1290,alligator,479,TRUE,French
stan1290,explicit,479,FALSE,French
stan1290,nitrate,479,TRUE,French
port1283,future,478,FALSE,Portuguese
scot1243,aft,478,FALSE,Scots
stan1288,cocktail,478,FALSE,Spanish
stan1290,filtration,478,TRUE,French
stan1290,pigment,478,TRUE,French
stan1290,plaques,478,FALSE,French
swed1254,handling,478,FALSE,Swedish
dani1285,hen,477,FALSE,Danish
maor1246,taro,477,TRUE,Maori
scot1243,sad,477,TRUE,Scots
stan1288,adverse,477,FALSE,Spanish
stan1290,communications,477,FALSE,French
stan1290,infuse,477,FALSE,French
stan1290,partisans,477,FALSE,French
stan1295,relatives,477,FALSE,German
afri1274,film,476,TRUE,Afrikaans
dutc1256,farm,476,FALSE,Dutch
lati1261,urgent,476,FALSE,Latin
port1283,funeral,476,TRUE,Portuguese
stan1288,instrumental,476,TRUE,Spanish
stan1288,intimidate,476,TRUE,Spanish
stan1288,panorama,476,TRUE,Spanish
stan1288,subscribe,476,TRUE,Spanish
stan1290,affections,476,FALSE,French
lati1261,crates,475,FALSE,Latin
lati1261,nausea,475,TRUE,Latin
lati1261,produces,475,FALSE,Latin
lati1261,throne,475,TRUE,Latin
stan1288,mama,475,TRUE,Spanish
stan1288,queer,475,TRUE,Spanish
stan1290,slogan,475,TRUE,French
czec1258,salt,474,FALSE,Czech
dutc1256,sport,474,TRUE,Dutch
dutc1256,turf,474,TRUE,Dutch
indo1316,motor,474,TRUE,Standard Indonesian
ital1282,clip,474,TRUE,Italian
stan1288,inexplicable,474,TRUE,Spanish
stan1288,outfit,474,TRUE,Spanish
stan1290,abduction,474,TRUE,French
stan1290,skating,474,TRUE,French
wels1247,duo,474,FALSE,Welsh
port1283,judicial,473,TRUE,Portuguese
port1283,mate,473,FALSE,Portuguese
stan1288,curry,473,TRUE,Spanish
dutc1256,stage,472,FALSE,Dutch
dutc1256,star,472,FALSE,Dutch
iris1253,gal,472,FALSE,Irish
iris1253,tor,472,FALSE,Irish
lati1261,innate,472,FALSE,Latin
lati1261,rape,472,FALSE,Latin
poli1260,minister,472,TRUE,Polish
port1283,costumes,472,FALSE,Portuguese
port1283,observe,472,TRUE,Portuguese
stan1288,garage,472,TRUE,Spanish
stan1290,alpha,472,TRUE,French
stan1290,chefs,472,FALSE,French
stan1290,gambler,472,FALSE,French
stan1295,instrumental,472,TRUE,German
dutc1256,went,471,FALSE,Dutch
oldn1244,barn,471,FALSE,Old Norse
oldn1244,skip,471,FALSE,Old Norse
stan1288,operate,471,TRUE,Spanish
stan1288,picnic,471,FALSE,Spanish
stan1290,assurances,471,FALSE,French
stan1290,exploits,471,FALSE,French
stan1290,incidence,471,TRUE,French
stan1295,definitive,471,FALSE,German
swed1254,salt,471,TRUE,Swedish
dani1285,love,470,FALSE,Danish
lati1261,concede,470,FALSE,Latin
stan1290,rotor,470,TRUE,French
dutc1256,poet,469,FALSE,Dutch
ital1282,influenza,469,TRUE,Italian
lati1261,negotiator,469,FALSE,Latin
scot1243,tour,469,TRUE,Scots
stan1290,suspicions,469,FALSE,French
dani1285,bring,468,TRUE,Danish
iris1253,dear,468,FALSE,Irish
lati1261,defective,468,FALSE,Latin
sout1528,sit,468,FALSE,Serbian-Croatian-Bosnian
stan1290,hyperbole,468,TRUE,French
stan1290,rift,468,TRUE,French
stan1290,simulation,468,TRUE,French
akan1250,den,467,FALSE,Akan
finn1318,idea,467,TRUE,Finnish
hung1274,port,467,TRUE,Hungarian
lati1261,masculine,467,FALSE,Latin
nucl1643,suite,467,FALSE,Japanese
port1283,perfume,467,TRUE,Portuguese
port1283,verses,467,FALSE,Portuguese
sout1528,post,467,FALSE,Serbian-Croatian-Bosnian
stan1288,profane,467,TRUE,Spanish
stan1290,divergence,467,TRUE,French
stan1290,serpents,467,FALSE,French
stan1290,transactions,467,FALSE,French
dutc1256,sake,466,TRUE,Dutch
indo1316,formal,466,TRUE,Standard Indonesian
lati1261,decor,466,FALSE,Latin
lati1261,serum,466,FALSE,Latin
nucl1301,fail,466,FALSE,Turkish
port1283,terror,466,TRUE,Portuguese
roma1327,real,466,TRUE,Romanian
stan1288,gospel,466,TRUE,Spanish
stan1288,resume,466,TRUE,Spanish
stan1290,collage,466,TRUE,French
stan1290,rapprochement,466,TRUE,French
hung1274,tank,465,TRUE,Hungarian
poli1260,profit,465,TRUE,Polish
port1283,altar,465,TRUE,Portuguese
sout1528,rat,465,FALSE,Serbian-Croatian-Bosnian
stan1288,cakes,465,FALSE,Spanish
stan1288,compete,465,FALSE,Spanish
stan1288,palpable,465,TRUE,Spanish
stan1290,extermination,465,TRUE,French
stan1290,grandiose,465,TRUE,French
dutc1256,rage,464,TRUE,Dutch
stan1288,dialogue,464,FALSE,Spanish
stan1306,pat,464,FALSE,Standard Malay
nucl1301,met,463,FALSE,Turkish
port1283,superficial,463,TRUE,Portuguese
port1283,volume,463,TRUE,Portuguese
stan1290,cartoon,463,TRUE,French
stan1290,disparate,463,TRUE,French
stan1290,focal,463,TRUE,French
stan1290,fragrance,463,TRUE,French
stan1290,immigrant,463,TRUE,French
stan1290,ravages,463,FALSE,French
dani1285,old,462,FALSE,Danish
hawa1245,aka,462,FALSE,Hawaiian
lati1261,rave,462,FALSE,Latin
poli1260,stream,462,TRUE,Polish
port1283,safe,462,FALSE,Portuguese
port1283,secular,462,TRUE,Portuguese
roma1327,rest,462,TRUE,Romanian
stan1288,seduce,462,TRUE,Spanish
stan1290,chassis,462,FALSE,French
stan1290,czar,462,FALSE,French
stan1290,flip,462,FALSE,French
stan1290,fungus,462,FALSE,French
swed1254,pull,462,FALSE,Swedish
dutc1256,prop,461,FALSE,Dutch
dutc1256,transport,461,TRUE,Dutch
ital1282,stress,461,TRUE,Italian
port1283,rum,461,TRUE,Portuguese
roma1327,pot,461,TRUE,Romanian
scot1245,fan,461,FALSE,Scottish Gaelic
stan1288,medicines,461,FALSE,Spanish
stan1288,umbilical,461,TRUE,Spanish
stan1290,lingerie,461,TRUE,French
stan1290,sponsor,461,TRUE,French
swed1254,fan,461,TRUE,Swedish
ital1282,code,460,FALSE,Italian
ital1282,prostitute,460,TRUE,Italian
ital1282,rape,460,FALSE,Italian
ital1282,ripe,460,FALSE,Italian
olde1238,min,460,FALSE,Old English (ca. 450-1100)
stan1288,glitter,460,TRUE,Spanish
stan1288,trolley,460,FALSE,Spanish
stan1290,assimilation,460,TRUE,French
stan1290,compute,460,TRUE,French
stan1290,harder,460,FALSE,French
stan1290,incorporation,460,TRUE,French
stan1290,tactile,460,TRUE,French
swed1254,ask,460,FALSE,Swedish
afri1274,want,459,FALSE,Afrikaans
dutc1256,born,459,FALSE,Dutch
hung1274,idea,459,TRUE,Hungarian
ital1282,core,459,FALSE,Italian
ital1282,temperature,459,TRUE,Italian
ital1282,tilt,459,TRUE,Italian
lati1261,lax,459,FALSE,Latin
nucl1643,auto,459,FALSE,Japanese
poli1260,twist,459,TRUE,Polish
sout1528,general,459,TRUE,Serbian-Croatian-Bosnian
stan1288,quota,459,FALSE,Spanish
stan1290,doubles,459,FALSE,French
stan1290,sophistication,459,TRUE,French
stan1295,anterior,459,TRUE,German
afri1274,storm,458,TRUE,Afrikaans
dutc1256,bout,458,FALSE,Dutch
finn1318,must,458,TRUE,Finnish
ital1282,mole,458,TRUE,Italian
ital1282,robe,458,FALSE,Italian
ital1282,speaker,458,TRUE,Italian
lati1261,mines,458,FALSE,Latin
roma1327,list,458,FALSE,Romanian
stan1288,focal,458,TRUE,Spanish
stan1290,apocalypse,458,TRUE,French
stan1290,inclusive,458,FALSE,French
dutc1256,corner,457,TRUE,Dutch
dutc1256,record,457,TRUE,Dutch
lati1261,cares,457,FALSE,Latin
lati1261,fragrant,457,FALSE,Latin
poli1260,team,457,TRUE,Polish
port1283,central,457,TRUE,Portuguese
port1283,lives,457,FALSE,Portuguese
sout1528,ring,457,TRUE,Serbian-Croatian-Bosnian
stan1288,disparate,457,FALSE,Spanish
stan1290,dope,457,FALSE,French
stan1290,mentor,457,TRUE,French
swed1254,lid,457,FALSE,Swedish
dutc1256,spit,456,FALSE,Dutch
indo1316,bus,456,TRUE,Standard Indonesian
lati1261,drama,456,TRUE,Latin
roma1327,beat,456,FALSE,Romanian
soma1255,bad,456,FALSE,Somali
stan1288,bio,456,FALSE,Spanish
stan1288,bono,456,FALSE,Spanish
stan1288,tickets,456,FALSE,Spanish
stan1290,calcium,456,TRUE,French
stan1290,impulsive,456,FALSE,French
stan1290,subversion,456,TRUE,French
swah1253,mama,456,FALSE,Swahili
swed1254,loss,456,FALSE,Swedish
swed1254,opinion,456,TRUE,Swedish
wels1247,helm,456,FALSE,Welsh
czec1258,log,455,FALSE,Czech
port1283,active,455,FALSE,Portuguese
port1283,della,455,FALSE,Portuguese
stan1288,inclusive,455,TRUE,Spanish
stan1288,reflector,455,TRUE,Spanish
stan1290,expertise,455,TRUE,French
lati1261,eclipse,454,FALSE,Latin
lati1261,immediate,454,FALSE,Latin
port1283,grade,454,FALSE,Portuguese
stan1288,turf,454,TRUE,Spanish
stan1290,perverse,454,FALSE,French
dutc1256,haven,453,TRUE,Dutch
ital1282,dancing,453,FALSE,Italian
ital1282,manifesto,453,TRUE,Italian
ital1282,mouse,453,TRUE,Italian
lati1261,redundant,453,FALSE,Latin
nucl1301,plan,453,TRUE,Turkish
olde1238,wide,453,TRUE,Old English (ca. 450-1100)
port1283,declare,453,TRUE,Portuguese
port1283,minute,453,FALSE,Portuguese
port1283,sublime,453,TRUE,Portuguese
scot1243,buy,453,TRUE,Scots
sout1528,rise,453,FALSE,Serbian-Croatian-Bosnian
stan1288,oxide,453,FALSE,Spanish
stan1290,acres,453,FALSE,French
stan1290,baroque,453,TRUE,French
stan1290,chopper,453,FALSE,French
stan1290,entourage,453,TRUE,French
stan1290,flamboyant,453,TRUE,French
stan1290,nylon,453,TRUE,French
stan1290,shorts,453,TRUE,French
stan1295,flick,453,FALSE,German
dutc1256,blade,452,TRUE,Dutch
esto1258,head,452,FALSE,Estonian
indo1316,wet,452,FALSE,Standard Indonesian
iris1253,gin,452,FALSE,Irish
lith1251,pat,452,FALSE,Lithuanian
port1283,add,452,TRUE,Portuguese
port1283,brother,452,FALSE,Portuguese
port1283,solar,452,TRUE,Portuguese
port1283,twist,452,TRUE,Portuguese
stan1288,linear,452,TRUE,Spanish
stan1288,piles,452,FALSE,Spanish
stan1290,infiltration,452,TRUE,French
stan1295,warmer,452,FALSE,German
swed1254,ball,452,FALSE,Swedish
swed1254,flat,452,FALSE,Swedish
dutc1256,mail,451,TRUE,Dutch
ital1282,creature,451,TRUE,Italian
ital1282,disperse,451,FALSE,Italian
ital1282,polo,451,TRUE,Italian
lati1261,comet,451,FALSE,Latin
lati1261,senior,451,FALSE,Latin
scot1245,bun,451,FALSE,Scottish Gaelic
stan1288,amateur,451,TRUE,Spanish
stan1290,oranges,451,FALSE,French
stan1290,solvent,451,FALSE,French
swed1254,officer,451,FALSE,Swedish
dutc1256,rat,450,TRUE,Dutch
iris1253,big,450,FALSE,Irish
iris1253,pat,450,FALSE,Irish
ital1282,brand,450,TRUE,Italian
lati1261,concrete,450,FALSE,Latin
lati1261,permanent,450,FALSE,Latin
port1283,horror,450,TRUE,Portuguese
roma1327,medical,450,TRUE,Romanian
stan1290,couples,450,FALSE,French
stan1290,nutrition,450,TRUE,French
swed1254,game,450,TRUE,Swedish
ital1282,pressing,449,TRUE,Italian
lati1261,carbo,449,FALSE,Latin
poli1260,sort,449,TRUE,Polish
stan1290,distances,449,FALSE,French
stan1295,radial,449,TRUE,German
wels1247,sill,449,FALSE,Welsh
dutc1256,agent,448,TRUE,Dutch
ital1282,relative,448,FALSE,Italian
lati1261,focus,448,FALSE,Latin
olde1238,don,448,FALSE,Old English (ca. 450-1100)
stan1288,diesel,448,TRUE,Spanish
stan1290,quiz,448,TRUE,French
stan1295,monumental,448,TRUE,German
hung1274,add,447,FALSE,Hungarian
lati1261,concise,447,FALSE,Latin
lati1261,instructor,447,FALSE,Latin
lati1261,lens,447,TRUE,Latin
lati1261,obscene,447,FALSE,Latin
poli1260,para,447,FALSE,Polish
port1283,piano,447,TRUE,Portuguese
stan1288,degrade,447,TRUE,Spanish
stan1290,regrets,447,FALSE,French
dutc1256,bus,446,TRUE,Dutch
mand1415,email,446,TRUE,Mandarin Chinese
roma1327,respect,446,TRUE,Romanian
scot1243,flour,446,TRUE,Scots
scot1245,spot,446,TRUE,Scottish Gaelic
sout1528,radio,446,TRUE,Serbian-Croatian-Bosnian
stan1288,aperture,446,FALSE,Spanish
stan1290,audible,446,TRUE,French
stan1295,intestinal,446,TRUE,German
swed1254,plant,446,FALSE,Swedish
indo1316,slang,445,TRUE,Standard Indonesian
iris1253,seal,445,FALSE,Irish
ital1282,zone,445,TRUE,Italian
poli1260,pile,445,FALSE,Polish
port1283,cinema,445,TRUE,Portuguese
port1283,naval,445,TRUE,Portuguese
port1283,tom,445,TRUE,Portuguese
stan1288,gunner,445,FALSE,Spanish
stan1288,pee,445,FALSE,Spanish
stan1290,intangible,445,TRUE,French
stan1290,saturation,445,TRUE,French
stan1295,blonde,445,FALSE,German
viet1252,rim,445,FALSE,Vietnamese
wels1247,contract,445,TRUE,Welsh
dutc1256,ticket,444,TRUE,Dutch
hung1274,lift,444,TRUE,Hungarian
indo1316,lines,444,FALSE,Standard Indonesian
ital1282,induce,444,FALSE,Italian
lati1261,tenor,444,FALSE,Latin
port1283,assembly,444,TRUE,Portuguese
port1283,entrance,444,FALSE,Portuguese
roma1327,bit,444,TRUE,Romanian
sout1528,sin,444,TRUE,Serbian-Croatian-Bosnian
stan1288,aura,444,TRUE,Spanish
stan1288,sponsor,444,TRUE,Spanish
stan1288,tad,444,FALSE,Spanish
stan1288,umpire,444,TRUE,Spanish
stan1290,constructions,444,FALSE,French
stan1290,contours,444,FALSE,French
stan1290,intrigues,444,FALSE,French
stan1295,covert,444,FALSE,German
lati1261,tore,443,FALSE,Latin
poli1260,dam,443,TRUE,Polish
port1283,gear,443,FALSE,Portuguese
scot1243,flee,443,FALSE,Scots
scot1245,cam,443,FALSE,Scottish Gaelic
stan1288,delta,443,TRUE,Spanish
stan1288,refute,443,TRUE,Spanish
stan1288,toes,443,FALSE,Spanish
afri1274,tor,442,FALSE,Afrikaans
lati1261,caste,442,FALSE,Latin
lati1261,institute,442,FALSE,Latin
lati1261,resolute,442,FALSE,Latin
olde1238,hell,442,TRUE,Old English (ca. 450-1100)
roma1327,legal,442,TRUE,Romanian
stan1288,chips,442,FALSE,Spanish
stan1290,potassium,442,TRUE,French
stan1290,tops,442,FALSE,French
iris1253,stop,441,TRUE,Irish
scot1243,cod,441,FALSE,Scots
stan1288,colonial,441,TRUE,Spanish
stan1288,tops,441,FALSE,Spanish
stan1290,doctrines,441,FALSE,French
stan1290,magnitude,441,TRUE,French
swed1254,fart,441,FALSE,Swedish
swed1254,hem,441,FALSE,Swedish
wels1247,brag,441,FALSE,Welsh
poli1260,lamp,440,TRUE,Polish
poli1260,motor,440,TRUE,Polish
stan1290,implant,440,TRUE,French
stan1290,rocker,440,FALSE,French
swed1254,glad,440,TRUE,Swedish
dutc1256,arts,439,FALSE,Dutch
dutc1256,date,439,TRUE,Dutch
dutc1256,ladder,439,TRUE,Dutch
ital1282,dissuade,439,TRUE,Italian
ital1282,lane,439,FALSE,Italian
ital1282,puzzle,439,TRUE,Italian
lati1261,camera,439,FALSE,Latin
port1283,centre,439,TRUE,Portuguese
stan1288,anti,439,TRUE,Spanish
stan1288,senior,439,TRUE,Spanish
stan1290,grammes,439,FALSE,French
stan1290,spatial,439,TRUE,French
lati1261,audit,438,FALSE,Latin
lati1261,profane,438,FALSE,Latin
poli1260,student,438,TRUE,Polish
sout1528,grad,438,FALSE,Serbian-Croatian-Bosnian
stan1288,habitable,438,TRUE,Spanish
stan1290,improvisation,438,TRUE,French
stan1290,rations,438,FALSE,French
wels1247,bridge,438,FALSE,Welsh
dutc1256,lover,437,TRUE,Dutch
indo1316,coli,437,FALSE,Standard Indonesian
indo1316,organ,437,TRUE,Standard Indonesian
ital1282,fiasco,437,TRUE,Italian
nucl1301,sap,437,FALSE,Turkish
port1283,deter,437,TRUE,Portuguese
port1283,lies,437,FALSE,Portuguese
roma1327,arm,437,FALSE,Romanian
stan1288,adobe,437,TRUE,Spanish
stan1288,laudable,437,FALSE,Spanish
stan1288,pita,437,TRUE,Spanish
stan1290,insecticide,437,TRUE,French
wikm1247,man,437,FALSE,Wik-Mungkan
dutc1256,mode,436,TRUE,Dutch
dutc1256,west,436,TRUE,Dutch
ital1282,salsa,436,TRUE,Italian
lati1261,considerate,436,FALSE,Latin
port1283,censure,436,TRUE,Portuguese
stan1288,anticipate,436,TRUE,Spanish
swed1254,offer,436,FALSE,Swedish
dutc1256,ink,435,FALSE,Dutch
dutc1256,tank,435,TRUE,Dutch
hung1274,von,435,FALSE,Hungarian
roma1327,pin,435,TRUE,Romanian
stan1288,dogma,435,TRUE,Spanish
stan1288,dual,435,TRUE,Spanish
stan1290,immigration,435,TRUE,French
stan1295,potent,435,TRUE,German
iris1253,pit,434,FALSE,Irish
lati1261,veto,434,TRUE,Latin
maor1246,hoe,434,FALSE,Maori
nucl1643,sofa,434,FALSE,Japanese
scot1243,plate,434,FALSE,Scots
stan1288,formula,434,FALSE,Spanish
stan1288,likes,434,FALSE,Spanish
stan1288,soprano,434,TRUE,Spanish
stan1290,accents,434,FALSE,French
stan1290,mats,434,FALSE,French
stan1290,venues,434,FALSE,French
swed1254,love,434,FALSE,Swedish
indo1316,slip,433,TRUE,Standard Indonesian
ital1282,indicative,433,FALSE,Italian
stan1288,disperse,433,TRUE,Spanish
stan1290,cola,433,TRUE,French
stan1290,software,433,TRUE,French
dutc1256,lip,432,TRUE,Dutch
ital1282,conclude,432,FALSE,Italian
roma1327,dog,432,FALSE,Romanian
roma1327,soft,432,FALSE,Romanian
soma1255,dad,432,FALSE,Somali
stan1288,dates,432,FALSE,Spanish
stan1288,jab,432,TRUE,Spanish
stan1290,conclusions,432,FALSE,French
stan1290,concomitant,432,TRUE,French
stan1290,dictatorial,432,TRUE,French
stan1290,shooter,432,FALSE,French
stan1290,strident,432,TRUE,French
afri1274,rug,431,FALSE,Afrikaans
czec1258,host,431,FALSE,Czech
dutc1256,radio,431,TRUE,Dutch
dutc1256,trial,431,TRUE,Dutch
ital1282,statue,431,TRUE,Italian
lati1261,cures,431,FALSE,Latin
lati1261,indicative,431,FALSE,Latin
roma1327,personal,431,TRUE,Romanian
stan1290,annihilation,431,TRUE,French
stan1290,gadget,431,TRUE,French
swed1254,cover,431,TRUE,Swedish
taga1270,idea,431,TRUE,Tagalog
dani1285,post,430,TRUE,Danish
dutc1256,base,430,TRUE,Dutch
lati1261,beer,430,FALSE,Latin
lati1261,involve,430,FALSE,Latin
roma1327,hit,430,FALSE,Romanian
stan1290,drummer,430,TRUE,French
stan1290,malaria,430,TRUE,French
stan1290,shit,430,FALSE,French
stan1290,successive,430,FALSE,French
dutc1256,pop,429,TRUE,Dutch
dutc1256,single,429,TRUE,Dutch
finn1318,master,429,FALSE,Finnish
hung1274,net,429,TRUE,Hungarian
ital1282,discount,429,TRUE,Italian
ital1282,super,429,TRUE,Italian
lati1261,revolve,429,FALSE,Latin
stan1288,arterial,429,TRUE,Spanish
stan1288,cowboy,429,TRUE,Spanish
stan1288,exhale,429,TRUE,Spanish
stan1290,exporter,429,FALSE,French
stan1290,macabre,429,TRUE,French
stan1290,oasis,429,TRUE,French
stan1295,bourgeois,429,TRUE,German
swah1253,lake,429,FALSE,Swahili
turk1304,men,429,FALSE,Turkmen
dani1285,mad,428,FALSE,Danish
dutc1256,dank,428,FALSE,Dutch
hung1274,farm,428,TRUE,Hungarian
hung1274,lever,428,FALSE,Hungarian
ital1282,fragile,428,TRUE,Italian
lati1261,affirmative,428,FALSE,Latin
sout1528,hot,428,FALSE,Serbian-Croatian-Bosnian
stan1288,racial,428,TRUE,Spanish
stan1290,bribes,428,FALSE,French
stan1290,reconstruction,428,TRUE,French
wels1247,bin,428,TRUE,Welsh
wels1247,moment,428,TRUE,Welsh
ital1282,audience,427,TRUE,Italian
lati1261,erase,427,FALSE,Latin
lati1261,globe,427,TRUE,Latin
lati1261,instant,427,FALSE,Latin
port1283,mare,427,FALSE,Portuguese
port1283,serves,427,FALSE,Portuguese
stan1288,blocks,427,FALSE,Spanish
stan1288,congratulate,427,FALSE,Spanish
stan1288,terminate,427,TRUE,Spanish
stan1290,mirage,427,TRUE,French
stan1295,respective,427,FALSE,German
swed1254,drink,427,TRUE,Swedish
czec1258,student,426,TRUE,Czech
czec1258,test,426,TRUE,Czech
dutc1256,happen,426,FALSE,Dutch
dutc1256,hop,426,TRUE,Dutch
ital1282,gang,426,TRUE,Italian
ital1282,irritate,426,FALSE,Italian
stan1290,racer,426,TRUE,French
dutc1256,bitter,425,TRUE,Dutch
dutc1256,palm,425,TRUE,Dutch
poli1260,knot,425,FALSE,Polish
port1283,trifle,425,TRUE,Portuguese
stan1288,cite,425,TRUE,Spanish
stan1288,experimental,425,TRUE,Spanish
stan1288,virtuoso,425,TRUE,Spanish
swed1254,arms,425,FALSE,Swedish
ital1282,acute,424,FALSE,Italian
lati1261,patent,424,FALSE,Latin
roma1327,agent,424,TRUE,Romanian
taga1270,bar,424,TRUE,Tagalog
dutc1256,cool,423,TRUE,Dutch
finn1318,city,423,FALSE,Finnish
hung1274,tar,423,FALSE,Hungarian
lati1261,offices,423,FALSE,Latin
lati1261,sector,423,FALSE,Latin
poli1260,jam,423,FALSE,Polish
soma1255,war,423,FALSE,Somali
stan1288,supervisor,423,TRUE,Spanish
stan1290,baths,423,FALSE,French
stan1295,tags,423,FALSE,German
dutc1256,cake,422,TRUE,Dutch
indo1316,master,422,TRUE,Standard Indonesian
lati1261,curriculum,422,FALSE,Latin
nucl1301,metal,422,TRUE,Turkish
poli1260,brat,422,FALSE,Polish
poli1260,crush,422,TRUE,Polish
port1283,runs,422,FALSE,Portuguese
port1283,sketch,422,FALSE,Portuguese
scot1245,lot,422,FALSE,Scottish Gaelic
scot1245,post,422,TRUE,Scottish Gaelic
stan1288,global,422,TRUE,Spanish
stan1288,nostalgia,422,TRUE,Spanish
stan1290,techniques,422,FALSE,French
swed1254,gon,422,FALSE,Swedish
taga1270,boy,422,TRUE,Tagalog
port1283,data,421,FALSE,Portuguese
stan1288,cactus,421,TRUE,Spanish
stan1288,canes,421,FALSE,Spanish
stan1290,contamination,421,TRUE,French
stan1290,stations,421,FALSE,French
stan1290,viable,421,TRUE,French
stan1295,intensive,421,FALSE,German
port1283,film,420,FALSE,Portuguese
stan1288,camping,420,TRUE,Spanish
stan1288,visor,420,TRUE,Spanish
stan1290,miracles,420,FALSE,French
stan1290,synagogue,420,TRUE,French
stan1295,dope,420,FALSE,German
dani1285,red,419,FALSE,Danish
olde1238,hold,419,FALSE,Old English (ca. 450-1100)
poli1260,tender,419,TRUE,Polish
sout1528,bend,419,FALSE,Serbian-Croatian-Bosnian
stan1288,recite,419,TRUE,Spanish
stan1288,semen,419,TRUE,Spanish
stan1290,marines,419,FALSE,French
czec1258,soft,418,FALSE,Czech
dani1285,ring,418,TRUE,Danish
dutc1256,gras,418,FALSE,Dutch
dutc1256,job,418,TRUE,Dutch
dutc1256,rake,418,FALSE,Dutch
icel1247,skip,418,FALSE,Icelandic
lati1261,primitive,418,FALSE,Latin
port1283,fundamental,418,TRUE,Portuguese
roma1327,mas,418,FALSE,Romanian
stan1290,hurricane,418,TRUE,French
stan1290,uranium,418,TRUE,French
swed1254,match,418,TRUE,Swedish
dutc1256,believe,417,FALSE,Dutch
dutc1256,blank,417,FALSE,Dutch
dutc1256,respect,417,TRUE,Dutch
finn1318,rock,417,TRUE,Finnish
hung1274,lag,417,FALSE,Hungarian
hung1274,rock,417,TRUE,Hungarian
lati1261,diva,417,FALSE,Latin
roma1327,living,417,TRUE,Romanian
stan1288,cultivate,417,TRUE,Spanish
wels1247,stamp,417,TRUE,Welsh
dutc1256,jack,416,FALSE,Dutch
dutc1256,spin,416,TRUE,Dutch
ital1282,spade,416,FALSE,Italian
ital1282,spine,416,TRUE,Italian
lati1261,exquisite,416,FALSE,Latin
midd1317,late,416,FALSE,Middle English
port1283,intrigue,416,TRUE,Portuguese
scot1243,patch,416,FALSE,Scots
stan1290,mayonnaise,416,TRUE,French
stan1290,multiples,416,FALSE,French
stan1290,provenance,416,TRUE,French
stan1290,syphilis,416,TRUE,French
stan1295,digestive,416,FALSE,German
czec1258,sun,415,FALSE,Czech
indo1316,basket,415,TRUE,Standard Indonesian
stan1290,occupations,415,FALSE,French
stan1290,tempo,415,TRUE,French
swed1254,dam,415,FALSE,Swedish
ital1282,introduce,414,FALSE,Italian
ital1282,remainder,414,TRUE,Italian
lati1261,fungus,414,TRUE,Latin
lati1261,sulphur,414,FALSE,Latin
olde1238,beam,414,TRUE,Old English (ca. 450-1100)
roma1327,major,414,TRUE,Romanian
stan1288,celebrate,414,TRUE,Spanish
stan1288,response,414,FALSE,Spanish
stan1288,seminal,414,TRUE,Spanish
stan1290,digit,414,TRUE,French
stan1290,sprint,414,TRUE,French
stan1290,transplantation,414,TRUE,French
ital1282,computer,413,TRUE,Italian
lati1261,decent,413,FALSE,Latin
poli1260,hen,413,FALSE,Polish
port1283,pet,413,TRUE,Portuguese
port1283,rural,413,TRUE,Portuguese
roma1327,reduce,413,TRUE,Romanian
roma1327,violent,413,TRUE,Romanian
stan1288,delegate,413,TRUE,Spanish
stan1290,cactus,413,TRUE,French
dani1285,bar,412,FALSE,Danish
finn1318,body,412,FALSE,Finnish
poli1260,agent,412,TRUE,Polish
stan1288,guerrilla,412,TRUE,Spanish
stan1288,pays,412,FALSE,Spanish
stan1290,banana,412,FALSE,French
stan1290,euro,412,TRUE,French
stan1290,incidents,412,FALSE,French
stan1295,dominant,412,TRUE,German
swed1254,period,412,TRUE,Swedish
dutc1256,ban,411,FALSE,Dutch
dutc1256,strip,411,TRUE,Dutch
finn1318,main,411,FALSE,Finnish
finn1318,pain,411,FALSE,Finnish
ital1282,censure,411,TRUE,Italian
lati1261,acres,411,FALSE,Latin
poli1260,pit,411,FALSE,Polish
port1283,peculiar,411,TRUE,Portuguese
roma1327,sit,411,FALSE,Romanian
stan1290,casino,411,TRUE,French
stan1290,convergent,411,TRUE,French
stan1290,motifs,411,FALSE,French
stan1290,vinaigrette,411,TRUE,French
swed1254,par,411,FALSE,Swedish
dutc1256,brake,410,FALSE,Dutch
dutc1256,lied,410,FALSE,Dutch
finn1318,shop,410,FALSE,Finnish
lati1261,indulgent,410,FALSE,Latin
lati1261,triple,410,FALSE,Latin
poli1260,soul,410,TRUE,Polish
poli1260,straw,410,FALSE,Polish
port1283,trap,410,TRUE,Portuguese
roma1327,tip,410,FALSE,Romanian
stan1288,climax,410,TRUE,Spanish
stan1290,bison,410,TRUE,French
stan1290,interception,410,TRUE,French
stan1290,maturation,410,TRUE,French
stan1290,restrictions,410,FALSE,French
stan1290,tanker,410,TRUE,French
taga1270,trip,410,TRUE,Tagalog
dutc1256,mist,409,TRUE,Dutch
hung1274,rang,409,FALSE,Hungarian
indo1316,lift,409,TRUE,Standard Indonesian
lati1261,appendix,409,FALSE,Latin
lati1261,mute,409,FALSE,Latin
nucl1301,bile,409,FALSE,Turkish
stan1288,mitigate,409,TRUE,Spanish
stan1288,retina,409,TRUE,Spanish
stan1290,persuasive,409,FALSE,French
hmon1333,zoo,408,FALSE,Hmong Daw
hung1274,boy,408,FALSE,Hungarian
ital1282,acre,408,FALSE,Italian
ital1282,sublime,408,TRUE,Italian
lati1261,conductor,408,TRUE,Latin
lati1261,crux,408,FALSE,Latin
roma1327,meat,408,FALSE,Romanian
stan1290,arches,408,FALSE,French
stan1290,fission,408,TRUE,French
wels1247,dawns,408,FALSE,Welsh
wels1247,drama,408,TRUE,Welsh
wels1247,tom,408,FALSE,Welsh
afri1274,brood,407,FALSE,Afrikaans
dutc1256,counter,407,TRUE,Dutch
dutc1256,direct,407,TRUE,Dutch
lati1261,serene,407,FALSE,Latin
lati1261,suspense,407,FALSE,Latin
poli1260,zebra,407,TRUE,Polish
roma1327,cat,407,FALSE,Romanian
roma1327,gust,407,FALSE,Romanian
scot1245,toll,407,FALSE,Scottish Gaelic
stan1288,pivot,407,FALSE,Spanish
stan1288,rally,407,TRUE,Spanish
stan1290,lucrative,407,FALSE,French
stan1295,browse,407,FALSE,German
iris1253,gall,406,FALSE,Irish
lati1261,fox,406,FALSE,Latin
lati1261,ornate,406,FALSE,Latin
poli1260,market,406,TRUE,Polish
port1283,tumor,406,TRUE,Portuguese
scot1243,address,406,TRUE,Scots
stan1288,concede,406,TRUE,Spanish
stan1288,default,406,FALSE,Spanish
stan1288,surf,406,FALSE,Spanish
stan1290,inhibition,406,TRUE,French
stan1290,marina,406,TRUE,French
cebu1242,slang,405,FALSE,Cebuano
indo1316,real,405,TRUE,Standard Indonesian
ital1282,trench,405,TRUE,Italian
kawi1241,way,405,FALSE,Kawi
olde1238,rice,405,FALSE,Old English (ca. 450-1100)
poli1260,event,405,TRUE,Polish
poli1260,pace,405,FALSE,Polish
port1283,abuse,405,TRUE,Portuguese
port1283,pint,405,TRUE,Portuguese
roma1327,principal,405,TRUE,Romanian
sout1528,drug,405,FALSE,Serbian-Croatian-Bosnian
sout1528,pet,405,FALSE,Serbian-Croatian-Bosnian
swed1254,bud,405,FALSE,Swedish
swed1254,shot,405,TRUE,Swedish
dutc1256,veil,404,FALSE,Dutch
lati1261,motive,404,FALSE,Latin
roma1327,sun,404,FALSE,Romanian
stan1290,intimidation,404,TRUE,French
stan1290,rectum,404,TRUE,French
stan1290,supervision,404,TRUE,French
stan1290,taxable,404,TRUE,French
stan1290,ultimatum,404,TRUE,French
swah1253,kale,404,FALSE,Swahili
swed1254,gift,404,FALSE,Swedish
swed1254,port,404,TRUE,Swedish
swed1254,slip,404,TRUE,Swedish
hung1274,sport,403,TRUE,Hungarian
iris1253,mill,403,FALSE,Irish
oldf1239,come,403,FALSE,Old French (842-ca. 1400)
penn1240,hot,403,FALSE,Pennsylvania German
stan1288,mediate,403,TRUE,Spanish
stan1290,beige,403,TRUE,French
stan1290,descriptive,403,FALSE,French
swed1254,hinder,403,FALSE,Swedish
swed1254,station,403,TRUE,Swedish
dani1285,art,402,FALSE,Danish
dani1285,did,402,FALSE,Danish
kich1262,chi,402,FALSE,K'iche'
lati1261,asylum,402,TRUE,Latin
poli1260,scratch,402,TRUE,Polish
port1283,hall,402,TRUE,Portuguese
roma1327,ace,402,FALSE,Romanian
stan1288,tangible,402,TRUE,Spanish
stan1290,enviable,402,TRUE,French
stan1290,fertiliser,402,FALSE,French
stan1290,plains,402,FALSE,French
stan1290,tenants,402,FALSE,French
dutc1256,student,401,TRUE,Dutch
dutc1256,tale,401,FALSE,Dutch
indo1316,term,401,TRUE,Standard Indonesian
iris1253,log,401,FALSE,Irish
nucl1643,sane,401,FALSE,Japanese
port1283,games,401,FALSE,Portuguese
stan1288,vivid,401,FALSE,Spanish
stan1290,cadres,401,FALSE,French
stan1290,diagnostic,401,FALSE,French
stan1290,persistent,401,FALSE,French
afri1274,sink,400,TRUE,Afrikaans
hung1274,log,400,FALSE,Hungarian
ital1282,gravel,400,TRUE,Italian
ital1282,smoking,400,FALSE,Italian
lati1261,abusive,400,FALSE,Latin
port1283,auto,400,TRUE,Portuguese
stan1288,suicide,400,FALSE,Spanish
wels1247,chest,400,FALSE,Welsh
iris1253,breath,399,FALSE,Irish
ital1282,dive,399,FALSE,Italian
lati1261,collective,399,FALSE,Latin
stan1288,marital,399,TRUE,Spanish
czec1258,plane,398,FALSE,Czech
dutc1256,store,398,FALSE,Dutch
icel1247,sin,398,FALSE,Icelandic
lati1261,ices,398,FALSE,Latin
poli1260,organ,398,TRUE,Polish
port1283,reserve,398,TRUE,Portuguese
sout1528,dug,398,FALSE,Serbian-Croatian-Bosnian
stan1288,fauna,398,TRUE,Spanish
stan1290,thorax,398,TRUE,French
stan1290,troll,398,TRUE,French
swed1254,din,398,FALSE,Swedish
swed1254,gram,398,FALSE,Swedish
czec1258,rock,397,TRUE,Czech
dani1285,hat,397,TRUE,Danish
dutc1256,rein,397,FALSE,Dutch
poli1260,bus,397,TRUE,Polish
port1283,toe,397,FALSE,Portuguese
sout1528,star,397,FALSE,Serbian-Croatian-Bosnian
stan1288,coy,397,FALSE,Spanish
stan1290,skiff,397,TRUE,French
wels1247,hoe,397,FALSE,Welsh
afri1274,pie,396,FALSE,Afrikaans
czec1258,pane,396,FALSE,Czech
ital1282,cola,396,FALSE,Italian
lati1261,chaos,396,FALSE,Latin
poli1260,met,396,FALSE,Polish
stan1288,corners,396,FALSE,Spanish
stan1288,fitness,396,TRUE,Spanish
stan1288,hobby,396,TRUE,Spanish
stan1288,radial,396,TRUE,Spanish
stan1290,duplex,396,TRUE,French
stan1290,indications,396,FALSE,French
stan1290,stimulation,396,TRUE,French
czec1258,police,395,FALSE,Czech
icel1247,saga,395,TRUE,Icelandic
ital1282,holding,395,TRUE,Italian
ital1282,relax,395,FALSE,Italian
lati1261,culture,395,FALSE,Latin
lati1261,spice,395,FALSE,Latin
scot1243,rake,395,FALSE,Scots
sout1528,bar,395,TRUE,Serbian-Croatian-Bosnian
stan1288,mafia,395,TRUE,Spanish
stan1288,referee,395,FALSE,Spanish
stan1288,tremor,395,FALSE,Spanish
stan1290,camouflage,395,TRUE,French
stan1290,phosphate,395,TRUE,French
swed1254,problem,395,TRUE,Swedish
dutc1256,alarm,394,TRUE,Dutch
dutc1256,cash,394,TRUE,Dutch
lati1261,obedient,394,FALSE,Latin
stan1288,niche,394,FALSE,Spanish
stan1288,turbine,394,FALSE,Spanish
stan1290,royalty,394,TRUE,French
stan1290,vibrant,394,FALSE,French
stan1306,sang,394,FALSE,Standard Malay
swed1254,gas,394,TRUE,Swedish
wels1247,para,394,FALSE,Welsh
afri1274,bone,393,FALSE,Afrikaans
dani1285,store,393,TRUE,Danish
indo1316,legal,393,TRUE,Standard Indonesian
ital1282,cant,393,FALSE,Italian
mand1415,menu,393,TRUE,Mandarin Chinese
poli1260,sorry,393,TRUE,Polish
port1283,gang,393,FALSE,Portuguese
port1283,individual,393,TRUE,Portuguese
port1283,manual,393,TRUE,Portuguese
stan1288,beta,393,TRUE,Spanish
stan1290,guides,393,FALSE,French
swed1254,late,393,FALSE,Swedish
swed1254,rock,393,TRUE,Swedish
czec1258,bran,392,FALSE,Czech
czec1258,idea,392,TRUE,Czech
dutc1256,object,392,TRUE,Dutch
fiji1243,gone,392,FALSE,Fijian
nucl1301,bone,392,FALSE,Turkish
stan1288,visa,392,TRUE,Spanish
stan1290,micro,392,TRUE,French
czec1258,copy,391,FALSE,Czech
dutc1256,argument,391,TRUE,Dutch
dutc1256,mantel,391,FALSE,Dutch
dutc1256,park,391,TRUE,Dutch
lati1261,editor,391,TRUE,Latin
poli1260,wad,391,FALSE,Polish
port1283,fatal,391,TRUE,Portuguese
roma1327,doctor,391,TRUE,Romanian
stan1288,coop,391,FALSE,Spanish
stan1288,tuberculosis,391,TRUE,Spanish
stan1290,matches,391,FALSE,French
stan1290,positions,391,FALSE,French
stan1290,slips,391,FALSE,French
stan1290,stigma,391,TRUE,French
wels1247,hail,391,FALSE,Welsh
dutc1256,beg,390,FALSE,Dutch
iris1253,brat,390,FALSE,Irish
iris1253,poll,390,FALSE,Irish
lati1261,sinister,390,FALSE,Latin
port1283,prime,390,FALSE,Portuguese
port1283,trace,390,TRUE,Portuguese
scot1243,hilly,390,FALSE,Scots
stan1288,adaptable,390,TRUE,Spanish
swed1254,position,390,TRUE,Swedish
swed1254,til,390,FALSE,Swedish
dani1285,top,389,TRUE,Danish
ital1282,grate,389,FALSE,Italian
ital1282,warrant,389,TRUE,Italian
lati1261,extensive,389,FALSE,Latin
lati1261,nectar,389,TRUE,Latin
nucl1301,tor,389,FALSE,Turkish
roma1327,civil,389,TRUE,Romanian
stan1288,capsule,389,FALSE,Spanish
stan1288,catcher,389,TRUE,Spanish
stan1290,biceps,389,TRUE,French
stan1290,charade,389,TRUE,French
stan1290,convergence,389,TRUE,French
esto1258,must,388,FALSE,Estonian
ital1282,marine,388,TRUE,Italian
lati1261,elaborate,388,FALSE,Latin
olde1238,bad,388,FALSE,Old English (ca. 450-1100)
stan1288,dais,388,FALSE,Spanish
stan1288,flora,388,TRUE,Spanish
stan1290,squares,388,FALSE,French
swed1254,cross,388,FALSE,Swedish
afri1274,arms,387,FALSE,Afrikaans
afri1274,sense,387,TRUE,Afrikaans
czec1258,moment,387,TRUE,Czech
hung1274,aid,387,FALSE,Hungarian
ital1282,assume,387,FALSE,Italian
lati1261,constitute,387,FALSE,Latin
olde1238,bold,387,FALSE,Old English (ca. 450-1100)
port1283,anterior,387,TRUE,Portuguese
port1283,dissolve,387,TRUE,Portuguese
port1283,soar,387,FALSE,Portuguese
roma1327,fix,387,FALSE,Romanian
roma1327,story,387,TRUE,Romanian
scot1243,crap,387,FALSE,Scots
stan1288,bloc,387,FALSE,Spanish
stan1290,percent,387,FALSE,French
stan1290,plaintive,387,FALSE,French
stan1290,scalpel,387,TRUE,French
wels1247,chant,387,FALSE,Welsh
afri1274,pan,386,TRUE,Afrikaans
dutc1256,fort,386,TRUE,Dutch
ital1282,mas,386,FALSE,Italian
ital1282,pasture,386,TRUE,Italian
lati1261,moderator,386,TRUE,Latin
scot1243,contract,386,TRUE,Scots
stan1288,terrier,386,TRUE,Spanish
stan1290,backside,386,TRUE,French
stan1290,climax,386,TRUE,French
stan1290,excision,386,TRUE,French
stan1290,polka,386,TRUE,French
stan1290,slaves,386,FALSE,French
stan1290,wagons,386,FALSE,French
swed1254,tax,386,FALSE,Swedish
ital1282,web,385,TRUE,Italian
lati1261,texture,385,FALSE,Latin
poli1260,musical,385,TRUE,Polish
port1283,mole,385,FALSE,Portuguese
port1283,swing,385,TRUE,Portuguese
stan1288,manila,385,TRUE,Spanish
stan1288,ratio,385,TRUE,Spanish
stan1290,bases,385,FALSE,French
stan1290,blues,385,TRUE,French
stan1290,fluorescent,385,TRUE,French
czec1258,fond,384,FALSE,Czech
dutc1256,pool,384,TRUE,Dutch
lati1261,pore,384,FALSE,Latin
port1283,display,384,TRUE,Portuguese
stan1288,comparable,384,TRUE,Spanish
stan1288,gravy,384,TRUE,Spanish
stan1288,inactive,384,FALSE,Spanish
czec1258,meeting,383,TRUE,Czech
hung1274,pad,383,FALSE,Hungarian
poli1260,nut,383,FALSE,Polish
poli1260,trap,383,FALSE,Polish
port1283,casual,383,TRUE,Portuguese
stan1288,imaginable,383,TRUE,Spanish
stan1288,vial,383,TRUE,Spanish
stan1290,fuselage,383,TRUE,French
stan1295,abnormal,383,TRUE,German
swed1254,hall,383,TRUE,Swedish
swed1254,situation,383,TRUE,Swedish
dani1285,mark,382,TRUE,Danish
hung1274,sort,382,FALSE,Hungarian
indo1316,cap,382,FALSE,Standard Indonesian
port1283,sole,382,FALSE,Portuguese
roma1327,central,382,TRUE,Romanian
stan1288,adorable,382,TRUE,Spanish
stan1288,dispense,382,TRUE,Spanish
stan1288,links,382,TRUE,Spanish
stan1288,ministerial,382,TRUE,Spanish
stan1288,notebook,382,TRUE,Spanish
stan1290,dissent,382,FALSE,French
stan1290,juxtaposition,382,TRUE,French
stan1295,platter,382,FALSE,German
swed1254,fort,382,TRUE,Swedish
swed1254,taken,382,FALSE,Swedish
czec1258,metal,381,FALSE,Czech
dutc1256,concern,381,TRUE,Dutch
iris1253,port,381,TRUE,Irish
lati1261,capture,381,FALSE,Latin
roma1327,exact,381,TRUE,Romanian
roma1327,green,381,TRUE,Romanian
stan1288,admire,381,TRUE,Spanish
stan1288,pulsar,381,TRUE,Spanish
swed1254,lent,381,FALSE,Swedish
lati1261,elevate,380,FALSE,Latin
lati1261,vagina,380,TRUE,Latin
poli1260,relief,380,TRUE,Polish
poli1260,wagon,380,FALSE,Polish
stan1288,monopoly,380,FALSE,Spanish
stan1290,gangster,380,TRUE,French
stan1290,impotence,380,FALSE,French
swed1254,check,380,TRUE,Swedish
dutc1256,spare,379,FALSE,Dutch
ital1282,console,379,TRUE,Italian
ital1282,espresso,379,TRUE,Italian
lati1261,femur,379,TRUE,Latin
stan1290,dilution,379,TRUE,French
stan1290,sermons,379,FALSE,French
swed1254,grand,379,FALSE,Swedish
afri1274,boot,378,FALSE,Afrikaans
finn1318,river,378,TRUE,Finnish
ital1282,biscuit,378,TRUE,Italian
ital1282,pus,378,TRUE,Italian
lati1261,feminine,378,FALSE,Latin
lati1261,sales,378,FALSE,Latin
nucl1643,mane,378,FALSE,Japanese
port1283,papa,378,FALSE,Portuguese
scot1245,mall,378,FALSE,Scottish Gaelic
sout1528,slip,378,FALSE,Serbian-Croatian-Bosnian
stan1288,breaks,378,FALSE,Spanish
stan1288,creed,378,FALSE,Spanish
stan1288,performer,378,TRUE,Spanish
stan1288,sacramental,378,TRUE,Spanish
stan1290,familial,378,TRUE,French
stan1295,intolerant,378,TRUE,German
stan1295,wars,378,FALSE,German
swed1254,storm,378,TRUE,Swedish
wels1247,nest,378,FALSE,Welsh
afri1274,sale,377,FALSE,Afrikaans
dutc1256,mild,377,TRUE,Dutch
lati1261,austere,377,FALSE,Latin
lati1261,monitor,377,FALSE,Latin
port1283,determine,377,TRUE,Portuguese
roma1327,perfect,377,TRUE,Romanian
stan1288,courier,377,TRUE,Spanish
stan1288,eventual,377,TRUE,Spanish
stan1290,cruiser,377,TRUE,French
stan1290,doctoral,377,TRUE,French
stan1290,imam,377,TRUE,French
stan1290,variations,377,FALSE,French
swed1254,block,377,TRUE,Swedish
swed1254,ram,377,FALSE,Swedish
hung1274,rut,376,FALSE,Hungarian
iban1264,aka,376,FALSE,Iban
ital1282,oblique,376,FALSE,Italian
lati1261,alleviate,376,FALSE,Latin
manx1243,son,376,FALSE,Manx
olde1238,sword,376,FALSE,Old English (ca. 450-1100)
poli1260,stale,376,FALSE,Polish
roma1327,note,376,TRUE,Romanian
stan1290,marinade,376,TRUE,French
stan1290,variant,376,TRUE,French
taga1270,una,376,FALSE,Tagalog
wels1247,credit,376,FALSE,Welsh
dutc1256,trim,375,FALSE,Dutch
icel1247,ing,375,FALSE,Icelandic
iris1253,sail,375,FALSE,Irish
lati1261,gymnasium,375,TRUE,Latin
mand1415,fans,375,FALSE,Mandarin Chinese
port1283,decline,375,TRUE,Portuguese
port1283,paste,375,FALSE,Portuguese
stan1290,calorie,375,TRUE,French
stan1290,caviar,375,TRUE,French
stan1290,opens,375,FALSE,French
dutc1256,stake,374,FALSE,Dutch
ital1282,metro,374,FALSE,Italian
ital1282,scout,374,TRUE,Italian
lati1261,productive,374,FALSE,Latin
lati1261,satin,374,FALSE,Latin
poli1260,bet,374,TRUE,Polish
port1283,imagine,374,TRUE,Portuguese
port1283,slide,374,TRUE,Portuguese
stan1288,fax,374,TRUE,Spanish
stan1288,maple,374,TRUE,Spanish
stan1290,aisle,374,FALSE,French
stan1290,naturalisation,374,TRUE,French
stan1290,sternum,374,TRUE,French
stan1295,immature,374,FALSE,German
swah1253,pale,374,FALSE,Swahili
dutc1256,beef,373,FALSE,Dutch
indo1316,hook,373,FALSE,Standard Indonesian
ital1282,smash,373,TRUE,Italian
lati1261,strata,373,FALSE,Latin
nucl1301,karma,373,TRUE,Turkish
olde1238,son,373,FALSE,Old English (ca. 450-1100)
scot1243,adjective,373,TRUE,Scots
stan1288,panacea,373,TRUE,Spanish
stan1288,shows,373,FALSE,Spanish
stan1295,derivative,373,FALSE,German
swed1254,action,373,TRUE,Swedish
hung1274,stroke,372,TRUE,Hungarian
ital1282,estimate,372,TRUE,Italian
ital1282,sincere,372,FALSE,Italian
lati1261,peninsula,372,TRUE,Latin
misk1235,man,372,FALSE,Mískito
port1283,faces,372,FALSE,Portuguese
port1283,pie,372,FALSE,Portuguese
stan1288,paces,372,FALSE,Spanish
stan1290,affiliation,372,TRUE,French
stan1290,aides,372,FALSE,French
stan1290,cosy,372,TRUE,French
stan1290,diverse,372,FALSE,French
czec1258,twist,371,TRUE,Czech
dutc1256,page,371,TRUE,Dutch
dutc1256,vest,371,TRUE,Dutch
port1283,fatigue,371,TRUE,Portuguese
scot1243,spin,371,FALSE,Scots
dutc1256,map,370,FALSE,Dutch
ital1282,cardinal,370,FALSE,Italian
ital1282,festival,370,TRUE,Italian
ital1282,goal,370,TRUE,Italian
ital1282,mediocre,370,TRUE,Italian
khas1269,tip,370,FALSE,Khasi
lati1261,demonstrate,370,FALSE,Latin
port1283,bronze,370,TRUE,Portuguese
stan1288,limbo,370,TRUE,Spanish
stan1288,produces,370,FALSE,Spanish
stan1290,discussions,370,FALSE,French
stan1290,documentation,370,TRUE,French
dutc1256,cape,369,TRUE,Dutch
indo1316,mental,369,TRUE,Standard Indonesian
ital1282,supreme,369,FALSE,Italian
lati1261,desperate,369,FALSE,Latin
lati1261,saga,369,TRUE,Latin
port1283,rival,369,TRUE,Portuguese
stan1290,rapper,369,TRUE,French
dutc1256,spits,368,FALSE,Dutch
indo1316,ban,368,TRUE,Standard Indonesian
lati1261,arrogant,368,FALSE,Latin
poli1260,rot,368,FALSE,Polish
port1283,postal,368,TRUE,Portuguese
stan1288,ego,368,FALSE,Spanish
stan1288,husky,368,TRUE,Spanish
stan1288,placenta,368,TRUE,Spanish
stan1290,asses,368,FALSE,French
stan1290,interchangeable,368,TRUE,French
stan1290,margarine,368,TRUE,French
stan1290,matte,368,FALSE,French
swed1254,blind,368,TRUE,Swedish
czec1258,yard,367,TRUE,Czech
lati1261,centuries,367,FALSE,Latin
port1283,approach,367,TRUE,Portuguese
port1283,series,367,FALSE,Portuguese
roma1327,similar,367,TRUE,Romanian
stan1288,compensate,367,TRUE,Spanish
stan1288,contour,367,TRUE,Spanish
stan1288,endorse,367,FALSE,Spanish
stan1288,originate,367,TRUE,Spanish
stan1288,tornado,367,TRUE,Spanish
stan1290,cockpit,367,TRUE,French
stan1290,duplication,367,TRUE,French
stan1290,graphite,367,TRUE,French
tokp1240,gut,367,FALSE,Tok Pisin
afri1274,lap,366,FALSE,Afrikaans
dutc1256,metal,366,TRUE,Dutch
ital1282,province,366,TRUE,Italian
port1283,hotel,366,TRUE,Portuguese
port1283,resolve,366,TRUE,Portuguese
sout1528,pad,366,FALSE,Serbian-Croatian-Bosnian
stan1288,audible,366,TRUE,Spanish
stan1290,relates,366,FALSE,French
stan1290,vases,366,FALSE,French
swed1254,son,366,FALSE,Swedish
taga1270,mesa,366,FALSE,Tagalog
indo1316,bridge,365,FALSE,Standard Indonesian
indo1316,pun,365,FALSE,Standard Indonesian
ital1282,bacon,365,TRUE,Italian
lati1261,academia,365,FALSE,Latin
poli1260,grant,365,TRUE,Polish
poli1260,talent,365,TRUE,Polish
stan1288,explore,365,TRUE,Spanish
stan1288,inhuman,365,FALSE,Spanish
stan1288,lucid,365,FALSE,Spanish
stan1290,inaugural,365,TRUE,French
swed1254,diet,365,TRUE,Swedish
afri1274,dam,364,TRUE,Afrikaans
dutc1256,lands,364,FALSE,Dutch
lati1261,communicate,364,FALSE,Latin
lati1261,saliva,364,TRUE,Latin
lati1261,stadium,364,TRUE,Latin
port1283,switch,364,TRUE,Portuguese
stan1288,casino,364,TRUE,Spanish
stan1290,anthrax,364,TRUE,French
stan1295,stylish,364,FALSE,German
stan1295,suggestive,364,FALSE,German
stan1306,skirt,364,TRUE,Standard Malay
swed1254,bag,364,TRUE,Swedish
hung1274,lord,363,FALSE,Hungarian
ital1282,boom,363,TRUE,Italian
ital1282,mortal,363,FALSE,Italian
roma1327,era,363,FALSE,Romanian
roma1327,record,363,TRUE,Romanian
scot1243,affection,363,TRUE,Scots
stan1290,camaraderie,363,TRUE,French
stan1290,impressions,363,FALSE,French
wels1247,model,363,TRUE,Welsh
afri1274,radio,362,TRUE,Afrikaans
czec1258,mast,362,FALSE,Czech
dutc1256,pardon,362,TRUE,Dutch
dutc1256,truck,362,TRUE,Dutch
icel1247,small,362,FALSE,Icelandic
lati1261,crater,362,FALSE,Latin
olde1238,corn,362,TRUE,Old English (ca. 450-1100)
pali1273,para,362,FALSE,Pali
port1283,temporal,362,TRUE,Portuguese
roma1327,bag,362,FALSE,Romanian
scot1245,fir,362,FALSE,Scottish Gaelic
stan1288,debut,362,TRUE,Spanish
stan1288,internet,362,TRUE,Spanish
stan1288,trailer,362,FALSE,Spanish
stan1290,ozone,362,TRUE,French
stan1295,milder,362,FALSE,German
indo1316,region,361,TRUE,Standard Indonesian
ital1282,candidate,361,TRUE,Italian
ital1282,remote,361,TRUE,Italian
port1283,sensual,361,TRUE,Portuguese
roma1327,agreement,361,TRUE,Romanian
stan1288,abdominal,361,TRUE,Spanish
stan1290,influenza,361,TRUE,French
stan1290,instances,361,FALSE,French
stan1290,tries,361,FALSE,French
czec1258,knot,360,FALSE,Czech
dutc1256,span,360,TRUE,Dutch
hung1274,civil,360,FALSE,Hungarian
lati1261,fugitive,360,FALSE,Latin
pali1273,tad,360,FALSE,Pali
poli1260,coach,360,TRUE,Polish
stan1288,mixer,360,TRUE,Spanish
stan1290,philtre,360,TRUE,French
stan1290,suites,360,FALSE,French
dutc1256,diet,359,FALSE,Dutch
lati1261,captive,359,FALSE,Latin
port1283,cardinal,359,TRUE,Portuguese
port1283,delivery,359,TRUE,Portuguese
port1283,link,359,TRUE,Portuguese
port1283,sake,359,TRUE,Portuguese
stan1288,coincide,359,TRUE,Spanish
stan1288,devise,359,FALSE,Spanish
stan1290,harmonica,359,TRUE,French
stan1290,info,359,TRUE,French
swed1254,moment,359,TRUE,Swedish
ital1282,confuse,358,FALSE,Italian
lati1261,educate,358,FALSE,Latin
lati1261,infinite,358,FALSE,Latin
minn1241,hat,358,FALSE,Min Nan Chinese
poli1260,pardon,358,TRUE,Polish
port1283,cape,358,FALSE,Portuguese
roma1327,cam,358,FALSE,Romanian
stan1288,derive,358,TRUE,Spanish
stan1288,prologue,358,FALSE,Spanish
stan1290,colonies,358,FALSE,French
stan1290,parasites,358,FALSE,French
stan1295,sinister,358,TRUE,German
swed1254,pick,358,FALSE,Swedish
dutc1256,peer,357,TRUE,Dutch
ital1282,gale,357,FALSE,Italian
ital1282,obsolete,357,FALSE,Italian
lati1261,adjacent,357,FALSE,Latin
lati1261,calculate,357,FALSE,Latin
lati1261,passes,357,FALSE,Latin
nucl1301,bat,357,FALSE,Turkish
olde1238,open,357,TRUE,Old English (ca. 450-1100)
poli1260,element,357,TRUE,Polish
poli1260,fort,357,TRUE,Polish
stan1288,mandate,357,FALSE,Spanish
stan1290,saliva,357,FALSE,French
stan1290,utilisation,357,TRUE,French
stan1295,optional,357,TRUE,German
afri1274,tone,356,TRUE,Afrikaans
dutc1256,angel,356,FALSE,Dutch
dutc1256,chap,356,FALSE,Dutch
dutc1256,pet,356,FALSE,Dutch
dutc1256,punch,356,TRUE,Dutch
port1283,causes,356,FALSE,Portuguese
roma1327,sale,356,FALSE,Romanian
scot1243,gay,356,FALSE,Scots
stan1288,grill,356,TRUE,Spanish
stan1288,malaria,356,TRUE,Spanish
stan1288,preceded,356,FALSE,Spanish
stan1288,vulnerable,356,TRUE,Spanish
stan1290,angler,356,FALSE,French
stan1290,files,356,FALSE,French
stan1290,fortitude,356,TRUE,French
stan1290,restrictive,356,FALSE,French
stan1290,trope,356,TRUE,French
hung1274,fest,355,FALSE,Hungarian
iris1253,file,355,FALSE,Irish
ital1282,gala,355,TRUE,Italian
ital1282,nausea,355,TRUE,Italian
ital1282,pose,355,FALSE,Italian
lati1261,helium,355,TRUE,Latin
lati1261,sponsor,355,FALSE,Latin
poli1260,elf,355,TRUE,Polish
scot1243,wave,355,FALSE,Scots
stan1288,evaporate,355,TRUE,Spanish
stan1288,pirate,355,FALSE,Spanish
stan1295,paradox,355,TRUE,German
swed1254,mask,355,TRUE,Swedish
afri1274,area,354,TRUE,Afrikaans
afri1274,lid,354,FALSE,Afrikaans
dutc1256,gate,354,TRUE,Dutch
icel1247,lit,354,FALSE,Icelandic
ital1282,mini,354,FALSE,Italian
ital1282,para,354,TRUE,Italian
ital1282,secure,354,FALSE,Italian
lati1261,colon,354,TRUE,Latin
lati1261,dissipate,354,FALSE,Latin
poli1260,manager,354,FALSE,Polish
port1283,festival,354,TRUE,Portuguese
stan1290,brunette,354,TRUE,French
stan1290,divisions,354,FALSE,French
stan1290,expresses,354,FALSE,French
stan1290,gondola,354,FALSE,French
stan1290,migrant,354,TRUE,French
stan1290,qualifications,354,FALSE,French
stan1290,respective,354,FALSE,French
stan1290,scrotum,354,TRUE,French
dutc1256,stout,353,TRUE,Dutch
lati1261,subordinate,353,FALSE,Latin
roma1327,cost,353,TRUE,Romanian
stan1288,poles,353,FALSE,Spanish
stan1290,fractions,353,FALSE,French
swed1254,king,353,FALSE,Swedish
dani1285,barn,352,FALSE,Danish
esto1258,number,352,TRUE,Estonian
ital1282,diploma,352,TRUE,Italian
lati1261,confident,352,FALSE,Latin
nucl1301,lord,352,TRUE,Turkish
roma1327,test,352,TRUE,Romanian
stan1288,logical,352,TRUE,Spanish
dutc1256,college,351,TRUE,Dutch
dutc1256,mud,351,FALSE,Dutch
finn1318,heavy,351,FALSE,Finnish
finn1318,tin,351,FALSE,Finnish
iris1253,dream,351,FALSE,Irish
ital1282,mania,351,FALSE,Italian
lati1261,diverse,351,FALSE,Latin
lith1251,pats,351,FALSE,Lithuanian
poli1260,wrap,351,TRUE,Polish
stan1288,cache,351,FALSE,Spanish
stan1288,clubs,351,FALSE,Spanish
stan1290,allies,351,FALSE,French
stan1290,labours,351,FALSE,French
dani1285,live,350,TRUE,Danish
dutc1256,binding,350,TRUE,Dutch
dutc1256,golden,350,FALSE,Dutch
dutc1256,rib,350,TRUE,Dutch
ital1282,propose,350,FALSE,Italian
lati1261,fluent,350,FALSE,Latin
lati1261,sedate,350,FALSE,Latin
lati1261,supporter,350,FALSE,Latin
poli1260,meteor,350,TRUE,Polish
scot1243,tack,350,FALSE,Scots
sout1528,drag,350,FALSE,Serbian-Croatian-Bosnian
stan1288,calculate,350,TRUE,Spanish
stan1290,bosses,350,FALSE,French
stan1290,contemplative,350,FALSE,French
stan1290,extradition,350,TRUE,French
stan1290,parable,350,FALSE,French
stan1290,placenta,350,TRUE,French
czec1258,auto,349,TRUE,Czech
czec1258,taste,349,FALSE,Czech
dutc1256,chat,349,TRUE,Dutch
dutc1256,reed,349,FALSE,Dutch
hung1274,toll,349,FALSE,Hungarian
ital1282,mitigate,349,FALSE,Italian
ital1282,piercing,349,TRUE,Italian
ital1282,tank,349,TRUE,Italian
nucl1301,single,349,TRUE,Turkish
nucl1301,size,349,FALSE,Turkish
port1283,cave,349,FALSE,Portuguese
port1283,driver,349,TRUE,Portuguese
roma1327,electric,349,TRUE,Romanian
stan1288,locker,349,TRUE,Spanish
stan1290,imaginative,349,TRUE,French
stan1290,inventive,349,FALSE,French
stan1290,questionnaire,349,TRUE,French
wels1247,symbol,349,TRUE,Welsh
lati1261,canon,348,TRUE,Latin
lati1261,humane,348,TRUE,Latin
lati1261,observer,348,FALSE,Latin
mand1415,projector,348,TRUE,Mandarin Chinese
olde1238,rest,348,FALSE,Old English (ca. 450-1100)
port1283,trivial,348,TRUE,Portuguese
stan1288,removed,348,FALSE,Spanish
stan1288,sets,348,FALSE,Spanish
stan1290,posts,348,FALSE,French
stan1290,torque,348,TRUE,French
swah1253,una,348,FALSE,Swahili
wels1247,drawn,348,FALSE,Welsh
finn1318,sun,347,FALSE,Finnish
indo1316,hotel,347,TRUE,Standard Indonesian
ital1282,compose,347,FALSE,Italian
lati1261,marine,347,FALSE,Latin
lati1261,vertigo,347,FALSE,Latin
poli1260,ocean,347,TRUE,Polish
port1283,pillar,347,FALSE,Portuguese
sout1528,lift,347,TRUE,Serbian-Croatian-Bosnian
stan1288,fans,347,FALSE,Spanish
stan1288,gaming,347,TRUE,Spanish
stan1288,reversible,347,TRUE,Spanish
stan1290,coordination,347,TRUE,French
stan1290,photos,347,FALSE,French
stan1295,bums,347,FALSE,German
swed1254,skin,347,FALSE,Swedish
dutc1256,wolf,346,TRUE,Dutch
ital1282,cutter,346,TRUE,Italian
lati1261,alienate,346,FALSE,Latin
lati1261,mite,346,FALSE,Latin
olde1238,horse,346,FALSE,Old English (ca. 450-1100)
port1283,commercial,346,FALSE,Portuguese
stan1288,jockey,346,TRUE,Spanish
stan1288,yen,346,TRUE,Spanish
stan1290,bunker,346,TRUE,French
stan1290,saxophone,346,TRUE,French
stan1290,seconds,346,FALSE,French
czec1258,fix,345,FALSE,Czech
dutc1256,pat,345,TRUE,Dutch
dutc1256,rag,345,FALSE,Dutch
fiji1243,mate,345,FALSE,Fijian
ital1282,discipline,345,TRUE,Italian
ital1282,taxi,345,TRUE,Italian
lati1261,narrator,345,FALSE,Latin
oldf1239,set,345,FALSE,Old French (842-ca. 1400)
poli1260,won,345,TRUE,Polish
port1283,super,345,TRUE,Portuguese
stan1288,benefactor,345,TRUE,Spanish
stan1288,boxes,345,FALSE,Spanish
stan1290,architectural,345,TRUE,French
stan1290,conventions,345,FALSE,French
stan1290,robot,345,TRUE,French
stan1306,natural,345,TRUE,Standard Malay
afri1274,lies,344,FALSE,Afrikaans
afri1274,rugby,344,TRUE,Afrikaans
czec1258,evidence,344,FALSE,Czech
dutc1256,telling,344,FALSE,Dutch
hung1274,kit,344,FALSE,Hungarian
lati1261,gesture,344,FALSE,Latin
lati1261,mediator,344,TRUE,Latin
lati1261,postpone,344,FALSE,Latin
lith1251,tarp,344,FALSE,Lithuanian
port1283,converter,344,FALSE,Portuguese
roma1327,step,344,FALSE,Romanian
scot1243,peer,344,TRUE,Scots
sout1528,student,344,TRUE,Serbian-Croatian-Bosnian
stan1288,epitome,344,FALSE,Spanish
stan1288,saloon,344,TRUE,Spanish
stan1290,cervical,344,TRUE,French
stan1290,jars,344,FALSE,French
stan1290,observable,344,TRUE,French
stan1295,aggressive,344,FALSE,German
dutc1256,grove,343,FALSE,Dutch
iris1253,sir,343,FALSE,Irish
ital1282,associate,343,TRUE,Italian
ital1282,impose,343,FALSE,Italian
ital1282,penetrate,343,FALSE,Italian
lati1261,intelligent,343,FALSE,Latin
midd1317,comb,343,TRUE,Middle English
port1283,protector,343,FALSE,Portuguese
roma1327,independent,343,TRUE,Romanian
roma1327,lung,343,FALSE,Romanian
scot1245,coin,343,FALSE,Scottish Gaelic
sout1528,gas,343,TRUE,Serbian-Croatian-Bosnian
stan1288,alfalfa,343,TRUE,Spanish
stan1288,plasma,343,TRUE,Spanish
stan1290,aquarium,343,TRUE,French
stan1290,missions,343,FALSE,French
czec1258,justice,342,TRUE,Czech
lati1261,fuse,342,FALSE,Latin
lati1261,tube,342,FALSE,Latin
port1283,curve,342,FALSE,Portuguese
stan1290,corrective,342,FALSE,French
stan1290,racial,342,TRUE,French
tetu1245,see,342,FALSE,Tetum
czec1258,don,341,TRUE,Czech
czec1258,rose,341,TRUE,Czech
dutc1256,belt,341,TRUE,Dutch
hung1274,fed,341,FALSE,Hungarian
icel1247,get,341,TRUE,Icelandic
lati1261,cute,341,FALSE,Latin
poli1260,pal,341,FALSE,Polish
port1283,notes,341,FALSE,Portuguese
sout1528,period,341,TRUE,Serbian-Croatian-Bosnian
stan1290,docks,341,TRUE,French
stan1290,scooter,341,TRUE,French
stan1290,thermostat,341,TRUE,French
stan1295,extremes,341,FALSE,German
czec1258,meteor,340,TRUE,Czech
dutc1256,hinder,340,TRUE,Dutch
dutc1256,tool,340,TRUE,Dutch
ital1282,immobile,340,TRUE,Italian
ital1282,soda,340,TRUE,Italian
port1283,crush,340,TRUE,Portuguese
stan1288,modular,340,TRUE,Spanish
stan1290,translations,340,FALSE,French
stan1306,beg,340,FALSE,Standard Malay
finn1318,market,339,FALSE,Finnish
kawi1241,guru,339,FALSE,Kawi
nucl1301,start,339,TRUE,Turkish
roma1327,solid,339,TRUE,Romanian
stan1288,commodity,339,TRUE,Spanish
stan1290,disputes,339,FALSE,French
stan1290,portraits,339,FALSE,French
stan1290,quantum,339,TRUE,French
stan1290,shaker,339,TRUE,French
stan1290,villages,339,FALSE,French
taus1251,bay,339,FALSE,Tausug
afri1274,bang,338,FALSE,Afrikaans
afri1274,drank,338,FALSE,Afrikaans
dutc1256,comfort,338,TRUE,Dutch
dutc1256,grind,338,FALSE,Dutch
dutc1256,surprise,338,TRUE,Dutch
hung1274,font,338,TRUE,Hungarian
indo1316,model,338,TRUE,Standard Indonesian
lati1261,bro,338,FALSE,Latin
poli1260,grand,338,FALSE,Polish
port1283,normal,338,TRUE,Portuguese
scot1243,agent,338,FALSE,Scots
stan1288,audio,338,TRUE,Spanish
stan1288,peas,338,FALSE,Spanish
stan1288,primordial,338,TRUE,Spanish
stan1288,rebate,338,FALSE,Spanish
stan1290,outsider,338,FALSE,French
stan1290,portions,338,FALSE,French
stan1290,timing,338,TRUE,French
stan1295,sonnet,338,FALSE,German
swed1254,test,338,TRUE,Swedish
wels1247,balm,338,TRUE,Welsh
dutc1256,partner,337,TRUE,Dutch
dutc1256,testament,337,TRUE,Dutch
ital1282,dissipate,337,FALSE,Italian
lati1261,prosecute,337,FALSE,Latin
mand1415,timing,337,TRUE,Mandarin Chinese
port1283,tale,337,FALSE,Portuguese
roma1327,transport,337,TRUE,Romanian
roma1327,unit,337,FALSE,Romanian
stan1290,bye,337,FALSE,French
stan1290,coexistence,337,TRUE,French
stan1290,habitat,337,TRUE,French
stan1290,statues,337,FALSE,French
stan1290,tapes,337,FALSE,French
stan1290,zoom,337,TRUE,French
dani1285,bag,336,FALSE,Danish
dutc1256,bore,336,TRUE,Dutch
iris1253,praise,336,FALSE,Irish
ital1282,orchestra,336,TRUE,Italian
port1283,led,336,TRUE,Portuguese
port1283,ore,336,FALSE,Portuguese
scot1245,dust,336,TRUE,Scottish Gaelic
sout1528,motor,336,TRUE,Serbian-Croatian-Bosnian
stan1288,define,336,TRUE,Spanish
stan1290,pharynx,336,TRUE,French
dutc1256,fret,335,TRUE,Dutch
dutc1256,wee,335,FALSE,Dutch
finn1318,beat,335,TRUE,Finnish
ital1282,diverse,335,FALSE,Italian
ital1282,plank,335,TRUE,Italian
minn1241,bat,335,FALSE,Min Nan Chinese
nucl1301,deli,335,FALSE,Turkish
olde1238,east,335,TRUE,Old English (ca. 450-1100)
poli1260,lump,335,FALSE,Polish
port1283,urge,335,FALSE,Portuguese
roma1327,plastic,335,TRUE,Romanian
scot1243,coup,335,FALSE,Scots
stan1288,desperate,335,FALSE,Spanish
stan1288,mats,335,FALSE,Spanish
stan1290,communicative,335,FALSE,French
stan1295,consequent,335,FALSE,German
swah1253,vile,335,FALSE,Swahili
iris1253,post,334,TRUE,Irish
ital1282,site,334,FALSE,Italian
lati1261,brute,334,FALSE,Latin
lati1261,epitome,334,TRUE,Latin
lati1261,pungent,334,FALSE,Latin
poli1260,grunt,334,FALSE,Polish
stan1288,males,334,FALSE,Spanish
stan1290,batteries,334,FALSE,French
stan1295,finale,334,TRUE,German
stan1295,inverse,334,FALSE,German
swed1254,tom,334,FALSE,Swedish
czec1258,base,333,TRUE,Czech
dutc1256,link,333,TRUE,Dutch
esto1258,pole,333,FALSE,Estonian
esto1258,road,333,FALSE,Estonian
esto1258,sea,333,FALSE,Estonian
ital1282,lustre,333,TRUE,Italian
ital1282,missile,333,TRUE,Italian
lati1261,solve,333,FALSE,Latin
port1283,chip,333,TRUE,Portuguese
port1283,coral,333,TRUE,Portuguese
port1283,roots,333,FALSE,Portuguese
roma1327,pace,333,FALSE,Romanian
roma1327,port,333,TRUE,Romanian
roma1327,singular,333,TRUE,Romanian
stan1288,presume,333,TRUE,Spanish
stan1288,rife,333,FALSE,Spanish
stan1290,curriculum,333,TRUE,French
stan1290,skis,333,FALSE,French
czec1258,met,332,FALSE,Czech
dutc1256,design,332,TRUE,Dutch
dutc1256,paste,332,FALSE,Dutch
ital1282,urine,332,TRUE,Italian
poli1260,lace,332,FALSE,Polish
port1283,decide,332,TRUE,Portuguese
roma1327,team,332,TRUE,Romanian
scot1243,simmer,332,FALSE,Scots
taga1270,slang,332,FALSE,Tagalog
dutc1256,wan,331,FALSE,Dutch
hmon1333,tug,331,FALSE,Hmong Daw
ital1282,clown,331,TRUE,Italian
nucl1301,ant,331,FALSE,Turkish
port1283,extra,331,TRUE,Portuguese
sout1528,bog,331,FALSE,Serbian-Croatian-Bosnian
stan1288,polio,331,FALSE,Spanish
stan1290,barons,331,FALSE,French
stan1290,cabinets,331,FALSE,French
stan1290,harem,331,TRUE,French
dutc1256,column,330,TRUE,Dutch
iban1264,tang,330,FALSE,Iban
ital1282,valve,330,TRUE,Italian
lati1261,turbine,330,FALSE,Latin
nucl1301,gel,330,FALSE,Turkish
poli1260,limit,330,TRUE,Polish
port1283,expert,330,TRUE,Portuguese
port1283,oriental,330,TRUE,Portuguese
stan1288,magnate,330,TRUE,Spanish
swed1254,lift,330,TRUE,Swedish
czec1258,pat,329,FALSE,Czech
ital1282,fibre,329,TRUE,Italian
port1283,flood,329,TRUE,Portuguese
port1283,partner,329,FALSE,Portuguese
stan1288,algebra,329,FALSE,Spanish
stan1290,concessions,329,FALSE,French
stan1290,coroner,329,TRUE,French
stan1290,expansive,329,FALSE,French
stan1290,productions,329,FALSE,French
cebu1242,animal,328,TRUE,Cebuano
dani1285,bed,328,TRUE,Danish
dani1285,radio,328,TRUE,Danish
dutc1256,lens,328,TRUE,Dutch
dutc1256,rob,328,FALSE,Dutch
roma1327,fir,328,FALSE,Romanian
roma1327,leader,328,FALSE,Romanian
stan1290,insurgent,328,FALSE,French
stan1290,monuments,328,FALSE,French
czec1258,ace,327,FALSE,Czech
dutc1256,excellent,327,TRUE,Dutch
dutc1256,golf,327,TRUE,Dutch
ital1282,imitate,327,FALSE,Italian
ital1282,quiz,327,TRUE,Italian
lati1261,contribute,327,FALSE,Latin
lati1261,piles,327,FALSE,Latin
lati1261,significant,327,FALSE,Latin
stan1288,lobby,327,TRUE,Spanish
lati1261,disco,326,FALSE,Latin
mand1415,impart,326,FALSE,Mandarin Chinese
scot1245,fill,326,FALSE,Scottish Gaelic
stan1290,aspects,326,FALSE,French
stan1290,centuries,326,FALSE,French
stan1290,instructive,326,FALSE,French
stan1290,structural,326,TRUE,French
swed1254,tack,326,FALSE,Swedish
swed1254,verb,326,TRUE,Swedish
viet1252,organ,326,FALSE,Vietnamese
hung1274,modern,325,TRUE,Hungarian
ital1282,stucco,325,TRUE,Italian
lati1261,metropolis,325,TRUE,Latin
poli1260,stare,325,FALSE,Polish
port1283,brutal,325,TRUE,Portuguese
port1283,pulse,325,FALSE,Portuguese
scot1243,bodies,325,FALSE,Scots
scot1245,grad,325,FALSE,Scottish Gaelic
ital1282,racket,324,TRUE,Italian
lati1261,antique,324,FALSE,Latin
lati1261,lice,324,FALSE,Latin
lati1261,sage,324,FALSE,Latin
olde1238,west,324,TRUE,Old English (ca. 450-1100)
port1283,curse,324,FALSE,Portuguese
scot1245,praise,324,FALSE,Scottish Gaelic
stan1288,invade,324,TRUE,Spanish
stan1288,sprint,324,TRUE,Spanish
stan1290,adoptive,324,FALSE,French
stan1290,grime,324,FALSE,French
stan1290,religions,324,FALSE,French
stan1295,virulent,324,TRUE,German
swed1254,sort,324,TRUE,Swedish
indo1316,fail,323,FALSE,Standard Indonesian
lati1261,asset,323,FALSE,Latin
port1283,continue,323,TRUE,Portuguese
port1283,fade,323,FALSE,Portuguese
stan1288,boxer,323,FALSE,Spanish
stan1290,observant,323,TRUE,French
stan1290,traditions,323,FALSE,French
stan1295,superb,323,TRUE,German
dutc1256,platform,322,TRUE,Dutch
ital1282,include,322,FALSE,Italian
ital1282,indicate,322,FALSE,Italian
ital1282,item,322,FALSE,Italian
lati1261,investigator,322,TRUE,Latin
nucl1301,step,322,FALSE,Turkish
nucl1643,mike,322,FALSE,Japanese
roma1327,card,322,TRUE,Romanian
stan1288,facilitate,322,TRUE,Spanish
stan1288,legitimate,322,TRUE,Spanish
stan1288,mini,322,TRUE,Spanish
stan1290,morphine,322,TRUE,French
stan1290,plasma,322,TRUE,French
stan1290,spectral,322,TRUE,French
swed1254,heat,322,TRUE,Swedish
afri1274,base,321,FALSE,Afrikaans
czec1258,trap,321,TRUE,Czech
dutc1256,reserve,321,TRUE,Dutch
iris1253,bail,321,FALSE,Irish
ital1282,convince,321,FALSE,Italian
lati1261,pave,321,FALSE,Latin
poli1260,spin,321,TRUE,Polish
scot1243,steer,321,FALSE,Scots
stan1290,confluence,321,TRUE,French
stan1290,inclusion,321,TRUE,French
stan1295,pseudonym,321,TRUE,German
stan1306,pan,321,FALSE,Standard Malay
swed1254,nice,321,FALSE,Swedish
swed1254,tan,321,FALSE,Swedish
dani1285,net,320,TRUE,Danish
dutc1256,protest,320,TRUE,Dutch
hung1274,roller,320,FALSE,Hungarian
icel1247,mark,320,TRUE,Icelandic
indo1316,tank,320,TRUE,Standard Indonesian
ital1282,saliva,320,TRUE,Italian
lati1261,heroes,320,FALSE,Latin
poli1260,humor,320,TRUE,Polish
port1283,retire,320,TRUE,Portuguese
scot1243,leaf,320,TRUE,Scots
stan1288,cabaret,320,TRUE,Spanish
stan1288,champagne,320,TRUE,Spanish
stan1288,vistas,320,FALSE,Spanish
stan1290,frustration,320,TRUE,French
stan1290,glucose,320,TRUE,French
stan1290,patchwork,320,TRUE,French
stan1290,subpoena,320,TRUE,French
swed1254,grad,320,FALSE,Swedish
dutc1256,image,319,TRUE,Dutch
ital1282,magazine,319,TRUE,Italian
lati1261,simulate,319,FALSE,Latin
poli1260,hotel,319,TRUE,Polish
poli1260,mile,319,FALSE,Polish
port1283,liar,319,FALSE,Portuguese
port1283,taxa,319,FALSE,Portuguese
roma1327,arc,319,TRUE,Romanian
scot1243,lap,319,FALSE,Scots
stan1288,duplicate,319,TRUE,Spanish
stan1288,gentlemen,319,FALSE,Spanish
stan1290,affidavit,319,TRUE,French
stan1290,radioactive,319,TRUE,French
stan1290,revenues,319,FALSE,French
stan1290,supervise,319,TRUE,French
afri1274,lens,318,TRUE,Afrikaans
dani1285,show,318,TRUE,Danish
indo1316,program,318,TRUE,Standard Indonesian
lati1261,irritate,318,FALSE,Latin
lati1261,operas,318,FALSE,Latin
port1283,doe,318,FALSE,Portuguese
roma1327,normal,318,TRUE,Romanian
stan1290,concoction,318,TRUE,French
stan1290,prostate,318,TRUE,French
swed1254,sedan,318,TRUE,Swedish
czec1258,serve,317,FALSE,Czech
czec1258,tip,317,TRUE,Czech
dani1285,general,317,TRUE,Danish
dutc1256,fix,317,FALSE,Dutch
finn1318,rope,317,FALSE,Finnish
iris1253,fad,317,FALSE,Irish
lati1261,imam,317,FALSE,Latin
lati1261,supple,317,FALSE,Latin
roma1327,introduce,317,TRUE,Romanian
stan1288,copyright,317,TRUE,Spanish
stan1288,proverbial,317,TRUE,Spanish
stan1295,digital,317,TRUE,German
hmon1333,mob,316,FALSE,Hmong Daw
ital1282,mule,316,TRUE,Italian
ital1282,positive,316,FALSE,Italian
olde1238,dry,316,FALSE,Old English (ca. 450-1100)
poli1260,blade,316,FALSE,Polish
poli1260,trip,316,TRUE,Polish
stan1288,bumper,316,TRUE,Spanish
stan1288,greens,316,FALSE,Spanish
stan1290,causal,316,TRUE,French
stan1290,freezer,316,FALSE,French
swed1254,strong,316,TRUE,Swedish
ital1282,relapse,315,FALSE,Italian
lati1261,climax,315,FALSE,Latin
lati1261,statute,315,FALSE,Latin
poli1260,gap,315,FALSE,Polish
port1283,preserve,315,TRUE,Portuguese
port1283,torture,315,TRUE,Portuguese
scot1243,lamp,315,FALSE,Scots
stan1288,dedicate,315,TRUE,Spanish
stan1288,floral,315,TRUE,Spanish
stan1290,iceberg,315,TRUE,French
stan1290,recapture,315,TRUE,French
stan1290,sabotage,315,TRUE,French
stan1290,saga,315,TRUE,French
ital1282,rally,314,TRUE,Italian
lati1261,deficit,314,FALSE,Latin
lati1261,lecture,314,FALSE,Latin
port1283,pastor,314,TRUE,Portuguese
port1283,ripe,314,FALSE,Portuguese
slov1269,pod,314,FALSE,Slovak
stan1288,insular,314,FALSE,Spanish
stan1288,mascara,314,FALSE,Spanish
stan1290,experts,314,FALSE,French
dutc1256,prove,313,FALSE,Dutch
indo1316,pita,313,TRUE,Standard Indonesian
poli1260,den,313,FALSE,Polish
port1283,revolver,313,FALSE,Portuguese
roma1327,argument,313,TRUE,Romanian
roma1327,dry,313,TRUE,Romanian
sout1528,pile,313,FALSE,Serbian-Croatian-Bosnian
stan1288,cholera,313,FALSE,Spanish
stan1288,crucial,313,TRUE,Spanish
stan1288,marketing,313,TRUE,Spanish
stan1288,pretended,313,FALSE,Spanish
stan1288,valet,313,FALSE,Spanish
stan1290,clauses,313,FALSE,French
stan1295,vigilant,313,FALSE,German
finn1318,cover,312,TRUE,Finnish
finn1318,move,312,FALSE,Finnish
lati1261,degenerate,312,FALSE,Latin
lati1261,inspector,312,TRUE,Latin
lati1261,tote,312,FALSE,Latin
nucl1301,net,312,TRUE,Turkish
port1283,cheque,312,TRUE,Portuguese
port1283,disco,312,TRUE,Portuguese
port1283,gate,312,TRUE,Portuguese
port1283,major,312,FALSE,Portuguese
port1283,tape,312,FALSE,Portuguese
port1283,vote,312,TRUE,Portuguese
stan1288,machete,312,TRUE,Spanish
stan1288,zip,312,TRUE,Spanish
dutc1256,worst,311,FALSE,Dutch
finn1318,tee,311,FALSE,Finnish
ital1282,turbine,311,TRUE,Italian
ital1282,whisky,311,TRUE,Italian
lati1261,diploma,311,TRUE,Latin
nucl1643,matte,311,FALSE,Japanese
poli1260,stole,311,FALSE,Polish
port1283,performance,311,TRUE,Portuguese
stan1288,menstrual,311,TRUE,Spanish
stan1290,instinctive,311,TRUE,French
stan1290,intuitive,311,TRUE,French
stan1290,pipeline,311,TRUE,French
stan1290,vortex,311,TRUE,French
dutc1256,camera,310,TRUE,Dutch
dutc1256,harp,310,TRUE,Dutch
hmon1333,dab,310,FALSE,Hmong Daw
indo1316,stem,310,TRUE,Standard Indonesian
iris1253,focal,310,FALSE,Irish
ital1282,nursery,310,TRUE,Italian
lati1261,abdomen,310,TRUE,Latin
lati1261,quote,310,FALSE,Latin
lati1261,salsa,310,FALSE,Latin
port1283,inquire,310,FALSE,Portuguese
stan1288,solace,310,TRUE,Spanish
stan1290,barbecue,310,TRUE,French
stan1290,cracks,310,FALSE,French
stan1290,fixes,310,FALSE,French
stan1290,grasses,310,FALSE,French
stan1295,floral,310,TRUE,German
afri1274,beer,309,FALSE,Afrikaans
czec1258,sentence,309,TRUE,Czech
dani1285,dog,309,FALSE,Danish
dutc1256,content,309,TRUE,Dutch
indo1316,meter,309,TRUE,Standard Indonesian
ital1282,prose,309,TRUE,Italian
lati1261,contemplate,309,FALSE,Latin
port1283,compare,309,TRUE,Portuguese
port1283,perpendicular,309,TRUE,Portuguese
port1283,sweep,309,TRUE,Portuguese
scot1243,maiden,309,TRUE,Scots
stan1288,alienate,309,TRUE,Spanish
stan1290,inhalation,309,TRUE,French
swed1254,bred,309,FALSE,Swedish
taga1270,din,309,FALSE,Tagalog
esto1258,mind,308,FALSE,Estonian
iris1253,harm,308,FALSE,Irish
ital1282,precise,308,TRUE,Italian
lati1261,invade,308,FALSE,Latin
lati1261,regimen,308,FALSE,Latin
olde1238,wine,308,FALSE,Old English (ca. 450-1100)
port1283,jack,308,TRUE,Portuguese
port1283,motive,308,FALSE,Portuguese
roma1327,republic,308,TRUE,Romanian
stan1288,bona,308,FALSE,Spanish
stan1288,compute,308,TRUE,Spanish
stan1288,fumes,308,FALSE,Spanish
stan1290,adaptable,308,TRUE,French
stan1290,derby,308,TRUE,French
stan1290,enclave,308,TRUE,French
stan1295,molar,308,TRUE,German
hung1274,platform,307,TRUE,Hungarian
indo1316,spot,307,TRUE,Standard Indonesian
poli1260,pet,307,FALSE,Polish
scot1243,fare,307,FALSE,Scots
stan1295,beige,307,TRUE,German
tokp1240,skin,307,TRUE,Tok Pisin
czec1258,mile,306,FALSE,Czech
dani1285,mere,306,FALSE,Danish
dutc1256,lake,306,FALSE,Dutch
dutc1256,landing,306,TRUE,Dutch
ital1282,duo,306,TRUE,Italian
nucl1301,dam,306,FALSE,Turkish
nucl1301,harp,306,FALSE,Turkish
olde1238,self,306,TRUE,Old English (ca. 450-1100)
oldn1244,get,306,TRUE,Old Norse
port1283,rogue,306,FALSE,Portuguese
port1283,vertical,306,TRUE,Portuguese
scot1243,poem,306,TRUE,Scots
stan1288,reproduce,306,TRUE,Spanish
stan1288,tango,306,TRUE,Spanish
stan1295,genital,306,TRUE,German
swed1254,information,306,TRUE,Swedish
swed1254,lake,306,FALSE,Swedish
swed1254,private,306,FALSE,Swedish
indo1316,pot,305,TRUE,Standard Indonesian
ital1282,coma,305,TRUE,Italian
lati1261,foetus,305,FALSE,Latin
nucl1643,baton,305,FALSE,Japanese
olde1238,red,305,FALSE,Old English (ca. 450-1100)
roma1327,bridge,305,TRUE,Romanian
roma1327,price,305,FALSE,Romanian
stan1288,incorporate,305,TRUE,Spanish
stan1288,monumental,305,TRUE,Spanish
stan1290,input,305,TRUE,French
stan1295,sprint,305,FALSE,German
swed1254,race,305,TRUE,Swedish
swed1254,rot,305,FALSE,Swedish
wels1247,brat,305,FALSE,Welsh
wels1247,radio,305,TRUE,Welsh
afri1274,bus,304,TRUE,Afrikaans
dutc1256,mix,304,TRUE,Dutch
dutc1256,pier,304,TRUE,Dutch
icel1247,art,304,FALSE,Icelandic
indo1316,pin,304,TRUE,Standard Indonesian
iris1253,hath,304,FALSE,Irish
lati1261,decorate,304,FALSE,Latin
lati1261,exclude,304,FALSE,Latin
lati1261,requires,304,FALSE,Latin
lati1261,response,304,FALSE,Latin
maor1246,tuna,304,FALSE,Maori
roma1327,motor,304,TRUE,Romanian
stan1288,deteriorate,304,TRUE,Spanish
stan1288,molecular,304,TRUE,Spanish
stan1290,nicotine,304,TRUE,French
stan1290,tends,304,FALSE,French
swed1254,read,304,FALSE,Swedish
afri1274,sand,303,TRUE,Afrikaans
dutc1256,reeds,303,FALSE,Dutch
dutc1256,snap,303,FALSE,Dutch
finn1318,oven,303,FALSE,Finnish
ital1282,appropriate,303,FALSE,Italian
ital1282,spider,303,TRUE,Italian
nucl1301,aka,303,FALSE,Turkish
poli1260,hut,303,FALSE,Polish
port1283,celestial,303,TRUE,Portuguese
port1283,gay,303,TRUE,Portuguese
port1283,persuade,303,TRUE,Portuguese
roma1327,final,303,TRUE,Romanian
roma1327,sexual,303,TRUE,Romanian
stan1288,compile,303,TRUE,Spanish
stan1288,memo,303,FALSE,Spanish
stan1295,renal,303,TRUE,German
wels1247,bump,303,FALSE,Welsh
czec1258,sad,302,FALSE,Czech
dani1285,ride,302,TRUE,Danish
dani1285,stop,302,TRUE,Danish
finn1318,loan,302,FALSE,Finnish
ital1282,degenerate,302,TRUE,Italian
ital1282,muse,302,TRUE,Italian
nucl1301,market,302,TRUE,Turkish
olde1238,heard,302,FALSE,Old English (ca. 450-1100)
poli1260,park,302,TRUE,Polish
stan1288,precedes,302,FALSE,Spanish
stan1290,coaches,302,FALSE,French
stan1290,compile,302,TRUE,French
stan1290,continues,302,FALSE,French
stan1290,flames,302,FALSE,French
stan1290,iridescent,302,TRUE,French
stan1290,mailing,302,TRUE,French
stan1290,sacramental,302,TRUE,French
stan1306,sat,302,FALSE,Standard Malay
wels1247,flew,302,FALSE,Welsh
wels1247,frown,302,FALSE,Welsh
dani1285,led,301,FALSE,Danish
dutc1256,rotten,301,FALSE,Dutch
dutc1256,tart,301,FALSE,Dutch
finn1318,radio,301,TRUE,Finnish
hmon1333,tub,301,FALSE,Hmong Daw
indo1316,data,301,TRUE,Standard Indonesian
ital1282,prone,301,FALSE,Italian
nucl1301,kin,301,FALSE,Turkish
pali1273,mama,301,FALSE,Pali
poli1260,herb,301,FALSE,Polish
port1283,solo,301,TRUE,Portuguese
sout1528,problem,301,TRUE,Serbian-Croatian-Bosnian
stan1288,inaugural,301,TRUE,Spanish
stan1290,audio,301,TRUE,French
stan1290,caves,301,FALSE,French
swed1254,real,301,TRUE,Swedish
dutc1256,extra,300,TRUE,Dutch
dutc1256,tint,300,TRUE,Dutch
ital1282,compromise,300,FALSE,Italian
ital1282,passive,300,FALSE,Italian
lati1261,accumulate,300,FALSE,Latin
lati1261,imperative,300,TRUE,Latin
lati1261,thorax,300,TRUE,Latin
port1283,boot,300,TRUE,Portuguese
port1283,pine,300,FALSE,Portuguese
port1283,spin,300,TRUE,Portuguese
stan1290,sacrifices,300,FALSE,French
stan1295,subversive,300,FALSE,German
swed1254,standard,300,TRUE,Swedish
wels1247,bait,300,FALSE,Welsh
czec1258,swing,299,TRUE,Czech
dutc1256,helper,299,TRUE,Dutch
ital1282,suspense,299,TRUE,Italian
ital1282,tunnel,299,TRUE,Italian
lati1261,alternative,299,FALSE,Latin
lati1261,astute,299,FALSE,Latin
lith1251,jus,299,FALSE,Lithuanian
port1283,chocolate,299,TRUE,Portuguese
port1283,manifesto,299,TRUE,Portuguese
roma1327,pus,299,FALSE,Romanian
stan1288,cries,299,FALSE,Spanish
stan1288,machines,299,FALSE,Spanish
stan1290,additions,299,FALSE,French
stan1290,arrives,299,FALSE,French
stan1290,colonisation,299,TRUE,French
stan1290,hormone,299,TRUE,French
stan1290,termite,299,TRUE,French
stan1290,toaster,299,FALSE,French
wels1247,tag,299,FALSE,Welsh
czec1258,model,298,TRUE,Czech
czec1258,piano,298,TRUE,Czech
dani1285,spring,298,TRUE,Danish
iris1253,rug,298,FALSE,Irish
poli1260,kit,298,FALSE,Polish
poli1260,tar,298,FALSE,Polish
stan1288,herpes,298,FALSE,Spanish
stan1288,inhale,298,TRUE,Spanish
stan1290,caps,298,FALSE,French
swed1254,extra,298,TRUE,Swedish
dutc1256,dip,297,TRUE,Dutch
dutc1256,flap,297,TRUE,Dutch
dutc1256,tang,297,FALSE,Dutch
iris1253,saint,297,FALSE,Irish
ital1282,patron,297,TRUE,Italian
lati1261,terminate,297,FALSE,Latin
olde1238,help,297,TRUE,Old English (ca. 450-1100)
poli1260,rob,297,FALSE,Polish
port1283,nave,297,TRUE,Portuguese
port1283,romance,297,TRUE,Portuguese
roma1327,ton,297,FALSE,Romanian
stan1288,pretense,297,FALSE,Spanish
stan1290,deals,297,FALSE,French
swed1254,green,297,TRUE,Swedish
swed1254,horn,297,TRUE,Swedish
czec1258,agent,296,TRUE,Czech
dani1285,folk,296,TRUE,Danish
dani1285,hed,296,FALSE,Danish
dutc1256,hotel,296,TRUE,Dutch
dutc1256,patent,296,TRUE,Dutch
dutc1256,perfect,296,TRUE,Dutch
ital1282,volatile,296,TRUE,Italian
lati1261,penis,296,TRUE,Latin
lati1261,resume,296,FALSE,Latin
maor1246,aka,296,FALSE,Maori
port1283,resort,296,TRUE,Portuguese
port1283,verbal,296,TRUE,Portuguese
roma1327,sure,296,FALSE,Romanian
stan1288,bonanza,296,FALSE,Spanish
stan1288,globular,296,TRUE,Spanish
stan1288,recital,296,FALSE,Spanish
stan1290,commute,296,FALSE,French
stan1290,doctrinal,296,TRUE,French
stan1290,motives,296,FALSE,French
stan1290,sardines,296,FALSE,French
stan1295,militant,296,TRUE,German
swed1254,pack,296,FALSE,Swedish
zulu1248,bona,296,FALSE,Zulu
czec1258,standard,295,TRUE,Czech
dutc1256,frank,295,TRUE,Dutch
dutc1256,transfer,295,TRUE,Dutch
hung1274,ant,295,FALSE,Hungarian
ital1282,evaporate,295,FALSE,Italian
lati1261,junior,295,FALSE,Latin
mand1415,peat,295,FALSE,Mandarin Chinese
poli1260,bury,295,FALSE,Polish
port1283,diet,295,TRUE,Portuguese
port1283,federal,295,TRUE,Portuguese
port1283,lunar,295,TRUE,Portuguese
stan1288,nitrate,295,FALSE,Spanish
stan1288,pelvis,295,TRUE,Spanish
stan1288,viable,295,TRUE,Spanish
stan1290,grades,295,FALSE,French
stan1295,brows,295,FALSE,German
afri1274,breed,294,FALSE,Afrikaans
dutc1256,monster,294,TRUE,Dutch
dutc1256,shirt,294,TRUE,Dutch
dutc1256,strand,294,TRUE,Dutch
ital1282,concrete,294,TRUE,Italian
lati1261,surge,294,FALSE,Latin
latv1249,art,294,FALSE,Latvian
lith1251,gal,294,FALSE,Lithuanian
nucl1301,bay,294,FALSE,Turkish
port1283,actor,294,TRUE,Portuguese
roma1327,crime,294,FALSE,Romanian
roma1327,guard,294,TRUE,Romanian
scot1243,island,294,TRUE,Scots
stan1288,influenza,294,TRUE,Spanish
stan1288,output,294,TRUE,Spanish
stan1288,sane,294,FALSE,Spanish
stan1290,peeling,294,FALSE,French
swed1254,skull,294,FALSE,Swedish
tokp1240,strong,294,TRUE,Tok Pisin
hung1274,major,293,FALSE,Hungarian
ital1282,bio,293,FALSE,Italian
ital1282,dispose,293,FALSE,Italian
ital1282,refrain,293,TRUE,Italian
lati1261,panes,293,FALSE,Latin
mand1415,coupon,293,TRUE,Mandarin Chinese
maor1246,tea,293,FALSE,Maori
olde1238,bed,293,FALSE,Old English (ca. 450-1100)
olde1238,line,293,TRUE,Old English (ca. 450-1100)
port1283,soda,293,TRUE,Portuguese
roma1327,popular,293,TRUE,Romanian
scot1243,learn,293,TRUE,Scots
stan1288,aspire,293,TRUE,Spanish
stan1288,roses,293,FALSE,Spanish
stan1290,culmination,293,TRUE,French
stan1295,analog,293,TRUE,German
taga1270,moral,293,FALSE,Tagalog
wels1247,credo,293,FALSE,Welsh
wels1247,moth,293,FALSE,Welsh
yoru1245,run,293,FALSE,Yoruba
dani1285,list,292,TRUE,Danish
dutc1256,arrest,292,TRUE,Dutch
hung1274,fan,292,TRUE,Hungarian
lati1261,rotunda,292,FALSE,Latin
mand1415,fax,292,TRUE,Mandarin Chinese
nucl1301,legal,292,TRUE,Turkish
poli1260,hop,292,TRUE,Polish
port1283,acre,292,TRUE,Portuguese
port1283,director,292,TRUE,Portuguese
port1283,fender,292,FALSE,Portuguese
roma1327,cast,292,FALSE,Romanian
stan1288,domain,292,TRUE,Spanish
stan1288,tempo,292,TRUE,Spanish
stan1290,wheeling,292,TRUE,French
swed1254,gods,292,FALSE,Swedish
swed1254,pin,292,FALSE,Swedish
dutc1256,harden,291,TRUE,Dutch
iris1253,hat,291,FALSE,Irish
ital1282,boiler,291,TRUE,Italian
ital1282,budget,291,TRUE,Italian
ital1282,create,291,FALSE,Italian
ital1282,improvement,291,TRUE,Italian
ital1282,potato,291,FALSE,Italian
lati1261,mallet,291,FALSE,Latin
lati1261,palate,291,FALSE,Latin
poli1260,rude,291,FALSE,Polish
stan1288,limo,291,FALSE,Spanish
stan1290,dots,291,FALSE,French
stan1290,terse,291,FALSE,French
swed1254,drift,291,TRUE,Swedish
dutc1256,district,290,TRUE,Dutch
hung1274,comb,290,FALSE,Hungarian
ital1282,broker,290,TRUE,Italian
ital1282,fortunate,290,FALSE,Italian
lati1261,convince,290,FALSE,Latin
nucl1301,bank,290,FALSE,Turkish
nucl1301,test,290,TRUE,Turkish
olde1238,ing,290,FALSE,Old English (ca. 450-1100)
roma1327,computer,290,TRUE,Romanian
roma1327,contract,290,TRUE,Romanian
stan1288,dude,290,FALSE,Spanish
stan1290,inclinations,290,FALSE,French
stan1290,unification,290,TRUE,French
swed1254,ser,290,FALSE,Swedish
wels1247,foes,290,FALSE,Welsh
arom1237,bag,289,FALSE,Aromanian
finn1318,kin,289,FALSE,Finnish
hung1274,told,289,FALSE,Hungarian
ital1282,casting,289,TRUE,Italian
ital1282,sensitive,289,FALSE,Italian
lati1261,accelerate,289,FALSE,Latin
lati1261,dogma,289,TRUE,Latin
port1283,saliva,289,TRUE,Portuguese
roma1327,sugar,289,FALSE,Romanian
scot1243,agree,289,FALSE,Scots
sout1528,standard,289,TRUE,Serbian-Croatian-Bosnian
stan1288,grille,289,FALSE,Spanish
stan1290,fantasy,289,TRUE,French
stan1290,jeans,289,FALSE,French
stan1290,programmes,289,FALSE,French
stan1290,surfaces,289,FALSE,French
stan1290,weird,289,TRUE,French
dani1285,mat,288,FALSE,Danish
dutc1256,heir,288,FALSE,Dutch
ital1282,subordinate,288,TRUE,Italian
nucl1301,nail,288,FALSE,Turkish
olde1238,read,288,FALSE,Old English (ca. 450-1100)
port1283,tribute,288,FALSE,Portuguese
roma1327,clean,288,FALSE,Romanian
roma1327,decide,288,TRUE,Romanian
sout1528,plot,288,FALSE,Serbian-Croatian-Bosnian
sout1528,tip,288,FALSE,Serbian-Croatian-Bosnian
stan1288,anemia,288,TRUE,Spanish
stan1290,pelvis,288,TRUE,French
stan1290,slalom,288,TRUE,French
stan1290,thermos,288,TRUE,French
stan1290,valves,288,FALSE,French
stan1295,zoom,288,FALSE,German
swed1254,material,288,TRUE,Swedish
afri1274,belt,287,TRUE,Afrikaans
czec1258,civil,287,FALSE,Czech
dutc1256,ham,287,TRUE,Dutch
lati1261,desolate,287,FALSE,Latin
lati1261,vigilant,287,FALSE,Latin
olde1238,dead,287,TRUE,Old English (ca. 450-1100)
olde1238,run,287,FALSE,Old English (ca. 450-1100)
roma1327,fund,287,FALSE,Romanian
roma1327,suit,287,FALSE,Romanian
sout1528,mast,287,FALSE,Serbian-Croatian-Bosnian
stan1290,challenger,287,FALSE,French
stan1290,neutron,287,TRUE,French
swed1254,fight,287,TRUE,Swedish
swed1254,support,287,TRUE,Swedish
taga1270,tip,287,TRUE,Tagalog
wels1247,toes,287,FALSE,Welsh
dani1285,talk,286,FALSE,Danish
dutc1256,baby,286,TRUE,Dutch
lati1261,effective,286,FALSE,Latin
lati1261,quota,286,TRUE,Latin
lati1261,vortex,286,FALSE,Latin
sout1528,rate,286,FALSE,Serbian-Croatian-Bosnian
stan1288,dope,286,FALSE,Spanish
stan1288,educate,286,TRUE,Spanish
stan1288,evacuate,286,FALSE,Spanish
stan1288,republican,286,FALSE,Spanish
stan1290,streaming,286,TRUE,French
stan1290,temples,286,FALSE,French
swed1254,term,286,TRUE,Swedish
indo1316,modern,285,TRUE,Standard Indonesian
iris1253,roll,285,TRUE,Irish
ital1282,flute,285,TRUE,Italian
ital1282,lava,285,TRUE,Italian
lati1261,articulate,285,FALSE,Latin
olde1238,tan,285,FALSE,Old English (ca. 450-1100)
port1283,grey,285,FALSE,Portuguese
port1283,parcel,285,FALSE,Portuguese
port1283,pus,285,TRUE,Portuguese
port1283,tremor,285,TRUE,Portuguese
roma1327,hotel,285,TRUE,Romanian
stan1288,ups,285,FALSE,Spanish
stan1290,manufactures,285,FALSE,French
stan1290,messages,285,FALSE,French
stan1290,vaginal,285,TRUE,French
wels1247,myth,285,FALSE,Welsh
chuu1238,man,284,FALSE,Chuukese
dutc1256,accent,284,TRUE,Dutch
dutc1256,stern,284,FALSE,Dutch
lati1261,passer,284,FALSE,Latin
poli1260,patent,284,TRUE,Polish
port1283,imperial,284,TRUE,Portuguese
port1283,villa,284,TRUE,Portuguese
roma1327,model,284,TRUE,Romanian
roma1327,sex,284,TRUE,Romanian
scot1243,tint,284,FALSE,Scots
stan1288,intermediate,284,FALSE,Spanish
stan1290,skipper,284,TRUE,French
stan1290,uvula,284,TRUE,French
swed1254,halt,284,TRUE,Swedish
swed1254,serve,284,TRUE,Swedish
tong1325,sea,284,FALSE,Tonga (Tonga Islands)
dutc1256,piano,283,TRUE,Dutch
indo1316,lever,283,FALSE,Standard Indonesian
ital1282,primitive,283,FALSE,Italian
ital1282,satellite,283,TRUE,Italian
lati1261,beet,283,FALSE,Latin
lati1261,dictate,283,FALSE,Latin
lith1251,name,283,FALSE,Lithuanian
lith1251,net,283,FALSE,Lithuanian
poli1260,dip,283,TRUE,Polish
poli1260,uniform,283,TRUE,Polish
scot1243,saut,283,FALSE,Scots
stan1288,chopped,283,FALSE,Spanish
stan1290,crosses,283,FALSE,French
swed1254,mild,283,TRUE,Swedish
cebu1242,una,282,FALSE,Cebuano
dutc1256,exact,282,TRUE,Dutch
dutc1256,gal,282,FALSE,Dutch
indo1316,drama,282,TRUE,Standard Indonesian
ital1282,runner,282,TRUE,Italian
lati1261,competitor,282,TRUE,Latin
lati1261,seduce,282,FALSE,Latin
manx1243,ass,282,FALSE,Manx
port1283,fog,282,TRUE,Portuguese
port1283,habitual,282,TRUE,Portuguese
roma1327,accident,282,TRUE,Romanian
roma1327,rapid,282,TRUE,Romanian
sout1528,test,282,TRUE,Serbian-Croatian-Bosnian
stan1290,professions,282,FALSE,French
afri1274,tale,281,FALSE,Afrikaans
dutc1256,beauty,281,TRUE,Dutch
esto1258,film,281,TRUE,Estonian
finn1318,net,281,FALSE,Finnish
hung1274,hotel,281,TRUE,Hungarian
indo1316,dam,281,TRUE,Standard Indonesian
ital1282,boss,281,TRUE,Italian
ital1282,formula,281,TRUE,Italian
lati1261,cedar,281,FALSE,Latin
lati1261,sculpture,281,FALSE,Latin
port1283,contender,281,FALSE,Portuguese
port1283,cordial,281,TRUE,Portuguese
port1283,discipline,281,FALSE,Portuguese
port1283,inferno,281,TRUE,Portuguese
port1283,puzzle,281,TRUE,Portuguese
stan1288,rote,281,FALSE,Spanish
stan1288,textual,281,TRUE,Spanish
stan1290,abuses,281,FALSE,French
stan1290,mobilisation,281,TRUE,French
swed1254,finger,281,TRUE,Swedish
swed1254,passage,281,TRUE,Swedish
dutc1256,display,280,TRUE,Dutch
ital1282,gorge,280,FALSE,Italian
lati1261,latent,280,FALSE,Latin
loui1240,men,280,FALSE,Louisiana Creole French
olde1238,stand,280,FALSE,Old English (ca. 450-1100)
poli1260,map,280,TRUE,Polish
port1283,latitude,280,TRUE,Portuguese
port1283,refine,280,TRUE,Portuguese
scot1243,islands,280,FALSE,Scots
scot1245,pit,280,FALSE,Scottish Gaelic
stan1288,bacteria,280,TRUE,Spanish
stan1290,patients,280,FALSE,French
stan1290,zones,280,FALSE,French
swed1254,string,280,TRUE,Swedish
afri1274,tin,279,TRUE,Afrikaans
finn1318,nut,279,FALSE,Finnish
finn1318,sure,279,FALSE,Finnish
hung1274,hint,279,FALSE,Hungarian
ital1282,antenna,279,TRUE,Italian
lati1261,aperture,279,FALSE,Latin
lati1261,flare,279,FALSE,Latin
lati1261,thyme,279,TRUE,Latin
oldn1244,full,279,FALSE,Old Norse
port1283,municipal,279,TRUE,Portuguese
port1283,overflow,279,TRUE,Portuguese
roma1327,moral,279,TRUE,Romanian
sout1528,nose,279,FALSE,Serbian-Croatian-Bosnian
stan1288,desolate,279,FALSE,Spanish
stan1288,elaborate,279,TRUE,Spanish
stan1288,renal,279,TRUE,Spanish
stan1290,stratification,279,TRUE,French
stan1290,values,279,FALSE,French
swed1254,hut,279,FALSE,Swedish
swed1254,silver,279,TRUE,Swedish
swed1254,sure,279,FALSE,Swedish
taga1270,natural,279,TRUE,Tagalog
afri1274,rot,278,FALSE,Afrikaans
dutc1256,attend,278,FALSE,Dutch
dutc1256,rap,278,TRUE,Dutch
ital1282,culture,278,TRUE,Italian
ital1282,mature,278,TRUE,Italian
mand1415,gym,278,TRUE,Mandarin Chinese
nucl1643,vitamin,278,FALSE,Japanese
port1283,confine,278,TRUE,Portuguese
port1283,ranger,278,TRUE,Portuguese
stan1290,connotation,278,TRUE,French
stan1295,bland,278,TRUE,German
wels1247,tenant,278,TRUE,Welsh
dani1285,arm,277,TRUE,Danish
dutc1256,angst,277,TRUE,Dutch
dutc1256,fork,277,TRUE,Dutch
dutc1256,thanks,277,TRUE,Dutch
hung1274,lent,277,TRUE,Hungarian
icel1247,turn,277,FALSE,Icelandic
iris1253,blast,277,FALSE,Irish
ital1282,romance,277,FALSE,Italian
lati1261,placenta,277,TRUE,Latin
lati1261,vitro,277,FALSE,Latin
nucl1301,port,277,TRUE,Turkish
nucl1301,sat,277,FALSE,Turkish
nucl1347,are,277,FALSE,Wolof
stan1288,commodities,277,FALSE,Spanish
stan1288,fiasco,277,TRUE,Spanish
stan1288,rounds,277,FALSE,Spanish
stan1290,pies,277,FALSE,French
stan1290,visions,277,FALSE,French
stan1295,okay,277,FALSE,German
swed1254,attack,277,TRUE,Swedish
swed1254,proper,277,TRUE,Swedish
taga1270,limit,277,FALSE,Tagalog
czec1258,grant,276,TRUE,Czech
dani1285,grad,276,FALSE,Danish
dutc1256,insect,276,TRUE,Dutch
dutc1256,loom,276,FALSE,Dutch
dutc1256,tape,276,TRUE,Dutch
dutc1256,tennis,276,TRUE,Dutch
ital1282,dense,276,FALSE,Italian
ital1282,impulse,276,FALSE,Italian
ital1282,inferno,276,TRUE,Italian
lati1261,administrator,276,TRUE,Latin
lati1261,phalanx,276,TRUE,Latin
port1283,accuse,276,FALSE,Portuguese
port1283,integral,276,TRUE,Portuguese
roma1327,standard,276,TRUE,Romanian
stan1288,concentrate,276,TRUE,Spanish
stan1288,intangible,276,TRUE,Spanish
stan1290,supports,276,FALSE,French
wels1247,torrent,276,FALSE,Welsh
czec1258,protest,275,TRUE,Czech
dutc1256,deer,275,FALSE,Dutch
dutc1256,won,275,FALSE,Dutch
iris1253,hail,275,FALSE,Irish
ital1282,app,275,TRUE,Italian
lati1261,textile,275,TRUE,Latin
nucl1301,tip,275,FALSE,Turkish
poli1260,mend,275,FALSE,Polish
port1283,gala,275,TRUE,Portuguese
port1283,tropical,275,TRUE,Portuguese
roma1327,credit,275,TRUE,Romanian
scot1245,gin,275,FALSE,Scottish Gaelic
sout1528,par,275,FALSE,Serbian-Croatian-Bosnian
stan1288,melodrama,275,TRUE,Spanish
stan1288,omelet,275,FALSE,Spanish
stan1290,accords,275,FALSE,French
stan1290,improvise,275,TRUE,French
stan1290,taxis,275,FALSE,French
stan1295,banal,275,TRUE,German
swed1254,dust,275,FALSE,Swedish
taga1270,simple,275,TRUE,Tagalog
ital1282,triple,274,TRUE,Italian
lati1261,stamina,274,FALSE,Latin
poli1260,mail,274,FALSE,Polish
port1283,consume,274,FALSE,Portuguese
stan1288,divides,274,FALSE,Spanish
stan1288,iceberg,274,TRUE,Spanish
stan1288,mosque,274,FALSE,Spanish
stan1290,cultures,274,FALSE,French
stan1295,impulsive,274,FALSE,German
tokp1240,was,274,FALSE,Tok Pisin
czec1258,stud,273,FALSE,Czech
dutc1256,burger,273,FALSE,Dutch
dutc1256,nap,273,FALSE,Dutch
dutc1256,pink,273,TRUE,Dutch
dutc1256,rubber,273,TRUE,Dutch
ital1282,celebrate,273,FALSE,Italian
ital1282,diminutive,273,TRUE,Italian
ital1282,mane,273,FALSE,Italian
lati1261,torrent,273,FALSE,Latin
roma1327,document,273,TRUE,Romanian
roma1327,sort,273,TRUE,Romanian
stan1288,domino,273,FALSE,Spanish
stan1288,subway,273,TRUE,Spanish
stan1290,congratulations,273,FALSE,French
stan1290,converge,273,TRUE,French
stan1295,persuasive,273,FALSE,German
swed1254,bland,273,FALSE,Swedish
afri1274,student,272,TRUE,Afrikaans
dani1285,station,272,TRUE,Danish
dutc1256,laden,272,FALSE,Dutch
dutc1256,marine,272,FALSE,Dutch
dutc1256,stemming,272,FALSE,Dutch
hung1274,program,272,TRUE,Hungarian
lati1261,beta,272,TRUE,Latin
lati1261,suite,272,FALSE,Latin
nucl1643,emu,272,FALSE,Japanese
poli1260,pad,272,FALSE,Polish
port1283,ale,272,TRUE,Portuguese
port1283,mania,272,TRUE,Portuguese
roma1327,accept,272,TRUE,Romanian
stan1288,chandelier,272,TRUE,Spanish
stan1288,nobles,272,FALSE,Spanish
stan1290,primate,272,TRUE,French
stan1290,tires,272,FALSE,French
stan1290,tweed,272,TRUE,French
stan1295,evasive,272,FALSE,German
swed1254,brand,272,FALSE,Swedish
swed1254,miss,272,FALSE,Swedish
swed1254,social,272,TRUE,Swedish
taga1270,bag,272,TRUE,Tagalog
dutc1256,echo,271,TRUE,Dutch
finn1318,anger,271,FALSE,Finnish
hung1274,bent,271,FALSE,Hungarian
iris1253,mall,271,FALSE,Irish
ital1282,gospel,271,TRUE,Italian
ital1282,operate,271,FALSE,Italian
ital1282,ratio,271,FALSE,Italian
lati1261,tinnitus,271,FALSE,Latin
nucl1643,tomato,271,FALSE,Japanese
poli1260,ornament,271,TRUE,Polish
stan1288,cervical,271,TRUE,Spanish
stan1288,crunch,271,TRUE,Spanish
stan1288,handicap,271,TRUE,Spanish
stan1288,strikes,271,FALSE,Spanish
stan1288,vector,271,TRUE,Spanish
stan1290,brushing,271,FALSE,French
stan1290,mites,271,FALSE,French
stan1295,planes,271,FALSE,German
swed1254,text,271,TRUE,Swedish
taga1270,real,271,TRUE,Tagalog
czec1258,mate,270,FALSE,Czech
ital1282,mute,270,TRUE,Italian
ital1282,shopping,270,TRUE,Italian
lati1261,alternate,270,FALSE,Latin
lati1261,imminent,270,FALSE,Latin
lati1261,satellites,270,FALSE,Latin
poli1260,mate,270,TRUE,Polish
poli1260,pop,270,TRUE,Polish
poli1260,smoking,270,FALSE,Polish
poli1260,transfer,270,TRUE,Polish
roma1327,acid,270,TRUE,Romanian
roma1327,pod,270,FALSE,Romanian
roma1327,profit,270,TRUE,Romanian
sout1528,male,270,FALSE,Serbian-Croatian-Bosnian
stan1288,autos,270,FALSE,Spanish
stan1288,doctrinal,270,TRUE,Spanish
stan1288,liner,270,TRUE,Spanish
stan1290,minimal,270,TRUE,French
swah1253,radio,270,FALSE,Swahili
swed1254,stroke,270,TRUE,Swedish
dani1285,fine,269,FALSE,Danish
finn1318,enter,269,FALSE,Finnish
ital1282,arena,269,TRUE,Italian
ital1282,jolly,269,FALSE,Italian
lati1261,arbitrator,269,FALSE,Latin
lati1261,factor,269,FALSE,Latin
oldn1244,hit,269,FALSE,Old Norse
port1283,approve,269,FALSE,Portuguese
port1283,coma,269,TRUE,Portuguese
port1283,corporal,269,TRUE,Portuguese
port1283,embargo,269,TRUE,Portuguese
port1283,frugal,269,TRUE,Portuguese
roma1327,continue,269,TRUE,Romanian
scot1243,links,269,FALSE,Scots
stan1288,nude,269,TRUE,Spanish
stan1288,replica,269,FALSE,Spanish
stan1290,furtive,269,FALSE,French
stan1290,orchestral,269,TRUE,French
stan1290,subversive,269,FALSE,French
dani1285,present,268,TRUE,Danish
dani1285,tag,268,TRUE,Danish
dutc1256,manager,268,TRUE,Dutch
dutc1256,rode,268,FALSE,Dutch
finn1318,range,268,TRUE,Finnish
ital1282,derive,268,TRUE,Italian
ital1282,graduate,268,FALSE,Italian
lati1261,scope,268,FALSE,Latin
nucl1301,model,268,TRUE,Turkish
poli1260,toast,268,TRUE,Polish
port1283,blush,268,TRUE,Portuguese
port1283,pastoral,268,TRUE,Portuguese
port1283,radical,268,TRUE,Portuguese
roma1327,par,268,FALSE,Romanian
scot1243,station,268,TRUE,Scots
stan1288,inflate,268,TRUE,Spanish
stan1290,businessman,268,TRUE,French
stan1290,masters,268,FALSE,French
swed1254,city,268,TRUE,Swedish
swed1254,instrument,268,TRUE,Swedish
swed1254,register,268,TRUE,Swedish
czec1258,fence,267,FALSE,Czech
dutc1256,correct,267,TRUE,Dutch
dutc1256,talent,267,TRUE,Dutch
dutc1256,union,267,TRUE,Dutch
finn1318,bridge,267,TRUE,Finnish
icel1247,son,267,TRUE,Icelandic
ital1282,raid,267,TRUE,Italian
nucl1301,film,267,TRUE,Turkish
port1283,pasta,267,FALSE,Portuguese
roma1327,ban,267,TRUE,Romanian
roma1327,sold,267,FALSE,Romanian
scot1243,dug,267,FALSE,Scots
scot1243,fate,267,FALSE,Scots
stan1288,celebrity,267,TRUE,Spanish
stan1290,catches,267,FALSE,French
stan1290,crescendo,267,TRUE,French
stan1290,gamma,267,TRUE,French
stan1290,suggestions,267,FALSE,French
swed1254,given,267,TRUE,Swedish
swed1254,joint,267,TRUE,Swedish
swed1254,mast,267,TRUE,Swedish
czec1258,talent,266,TRUE,Czech
dani1285,lad,266,FALSE,Danish
dutc1256,sorry,266,TRUE,Dutch
ital1282,rugby,266,TRUE,Italian
ital1282,volley,266,FALSE,Italian
lati1261,halo,266,FALSE,Latin
latv1249,dot,266,FALSE,Latvian
lith1251,visas,266,FALSE,Lithuanian
nucl1301,ham,266,FALSE,Turkish
poli1260,fragment,266,TRUE,Polish
stan1288,temples,266,FALSE,Spanish
stan1290,bulls,266,FALSE,French
stan1290,meetings,266,FALSE,French
stan1295,dissident,266,TRUE,German
swed1254,risk,266,TRUE,Swedish
dutc1256,broom,265,FALSE,Dutch
dutc1256,kit,265,FALSE,Dutch
dutc1256,parade,265,TRUE,Dutch
finn1318,tar,265,FALSE,Finnish
ital1282,drip,265,TRUE,Italian
ital1282,membrane,265,TRUE,Italian
lati1261,pate,265,FALSE,Latin
lati1261,rupture,265,FALSE,Latin
mand1415,booking,265,TRUE,Mandarin Chinese
nucl1643,sushi,265,FALSE,Japanese
olde1238,winter,265,TRUE,Old English (ca. 450-1100)
port1283,industrial,265,TRUE,Portuguese
roma1327,rude,265,FALSE,Romanian
roma1327,salt,265,FALSE,Romanian
scot1243,bob,265,FALSE,Scots
scot1243,uncle,265,TRUE,Scots
stan1288,liberate,265,TRUE,Spanish
swed1254,key,265,FALSE,Swedish
swed1254,stamp,265,TRUE,Swedish
wels1247,atom,265,FALSE,Welsh
czec1258,soul,264,TRUE,Czech
hung1274,profit,264,TRUE,Hungarian
iris1253,gram,264,FALSE,Irish
ital1282,trash,264,FALSE,Italian
lati1261,composite,264,FALSE,Latin
lati1261,dissuade,264,FALSE,Latin
lati1261,efficient,264,FALSE,Latin
port1283,rap,264,TRUE,Portuguese
roma1327,single,264,TRUE,Romanian
stan1288,genital,264,TRUE,Spanish
stan1288,hub,264,TRUE,Spanish
stan1288,rocker,264,TRUE,Spanish
stan1290,putter,264,TRUE,French
stan1290,supporters,264,FALSE,French
swed1254,sent,264,FALSE,Swedish
ital1282,anti,263,FALSE,Italian
roma1327,rock,263,TRUE,Romanian
roma1327,stupid,263,TRUE,Romanian
stan1288,chute,263,FALSE,Spanish
stan1290,antisocial,263,TRUE,French
stan1290,certification,263,TRUE,French
stan1290,gateway,263,TRUE,French
stan1290,implantation,263,TRUE,French
stan1290,jubilant,263,TRUE,French
swed1254,bridge,263,FALSE,Swedish
swed1254,fallen,263,TRUE,Swedish
wels1247,cliff,263,FALSE,Welsh
cebu1242,lain,262,FALSE,Cebuano
czec1258,program,262,TRUE,Czech
ital1282,serene,262,TRUE,Italian
olde1238,wand,262,FALSE,Old English (ca. 450-1100)
poli1260,lament,262,TRUE,Polish
port1283,exile,262,TRUE,Portuguese
port1283,incline,262,TRUE,Portuguese
scot1243,gravel,262,TRUE,Scots
scot1245,seas,262,FALSE,Scottish Gaelic
stan1288,feeds,262,FALSE,Spanish
stan1288,oasis,262,TRUE,Spanish
stan1288,shorts,262,TRUE,Spanish
stan1290,magistrates,262,FALSE,French
stan1290,validation,262,TRUE,French
dani1285,film,261,TRUE,Danish
dutc1256,host,261,TRUE,Dutch
dutc1256,wig,261,FALSE,Dutch
ital1282,concise,261,FALSE,Italian
oldn1244,folk,261,FALSE,Old Norse
poli1260,major,261,TRUE,Polish
port1283,cone,261,TRUE,Portuguese
port1283,exception,261,TRUE,Portuguese
port1283,football,261,FALSE,Portuguese
stan1288,chances,261,FALSE,Spanish
stan1290,addiction,261,TRUE,French
stan1290,biscuits,261,FALSE,French
stan1290,dosage,261,TRUE,French
stan1290,slices,261,FALSE,French
dani1285,find,260,FALSE,Danish
dani1285,rest,260,TRUE,Danish
dani1285,tone,260,TRUE,Danish
hung1274,est,260,FALSE,Hungarian
port1283,posterior,260,TRUE,Portuguese
roma1327,ore,260,TRUE,Romanian
scot1243,pie,260,TRUE,Scots
scot1245,dig,260,FALSE,Scottish Gaelic
stan1288,folklore,260,TRUE,Spanish
stan1288,robot,260,TRUE,Spanish
stan1290,fiance,260,FALSE,French
stan1290,skier,260,FALSE,French
stan1295,primordial,260,TRUE,German
stan1295,reputable,260,FALSE,German
swed1254,transport,260,TRUE,Swedish
dutc1256,dot,259,FALSE,Dutch
esto1258,lane,259,FALSE,Estonian
nucl1643,banana,259,FALSE,Japanese
poli1260,piano,259,TRUE,Polish
roma1327,nuclear,259,TRUE,Romanian
roma1327,student,259,TRUE,Romanian
scot1243,stranger,259,FALSE,Scots
sout1528,plate,259,TRUE,Serbian-Croatian-Bosnian
sout1528,sir,259,FALSE,Serbian-Croatian-Bosnian
stan1288,files,259,FALSE,Spanish
stan1290,slush,259,TRUE,French
stan1290,systems,259,FALSE,French
stan1306,bang,259,FALSE,Standard Malay
wels1247,talent,259,TRUE,Welsh
dutc1256,management,258,TRUE,Dutch
finn1318,crack,258,TRUE,Finnish
iris1253,fill,258,FALSE,Irish
ital1282,barn,258,TRUE,Italian
ital1282,combine,258,FALSE,Italian
lati1261,luxuries,258,FALSE,Latin
lati1261,radios,258,FALSE,Latin
poli1260,protest,258,TRUE,Polish
scot1243,greet,258,FALSE,Scots
stan1288,causal,258,TRUE,Spanish
stan1288,excuses,258,FALSE,Spanish
stan1288,papaya,258,TRUE,Spanish
stan1288,zoom,258,TRUE,Spanish
stan1290,buggy,258,TRUE,French
stan1290,closes,258,FALSE,French
stan1290,joins,258,FALSE,French
stan1290,sexy,258,TRUE,French
stan1295,immune,258,FALSE,German
swed1254,lack,258,FALSE,Swedish
swed1254,lust,258,FALSE,Swedish
wels1247,gait,258,FALSE,Welsh
dutc1256,ramp,257,TRUE,Dutch
hung1274,park,257,TRUE,Hungarian
hung1274,pop,257,TRUE,Hungarian
indo1316,tin,257,TRUE,Standard Indonesian
ital1282,bob,257,TRUE,Italian
poli1260,happening,257,TRUE,Polish
port1283,oral,257,TRUE,Portuguese
roma1327,lady,257,TRUE,Romanian
scot1243,brook,257,FALSE,Scots
stan1288,slogan,257,FALSE,Spanish
swed1254,prick,257,FALSE,Swedish
dani1285,handle,256,FALSE,Danish
dani1285,plan,256,TRUE,Danish
dani1285,skin,256,FALSE,Danish
ital1282,profane,256,TRUE,Italian
ital1282,residue,256,TRUE,Italian
ital1282,video,256,TRUE,Italian
ital1282,violate,256,FALSE,Italian
mand1415,memo,256,TRUE,Mandarin Chinese
roma1327,una,256,FALSE,Romanian
scot1245,flat,256,TRUE,Scottish Gaelic
stan1288,humane,256,FALSE,Spanish
stan1290,martyrs,256,FALSE,French
stan1290,utilise,256,TRUE,French
swed1254,knot,256,FALSE,Swedish
afri1274,tee,255,FALSE,Afrikaans
dani1285,system,255,TRUE,Danish
dutc1256,concert,255,TRUE,Dutch
dutc1256,document,255,TRUE,Dutch
dutc1256,wake,255,TRUE,Dutch
indo1316,personal,255,TRUE,Standard Indonesian
ital1282,bride,255,FALSE,Italian
port1283,pastel,255,TRUE,Portuguese
sout1528,civil,255,FALSE,Serbian-Croatian-Bosnian
stan1290,grizzly,255,TRUE,French
stan1290,interviewer,255,TRUE,French
stan1290,scriptural,255,TRUE,French
swed1254,bin,255,FALSE,Swedish
swed1254,store,255,FALSE,Swedish
swed1254,tall,255,FALSE,Swedish
afri1274,den,254,FALSE,Afrikaans
dutc1256,token,254,TRUE,Dutch
ital1282,diffuse,254,FALSE,Italian
ital1282,underground,254,FALSE,Italian
poli1260,region,254,TRUE,Polish
poli1260,strap,254,FALSE,Polish
roma1327,superior,254,TRUE,Romanian
stan1288,rotunda,254,FALSE,Spanish
stan1288,supernatural,254,TRUE,Spanish
stan1290,citations,254,FALSE,French
stan1290,commando,254,TRUE,French
stan1290,immutable,254,TRUE,French
stan1290,inaudible,254,TRUE,French
stan1290,moustaches,254,FALSE,French
stan1290,prohibitive,254,TRUE,French
swed1254,leg,254,FALSE,Swedish
taga1270,regular,254,TRUE,Tagalog
wels1247,chapel,254,FALSE,Welsh
wels1247,problem,254,TRUE,Welsh
czec1258,design,253,TRUE,Czech
dani1285,gram,253,TRUE,Danish
dani1285,salt,253,TRUE,Danish
ital1282,alternate,253,FALSE,Italian
ital1282,replica,253,TRUE,Italian
lati1261,includes,253,FALSE,Latin
poli1260,chi,253,TRUE,Polish
poli1260,testament,253,TRUE,Polish
port1283,uses,253,FALSE,Portuguese
roma1327,led,253,TRUE,Romanian
roma1327,spate,253,FALSE,Romanian
slov1268,pod,253,FALSE,Slovenian
sout1528,rob,253,FALSE,Serbian-Croatian-Bosnian
stan1290,directive,253,TRUE,French
stan1290,scanner,253,TRUE,French
stan1290,sherry,253,TRUE,French
taga1270,sang,253,FALSE,Tagalog
czec1258,pity,252,FALSE,Czech
dani1285,made,252,FALSE,Danish
dutc1256,doctrine,252,TRUE,Dutch
dutc1256,listen,252,FALSE,Dutch
dutc1256,tier,252,FALSE,Dutch
ital1282,info,252,FALSE,Italian
lati1261,respondent,252,FALSE,Latin
poli1260,holding,252,TRUE,Polish
poli1260,honor,252,TRUE,Polish
poli1260,palm,252,TRUE,Polish
poli1260,sole,252,TRUE,Polish
port1283,lateral,252,TRUE,Portuguese
roma1327,happening,252,TRUE,Romanian
scot1243,dour,252,TRUE,Scots
scot1243,hind,252,FALSE,Scots
stan1288,adore,252,TRUE,Spanish
stan1288,avocado,252,TRUE,Spanish
stan1288,doctoral,252,TRUE,Spanish
stan1290,cardigan,252,TRUE,French
stan1290,kidnapping,252,TRUE,French
swed1254,page,252,TRUE,Swedish
wels1247,partner,252,TRUE,Welsh
dutc1256,plug,251,TRUE,Dutch
dutc1256,wand,251,FALSE,Dutch
hung1274,rag,251,FALSE,Hungarian
icel1247,fall,251,TRUE,Icelandic
ital1282,insane,251,TRUE,Italian
nucl1301,bent,251,FALSE,Turkish
poli1260,terror,251,TRUE,Polish
port1283,relate,251,TRUE,Portuguese
roma1327,aspect,251,TRUE,Romanian
roma1327,club,251,TRUE,Romanian
roma1327,sir,251,TRUE,Romanian
stan1290,affects,251,FALSE,French
stan1290,ancestral,251,TRUE,French
stan1290,bandages,251,FALSE,French
stan1290,illustrations,251,FALSE,French
stan1290,innocents,251,FALSE,French
swed1254,est,251,FALSE,Swedish
dutc1256,hint,250,TRUE,Dutch
lati1261,alma,250,FALSE,Latin
olde1238,gift,250,FALSE,Old English (ca. 450-1100)
port1283,dose,250,TRUE,Portuguese
scot1245,don,250,FALSE,Scottish Gaelic
sout1528,metal,250,TRUE,Serbian-Croatian-Bosnian
sout1528,vest,250,FALSE,Serbian-Croatian-Bosnian
stan1288,dime,250,FALSE,Spanish
stan1290,leasing,250,TRUE,French
stan1290,nuances,250,FALSE,French
stan1290,router,250,FALSE,French
stan1290,suggestive,250,TRUE,French
taga1270,bus,250,TRUE,Tagalog
czec1258,existence,249,TRUE,Czech
dani1285,note,249,TRUE,Danish
dutc1256,ballast,249,TRUE,Dutch
dutc1256,filter,249,TRUE,Dutch
finn1318,met,249,FALSE,Finnish
lati1261,uterus,249,TRUE,Latin
oldf1239,son,249,FALSE,Old French (842-ca. 1400)
roma1327,sat,249,FALSE,Romanian
stan1288,renting,249,FALSE,Spanish
stan1290,cowboy,249,FALSE,French
stan1290,festive,249,TRUE,French
stan1290,rodent,249,FALSE,French
stan1290,tango,249,TRUE,French
swed1254,date,249,FALSE,Swedish
swed1254,legal,249,TRUE,Swedish
indo1316,abnormal,248,TRUE,Standard Indonesian
ital1282,decorate,248,FALSE,Italian
ital1282,probe,248,FALSE,Italian
ital1282,scotch,248,TRUE,Italian
lati1261,dive,248,FALSE,Latin
poli1260,cent,248,TRUE,Polish
poli1260,echo,248,TRUE,Polish
port1283,figures,248,FALSE,Portuguese
stan1288,buffer,248,TRUE,Spanish
stan1288,traces,248,FALSE,Spanish
stan1288,vagina,248,TRUE,Spanish
stan1290,attaches,248,FALSE,French
stan1290,banjo,248,TRUE,French
stan1290,inscriptions,248,FALSE,French
swed1254,soft,248,FALSE,Swedish
viet1252,rum,248,TRUE,Vietnamese
afri1274,bitter,247,TRUE,Afrikaans
afri1274,plank,247,TRUE,Afrikaans
cebu1242,bat,247,FALSE,Cebuano
czec1258,bled,247,FALSE,Czech
dani1285,holder,247,TRUE,Danish
lati1261,intense,247,FALSE,Latin
lati1261,simulator,247,FALSE,Latin
nucl1643,memo,247,FALSE,Japanese
poli1260,sake,247,TRUE,Polish
roma1327,consider,247,TRUE,Romanian
scot1243,hoe,247,FALSE,Scots
slov1269,mat,247,FALSE,Slovak
sout1528,profit,247,TRUE,Serbian-Croatian-Bosnian
stan1288,archives,247,FALSE,Spanish
stan1290,connections,247,FALSE,French
stan1290,experimental,247,FALSE,French
stan1290,orbital,247,TRUE,French
stan1295,supplier,247,FALSE,German
swed1254,tight,247,FALSE,Swedish
taga1270,base,247,TRUE,Tagalog
afri1274,mas,246,FALSE,Afrikaans
cebu1242,human,246,FALSE,Cebuano
dutc1256,nerve,246,FALSE,Dutch
dutc1256,slim,246,FALSE,Dutch
dutc1256,tag,246,TRUE,Dutch
dutc1256,verse,246,TRUE,Dutch
dutc1256,volume,246,TRUE,Dutch
hawa1245,hoe,246,FALSE,Hawaiian
ital1282,enigma,246,TRUE,Italian
lati1261,matrix,246,FALSE,Latin
lati1261,mucus,246,TRUE,Latin
oldn1244,fell,246,FALSE,Old Norse
poli1260,college,246,TRUE,Polish
port1283,brick,246,TRUE,Portuguese
scot1245,beach,246,FALSE,Scottish Gaelic
stan1290,cashmere,246,FALSE,French
afri1274,bid,245,FALSE,Afrikaans
afri1274,rose,245,TRUE,Afrikaans
czec1258,proper,245,FALSE,Czech
dani1285,rum,245,FALSE,Danish
dutc1256,element,245,TRUE,Dutch
dutc1256,sap,245,TRUE,Dutch
dutc1256,score,245,TRUE,Dutch
dutc1256,slope,245,FALSE,Dutch
finn1318,college,245,TRUE,Finnish
hung1274,pardon,245,TRUE,Hungarian
ital1282,immense,245,FALSE,Italian
lati1261,areas,245,FALSE,Latin
lati1261,tinge,245,FALSE,Latin
nucl1301,eve,245,FALSE,Turkish
penn1240,sell,245,FALSE,Pennsylvania German
scot1243,folks,245,TRUE,Scots
stan1288,serum,245,TRUE,Spanish
stan1290,antiques,245,FALSE,French
stan1290,prospective,245,FALSE,French
stan1290,transistor,245,TRUE,French
swed1254,hare,245,TRUE,Swedish
yoru1245,gun,245,FALSE,Yoruba
chuu1238,use,244,FALSE,Chuukese
dutc1256,boon,244,FALSE,Dutch
dutc1256,pest,244,TRUE,Dutch
ital1282,clan,244,TRUE,Italian
ital1282,devote,244,FALSE,Italian
lati1261,interfere,244,FALSE,Latin
lati1261,moves,244,FALSE,Latin
lati1261,paste,244,FALSE,Latin
pali1273,care,244,FALSE,Pali
port1283,toes,244,FALSE,Portuguese
port1283,tutor,244,TRUE,Portuguese
roma1327,camera,244,FALSE,Romanian
sout1528,slap,244,FALSE,Serbian-Croatian-Bosnian
stan1288,dictatorial,244,TRUE,Spanish
stan1288,saga,244,TRUE,Spanish
stan1290,reptiles,244,FALSE,French
wels1247,gut,244,FALSE,Welsh
dutc1256,dancing,243,FALSE,Dutch
dutc1256,tour,243,TRUE,Dutch
indo1316,final,243,TRUE,Standard Indonesian
port1283,bacon,243,TRUE,Portuguese
port1283,nasal,243,TRUE,Portuguese
port1283,rim,243,FALSE,Portuguese
roma1327,leg,243,FALSE,Romanian
sout1528,mere,243,FALSE,Serbian-Croatian-Bosnian
stan1288,contemplate,243,TRUE,Spanish
stan1288,reprehensible,243,TRUE,Spanish
stan1306,ajar,243,FALSE,Standard Malay
afri1274,gras,242,FALSE,Afrikaans
afri1274,lied,242,FALSE,Afrikaans
cebu1242,sad,242,FALSE,Cebuano
dutc1256,accident,242,TRUE,Dutch
dutc1256,mop,242,TRUE,Dutch
ital1282,crawl,242,TRUE,Italian
ital1282,curry,242,TRUE,Italian
lati1261,elicit,242,FALSE,Latin
lati1261,lingo,242,FALSE,Latin
nava1243,tin,242,FALSE,Navajo
poli1260,fury,242,FALSE,Polish
poli1260,jar,242,FALSE,Polish
roma1327,chip,242,TRUE,Romanian
roma1327,democratic,242,TRUE,Romanian
slov1268,med,242,FALSE,Slovenian
stan1288,hangar,242,TRUE,Spanish
stan1288,transistor,242,TRUE,Spanish
stan1290,hamburger,242,TRUE,French
stan1290,inventories,242,FALSE,French
swed1254,sand,242,TRUE,Swedish
indo1316,moral,241,TRUE,Standard Indonesian
ital1282,figurative,241,FALSE,Italian
ital1282,temperate,241,FALSE,Italian
lati1261,reside,241,FALSE,Latin
maor1246,ate,241,FALSE,Maori
port1283,dread,241,FALSE,Portuguese
port1283,rumor,241,TRUE,Portuguese
roma1327,original,241,TRUE,Romanian
sout1528,model,241,TRUE,Serbian-Croatian-Bosnian
stan1288,asbestos,241,FALSE,Spanish
stan1288,euro,241,TRUE,Spanish
stan1290,complications,241,FALSE,French
stan1290,imports,241,FALSE,French
stan1290,leadership,241,TRUE,French
stan1290,natives,241,FALSE,French
swed1254,agent,241,TRUE,Swedish
swed1254,principal,241,FALSE,Swedish
viet1252,golf,241,TRUE,Vietnamese
wels1247,actor,241,TRUE,Welsh
afri1274,fees,240,FALSE,Afrikaans
czec1258,mas,240,FALSE,Czech
indo1316,panel,240,TRUE,Standard Indonesian
ital1282,cab,240,TRUE,Italian
ital1282,cube,240,TRUE,Italian
ital1282,deliberate,240,FALSE,Italian
lati1261,demo,240,FALSE,Latin
poli1260,resort,240,FALSE,Polish
poli1260,symbol,240,TRUE,Polish
poli1260,zoo,240,TRUE,Polish
port1283,forces,240,FALSE,Portuguese
port1283,lava,240,TRUE,Portuguese
roma1327,pair,240,FALSE,Romanian
roma1327,poet,240,TRUE,Romanian
sout1528,hotel,240,TRUE,Serbian-Croatian-Bosnian
stan1288,conjure,240,TRUE,Spanish
stan1290,immature,240,TRUE,French
dani1285,fart,239,FALSE,Danish
dutc1256,index,239,TRUE,Dutch
dutc1256,mint,239,FALSE,Dutch
dutc1256,sober,239,FALSE,Dutch
dutc1256,somber,239,TRUE,Dutch
indo1316,map,239,FALSE,Standard Indonesian
iris1253,bus,239,TRUE,Irish
ital1282,anticipate,239,FALSE,Italian
ital1282,brandy,239,TRUE,Italian
ital1282,cargo,239,TRUE,Italian
lati1261,excrement,239,FALSE,Latin
lati1261,stigma,239,FALSE,Latin
mand1415,killer,239,FALSE,Mandarin Chinese
port1283,assume,239,TRUE,Portuguese
port1283,sexual,239,TRUE,Portuguese
roma1327,vine,239,FALSE,Romanian
scot1243,sleek,239,TRUE,Scots
stan1288,bases,239,FALSE,Spanish
stan1290,bites,239,FALSE,French
stan1290,introspection,239,TRUE,French
stan1290,motivation,239,TRUE,French
afri1274,gate,238,FALSE,Afrikaans
dutc1256,links,238,FALSE,Dutch
dutc1256,loot,238,FALSE,Dutch
esto1258,pea,238,FALSE,Estonian
hung1274,ink,238,FALSE,Hungarian
indo1316,royal,238,FALSE,Standard Indonesian
indo1316,sore,238,TRUE,Standard Indonesian
ital1282,drone,238,TRUE,Italian
kawi1241,ton,238,FALSE,Kawi
lati1261,patina,238,FALSE,Latin
lati1261,planter,238,FALSE,Latin
lati1261,recipe,238,FALSE,Latin
poli1260,chip,238,TRUE,Polish
poli1260,dealer,238,FALSE,Polish
poli1260,hazard,238,FALSE,Polish
poli1260,link,238,TRUE,Polish
poli1260,partner,238,TRUE,Polish
poli1260,puzzle,238,TRUE,Polish
roma1327,recent,238,TRUE,Romanian
sout1528,pot,238,FALSE,Serbian-Croatian-Bosnian
sout1528,primer,238,FALSE,Serbian-Croatian-Bosnian
stan1288,zebra,238,TRUE,Spanish
stan1290,disruption,238,FALSE,French
stan1290,immanent,238,TRUE,French
stan1290,reproductive,238,FALSE,French
czec1258,psi,237,FALSE,Czech
dutc1256,inner,237,FALSE,Dutch
dutc1256,pudding,237,TRUE,Dutch
dutc1256,stove,237,FALSE,Dutch
ital1282,casino,237,TRUE,Italian
lati1261,indigent,237,FALSE,Latin
lati1261,paces,237,FALSE,Latin
nucl1301,don,237,FALSE,Turkish
nucl1301,soy,237,FALSE,Turkish
oldn1244,lit,237,FALSE,Old Norse
poli1260,pupil,237,TRUE,Polish
port1283,ideal,237,TRUE,Portuguese
stan1288,acres,237,FALSE,Spanish
stan1290,styles,237,FALSE,French
stan1295,flagrant,237,TRUE,German
swed1254,grant,237,FALSE,Swedish
dutc1256,uniform,236,TRUE,Dutch
indo1316,fan,236,TRUE,Standard Indonesian
ital1282,panel,236,TRUE,Italian
ital1282,posture,236,TRUE,Italian
lati1261,beans,236,FALSE,Latin
lati1261,lexicon,236,TRUE,Latin
luxe1241,net,236,FALSE,Moselle Franconian
poli1260,gum,236,TRUE,Polish
port1283,drama,236,TRUE,Portuguese
port1283,impede,236,TRUE,Portuguese
port1283,mouse,236,TRUE,Portuguese
roma1327,elegant,236,TRUE,Romanian
roma1327,interior,236,TRUE,Romanian
sout1528,beg,236,FALSE,Serbian-Croatian-Bosnian
stan1288,dumping,236,TRUE,Spanish
stan1288,mentor,236,TRUE,Spanish
stan1288,panes,236,FALSE,Spanish
stan1288,shampoo,236,FALSE,Spanish
stan1290,confines,236,FALSE,French
stan1290,injuries,236,FALSE,French
stan1290,pirates,236,FALSE,French
stan1290,regalia,236,TRUE,French
stan1290,situations,236,FALSE,French
swed1254,passion,236,TRUE,Swedish
swed1254,sex,236,TRUE,Swedish
dani1285,fly,235,TRUE,Danish
dani1285,hall,235,TRUE,Danish
dutc1256,soap,235,TRUE,Dutch
indo1316,platform,235,TRUE,Standard Indonesian
oldf1239,metre,235,FALSE,Old French (842-ca. 1400)
poli1260,blast,235,FALSE,Polish
sout1528,organ,235,TRUE,Serbian-Croatian-Bosnian
stan1288,cheques,235,FALSE,Spanish
stan1288,diagnosis,235,TRUE,Spanish
stan1288,generate,235,TRUE,Spanish
stan1288,logo,235,FALSE,Spanish
stan1288,perfumes,235,FALSE,Spanish
stan1288,popcorn,235,TRUE,Spanish
stan1288,software,235,TRUE,Spanish
stan1288,vascular,235,TRUE,Spanish
stan1290,bikini,235,TRUE,French
stan1290,institutions,235,FALSE,French
stan1290,marathon,235,TRUE,French
stan1306,fail,235,FALSE,Standard Malay
swed1254,union,235,FALSE,Swedish
taga1270,gusto,235,FALSE,Tagalog
toke1240,lava,235,FALSE,Tokelau
afri1274,pop,234,FALSE,Afrikaans
dutc1256,pal,234,FALSE,Dutch
dutc1256,troop,234,FALSE,Dutch
ital1282,cello,234,FALSE,Italian
lati1261,citrus,234,TRUE,Latin
lati1261,nominate,234,FALSE,Latin
poli1260,gang,234,TRUE,Polish
port1283,host,234,TRUE,Portuguese
roma1327,drug,234,FALSE,Romanian
roma1327,exist,234,TRUE,Romanian
roma1327,simple,234,TRUE,Romanian
stan1288,articulate,234,TRUE,Spanish
stan1288,gene,234,TRUE,Spanish
stan1288,torso,234,TRUE,Spanish
stan1288,unilateral,234,TRUE,Spanish
stan1290,selves,234,FALSE,French
stan1306,bait,234,FALSE,Standard Malay
swed1254,student,234,TRUE,Swedish
wels1247,campus,234,FALSE,Welsh
czec1258,hunt,233,FALSE,Czech
dani1285,bank,233,TRUE,Danish
dani1285,pen,233,TRUE,Danish
dutc1256,basis,233,TRUE,Dutch
dutc1256,cement,233,TRUE,Dutch
dutc1256,gene,233,TRUE,Dutch
dutc1256,jury,233,TRUE,Dutch
hung1274,aim,233,FALSE,Hungarian
ital1282,erase,233,FALSE,Italian
lati1261,core,233,FALSE,Latin
port1283,chat,233,TRUE,Portuguese
port1283,inventor,233,TRUE,Portuguese
port1283,vital,233,TRUE,Portuguese
roma1327,net,233,TRUE,Romanian
sout1528,glad,233,FALSE,Serbian-Croatian-Bosnian
stan1288,confines,233,TRUE,Spanish
stan1288,jeans,233,TRUE,Spanish
stan1288,punk,233,FALSE,Spanish
stan1290,soles,233,FALSE,French
stan1290,stables,233,FALSE,French
fiji1243,cake,232,FALSE,Fijian
finn1318,golf,232,TRUE,Finnish
ital1282,educate,232,FALSE,Italian
ital1282,satire,232,TRUE,Italian
lati1261,congratulate,232,FALSE,Latin
lati1261,martyr,232,TRUE,Latin
port1283,magazine,232,FALSE,Portuguese
port1283,negative,232,FALSE,Portuguese
sout1528,agent,232,TRUE,Serbian-Croatian-Bosnian
stan1290,polio,232,TRUE,French
stan1290,spaghetti,232,TRUE,French
stan1290,unions,232,FALSE,French
tokp1240,rot,232,FALSE,Tok Pisin
afri1274,pale,231,FALSE,Afrikaans
afri1274,strand,231,FALSE,Afrikaans
dutc1256,team,231,TRUE,Dutch
dutc1256,tram,231,TRUE,Dutch
hung1274,design,231,TRUE,Hungarian
ital1282,delegate,231,TRUE,Italian
ital1282,fuse,231,FALSE,Italian
ital1282,truce,231,FALSE,Italian
port1283,conductor,231,FALSE,Portuguese
scot1243,hoot,231,FALSE,Scots
scot1245,rib,231,FALSE,Scottish Gaelic
slov1269,list,231,FALSE,Slovak
sout1528,bat,231,FALSE,Serbian-Croatian-Bosnian
stan1288,ancestral,231,TRUE,Spanish
stan1288,cents,231,FALSE,Spanish
stan1288,chic,231,FALSE,Spanish
stan1290,attributions,231,FALSE,French
stan1290,parental,231,TRUE,French
swed1254,smart,231,TRUE,Swedish
czec1258,limit,230,TRUE,Czech
dani1285,kind,230,FALSE,Danish
dutc1256,bureau,230,TRUE,Dutch
ital1282,investigate,230,FALSE,Italian
ital1282,seduce,230,FALSE,Italian
ital1282,surplus,230,TRUE,Italian
lati1261,lever,230,FALSE,Latin
lati1261,versatile,230,FALSE,Latin
port1283,boss,230,TRUE,Portuguese
stan1288,canteen,230,FALSE,Spanish
stan1290,effluent,230,TRUE,French
stan1290,remake,230,TRUE,French
stan1295,medial,230,TRUE,German
stan1295,woke,230,TRUE,German
swed1254,butter,230,FALSE,Swedish
swed1254,plump,230,FALSE,Swedish
swed1254,stall,230,FALSE,Swedish
taga1270,gas,230,FALSE,Tagalog
wels1247,moron,230,FALSE,Welsh
czec1258,bite,229,TRUE,Czech
esto1258,pool,229,FALSE,Estonian
finn1318,veto,229,TRUE,Finnish
ital1282,immediate,229,FALSE,Italian
ital1282,regime,229,FALSE,Italian
ital1282,supporter,229,TRUE,Italian
lati1261,carpet,229,FALSE,Latin
lati1261,incentive,229,FALSE,Latin
nucl1301,fiat,229,TRUE,Turkish
olde1238,tide,229,FALSE,Old English (ca. 450-1100)
poli1260,dressing,229,TRUE,Polish
port1283,adjective,229,FALSE,Portuguese
port1283,diploma,229,TRUE,Portuguese
port1283,echo,229,FALSE,Portuguese
port1283,marine,229,TRUE,Portuguese
sout1528,pole,229,TRUE,Serbian-Croatian-Bosnian
stan1288,candidates,229,FALSE,Spanish
stan1288,considerate,229,FALSE,Spanish
stan1290,basketball,229,TRUE,French
stan1290,dumping,229,TRUE,French
swed1254,tennis,229,TRUE,Swedish
yoru1245,jade,229,FALSE,Yoruba
czec1258,role,228,TRUE,Czech
dutc1256,clown,228,TRUE,Dutch
ilok1237,animal,228,TRUE,Iloko
lati1261,compensate,228,FALSE,Latin
nucl1301,moral,228,FALSE,Turkish
nucl1301,sad,228,FALSE,Turkish
poli1260,brandy,228,TRUE,Polish
port1283,gray,228,TRUE,Portuguese
roma1327,canal,228,TRUE,Romanian
roma1327,criminal,228,TRUE,Romanian
scot1243,muck,228,TRUE,Scots
stan1288,eras,228,FALSE,Spanish
stan1290,chants,228,FALSE,French
stan1290,crayons,228,FALSE,French
stan1290,sexes,228,FALSE,French
swed1254,area,228,TRUE,Swedish
swed1254,crack,228,TRUE,Swedish
swed1254,minister,228,TRUE,Swedish
swed1254,signal,228,TRUE,Swedish
czec1258,bore,227,FALSE,Czech
dani1285,die,227,FALSE,Danish
dani1285,gave,227,FALSE,Danish
dutc1256,stalk,227,TRUE,Dutch
indo1316,limit,227,TRUE,Standard Indonesian
indo1316,status,227,TRUE,Standard Indonesian
iris1253,lag,227,FALSE,Irish
ital1282,deficit,227,TRUE,Italian
lati1261,resident,227,FALSE,Latin
poli1260,grad,227,TRUE,Polish
port1283,fervor,227,TRUE,Portuguese
port1283,grammatical,227,FALSE,Portuguese
port1283,una,227,FALSE,Portuguese
roma1327,fond,227,FALSE,Romanian
scot1245,gall,227,FALSE,Scottish Gaelic
sout1528,taste,227,TRUE,Serbian-Croatian-Bosnian
stan1288,bunker,227,TRUE,Spanish
stan1288,diabetes,227,TRUE,Spanish
stan1288,lumbar,227,TRUE,Spanish
stan1288,password,227,TRUE,Spanish
stan1288,vulva,227,TRUE,Spanish
swed1254,civil,227,TRUE,Swedish
taga1270,raw,227,FALSE,Tagalog
afri1274,sweep,226,FALSE,Afrikaans
czec1258,park,226,TRUE,Czech
dani1285,rod,226,FALSE,Danish
dutc1256,era,226,TRUE,Dutch
dutc1256,tilt,226,FALSE,Dutch
lati1261,confide,226,FALSE,Latin
lati1261,illicit,226,FALSE,Latin
port1283,actual,226,FALSE,Portuguese
port1283,opera,226,TRUE,Portuguese
port1283,stress,226,TRUE,Portuguese
roma1327,slip,226,FALSE,Romanian
roma1327,staff,226,TRUE,Romanian
scot1243,agile,226,TRUE,Scots
scot1245,cop,226,FALSE,Scottish Gaelic
sout1528,led,226,FALSE,Serbian-Croatian-Bosnian
stan1288,acumen,226,TRUE,Spanish
stan1288,complicate,226,TRUE,Spanish
stan1290,prairies,226,FALSE,French
swed1254,fond,226,FALSE,Swedish
swed1254,fur,226,FALSE,Swedish
swed1254,ticket,226,FALSE,Swedish
tokp1240,put,226,FALSE,Tok Pisin
czec1258,risk,225,TRUE,Czech
dani1285,fin,225,FALSE,Danish
hung1274,min,225,FALSE,Hungarian
indo1316,atom,225,TRUE,Standard Indonesian
ital1282,genuine,225,FALSE,Italian
lush1249,ring,225,FALSE,Mizo
olde1238,stream,225,TRUE,Old English (ca. 450-1100)
oldf1239,ment,225,FALSE,Old French (842-ca. 1400)
poli1260,image,225,TRUE,Polish
poli1260,rum,225,TRUE,Polish
port1283,concrete,225,FALSE,Portuguese
stan1290,limousine,225,TRUE,French
stan1290,logos,225,FALSE,French
swed1254,motion,225,TRUE,Swedish
swed1254,rang,225,FALSE,Swedish
swed1254,ruin,225,TRUE,Swedish
afri1274,mere,224,FALSE,Afrikaans
afri1274,verse,224,TRUE,Afrikaans
cebu1242,para,224,FALSE,Cebuano
czec1258,hotel,224,TRUE,Czech
dani1285,arms,224,FALSE,Danish
dutc1256,wed,224,FALSE,Dutch
esto1258,mark,224,TRUE,Estonian
ital1282,accurate,224,FALSE,Italian
ital1282,trio,224,TRUE,Italian
mars1254,take,224,FALSE,Marshallese
poli1260,farmer,224,TRUE,Polish
poli1260,jaw,224,FALSE,Polish
roma1327,data,224,FALSE,Romanian
scot1243,handy,224,TRUE,Scots
sout1528,auto,224,FALSE,Serbian-Croatian-Bosnian
stan1288,caviar,224,TRUE,Spanish
stan1288,scroll,224,TRUE,Spanish
stan1289,com,224,FALSE,Catalan
stan1290,bulldozer,224,TRUE,French
stan1290,centres,224,FALSE,French
stan1290,qualifies,224,FALSE,French
stan1295,homosexual,224,FALSE,German
swed1254,bus,224,FALSE,Swedish
tokp1240,mas,224,FALSE,Tok Pisin
dani1285,leg,223,FALSE,Danish
dutc1256,lessen,223,FALSE,Dutch
hung1274,filter,223,TRUE,Hungarian
indo1316,golf,223,TRUE,Standard Indonesian
indo1316,target,223,TRUE,Standard Indonesian
ital1282,iris,223,TRUE,Italian
maor1246,pine,223,FALSE,Maori
nucl1301,sure,223,FALSE,Turkish
nucl1643,tote,223,FALSE,Japanese
poli1260,era,223,TRUE,Polish
poli1260,golf,223,TRUE,Polish
port1283,gale,223,FALSE,Portuguese
roma1327,western,223,TRUE,Romanian
stan1288,blues,223,TRUE,Spanish
stan1290,automation,223,TRUE,French
stan1290,campus,223,TRUE,French
stan1290,jets,223,TRUE,French
stan1290,staccato,223,TRUE,French
stan1306,tray,223,FALSE,Standard Malay
taga1270,dating,223,FALSE,Tagalog
taga1270,personal,223,FALSE,Tagalog
czec1258,argument,222,TRUE,Czech
czec1258,lump,222,FALSE,Czech
dutc1256,tools,222,FALSE,Dutch
ilok1237,met,222,FALSE,Iloko
nucl1301,salt,222,FALSE,Turkish
oldn1244,kind,222,TRUE,Old Norse
poli1260,elegant,222,TRUE,Polish
poli1260,program,222,TRUE,Polish
port1283,dive,222,FALSE,Portuguese
port1283,literal,222,TRUE,Portuguese
roma1327,dare,222,FALSE,Romanian
sout1528,stub,222,FALSE,Serbian-Croatian-Bosnian
sout2807,hole,222,FALSE,Southern Sotho
stan1288,agile,222,FALSE,Spanish
stan1288,caricature,222,TRUE,Spanish
stan1288,taxis,222,FALSE,Spanish
stan1290,cubes,222,FALSE,French
czec1258,rum,221,TRUE,Czech
dutc1256,compliment,221,TRUE,Dutch
dutc1256,dressing,221,TRUE,Dutch
dutc1256,rare,221,FALSE,Dutch
hung1274,spin,221,TRUE,Hungarian
ital1282,dedicate,221,FALSE,Italian
maor1246,awe,221,FALSE,Maori
nucl1301,tin,221,FALSE,Turkish
oldn1244,frost,221,TRUE,Old Norse
poli1260,cylinder,221,TRUE,Polish
port1283,pause,221,TRUE,Portuguese
roma1327,artificial,221,TRUE,Romanian
roma1327,golf,221,TRUE,Romanian
stan1288,posts,221,FALSE,Spanish
stan1288,teen,221,TRUE,Spanish
stan1290,auditorium,221,TRUE,French
stan1290,escalator,221,TRUE,French
stan1290,gustation,221,TRUE,French
stan1290,kimono,221,TRUE,French
stan1290,skater,221,TRUE,French
stan1295,bilateral,221,TRUE,German
stan1306,cap,221,FALSE,Standard Malay
dutc1256,bits,220,FALSE,Dutch
finn1318,lain,220,FALSE,Finnish
hung1274,link,220,TRUE,Hungarian
iban1264,din,220,FALSE,Iban
iban1264,pun,220,FALSE,Iban
indo1316,pilot,220,TRUE,Standard Indonesian
iris1253,dual,220,FALSE,Irish
ital1282,futile,220,TRUE,Italian
ital1282,wafer,220,TRUE,Italian
lati1261,deficient,220,FALSE,Latin
lati1261,nucleus,220,TRUE,Latin
midd1317,are,220,FALSE,Middle English
olde1238,lead,220,TRUE,Old English (ca. 450-1100)
poli1260,host,220,TRUE,Polish
port1283,enigma,220,TRUE,Portuguese
port1283,horizontal,220,TRUE,Portuguese
port1283,visual,220,TRUE,Portuguese
roma1327,conduct,220,FALSE,Romanian
roma1327,rid,220,FALSE,Romanian
scot1243,weird,220,FALSE,Scots
sout1528,ban,220,FALSE,Serbian-Croatian-Bosnian
stan1288,dominate,220,TRUE,Spanish
stan1288,historian,220,FALSE,Spanish
stan1288,inaudible,220,TRUE,Spanish
stan1288,median,220,FALSE,Spanish
stan1290,coercive,220,FALSE,French
stan1290,menses,220,FALSE,French
stan1290,sauna,220,TRUE,French
stan1290,triangles,220,FALSE,French
swed1254,anger,220,FALSE,Swedish
swed1254,bitter,220,TRUE,Swedish
swed1254,fix,220,TRUE,Swedish
swed1254,meter,220,TRUE,Swedish
wels1247,closed,220,FALSE,Welsh
dani1285,din,219,FALSE,Danish
dani1285,send,219,TRUE,Danish
lati1261,finite,219,FALSE,Latin
nucl1301,motor,219,FALSE,Turkish
poli1260,medal,219,TRUE,Polish
port1283,execute,219,TRUE,Portuguese
port1283,glitter,219,TRUE,Portuguese
port1283,pink,219,TRUE,Portuguese
port1283,polo,219,TRUE,Portuguese
stan1288,emerge,219,TRUE,Spanish
stan1290,motel,219,TRUE,French
stan1290,performances,219,FALSE,French
swed1254,dock,219,FALSE,Swedish
ital1282,algebra,218,TRUE,Italian
ital1282,intense,218,FALSE,Italian
ital1282,soprano,218,TRUE,Italian
lati1261,crude,218,FALSE,Latin
lati1261,horizon,218,TRUE,Latin
lati1261,temperature,218,FALSE,Latin
nucl1301,kale,218,FALSE,Turkish
poli1260,import,218,TRUE,Polish
poli1260,tag,218,TRUE,Polish
port1283,metro,218,FALSE,Portuguese
roma1327,element,218,TRUE,Romanian
roma1327,nod,218,FALSE,Romanian
roma1327,safe,218,FALSE,Romanian
roma1327,sentiment,218,TRUE,Romanian
slov1268,pot,218,FALSE,Slovenian
sout1528,brat,218,FALSE,Serbian-Croatian-Bosnian
sout1528,fond,218,FALSE,Serbian-Croatian-Bosnian
stan1288,coaster,218,FALSE,Spanish
stan1288,plots,218,FALSE,Spanish
stan1290,coca,218,TRUE,French
stan1290,conversations,218,FALSE,French
stan1290,reps,218,FALSE,French
dani1285,tie,217,FALSE,Danish
iris1253,cart,217,FALSE,Irish
ital1282,western,217,TRUE,Italian
lati1261,gusto,217,FALSE,Latin
port1283,crude,217,TRUE,Portuguese
port1283,nuns,217,FALSE,Portuguese
port1283,penny,217,FALSE,Portuguese
roma1327,industrial,217,TRUE,Romanian
scot1245,mas,217,FALSE,Scottish Gaelic
stan1288,residual,217,TRUE,Spanish
stan1290,contraceptive,217,FALSE,French
stan1290,festivals,217,FALSE,French
stan1306,hospital,217,TRUE,Standard Malay
swed1254,egg,217,FALSE,Swedish
swed1254,profit,217,TRUE,Swedish
afri1274,winter,216,TRUE,Afrikaans
dani1285,lag,216,FALSE,Danish
dani1285,storm,216,TRUE,Danish
dutc1256,lease,216,TRUE,Dutch
dutc1256,spelling,216,TRUE,Dutch
ital1282,comparative,216,TRUE,Italian
ital1282,compete,216,FALSE,Italian
ital1282,reality,216,TRUE,Italian
lati1261,facilitate,216,FALSE,Latin
poli1260,cal,216,FALSE,Polish
port1283,angular,216,TRUE,Portuguese
port1283,disperse,216,TRUE,Portuguese
port1283,gloss,216,TRUE,Portuguese
port1283,sons,216,FALSE,Portuguese
stan1288,coyote,216,TRUE,Spanish
stan1288,sedan,216,FALSE,Spanish
stan1290,corona,216,FALSE,French
stan1290,indices,216,FALSE,French
stan1290,informant,216,FALSE,French
stan1290,manicure,216,FALSE,French
stan1290,planes,216,FALSE,French
stan1295,winters,216,FALSE,German
stan1306,bundle,216,FALSE,Standard Malay
taga1270,bait,216,FALSE,Tagalog
taga1270,debate,216,TRUE,Tagalog
dani1285,gift,215,FALSE,Danish
dani1285,gods,215,FALSE,Danish
dutc1256,pupil,215,TRUE,Dutch
indo1316,ate,215,FALSE,Standard Indonesian
ital1282,congratulate,215,FALSE,Italian
ital1282,container,215,TRUE,Italian
mara1404,mama,215,FALSE,Maranao
nucl1301,file,215,FALSE,Turkish
nucl1301,ser,215,FALSE,Turkish
oldn1244,sat,215,FALSE,Old Norse
poli1260,sap,215,FALSE,Polish
poli1260,strata,215,FALSE,Polish
sout1528,drum,215,FALSE,Serbian-Croatian-Bosnian
sout1528,stare,215,FALSE,Serbian-Croatian-Bosnian
stan1288,revival,215,TRUE,Spanish
stan1290,blizzard,215,TRUE,French
stan1290,clone,215,TRUE,French
stan1290,cooperation,215,FALSE,French
stan1290,folklore,215,TRUE,French
stan1290,panes,215,FALSE,French
stan1290,totem,215,TRUE,French
choc1276,chi,214,FALSE,Choctaw
dutc1256,code,214,TRUE,Dutch
dutc1256,horizon,214,TRUE,Dutch
dutc1256,toilet,214,TRUE,Dutch
hung1274,index,214,TRUE,Hungarian
hung1274,jam,214,FALSE,Hungarian
lati1261,mage,214,FALSE,Latin
poli1260,data,214,FALSE,Polish
poli1260,pilot,214,TRUE,Polish
port1283,roller,214,TRUE,Portuguese
port1283,web,214,FALSE,Portuguese
roma1327,regular,214,TRUE,Romanian
stan1288,cookie,214,TRUE,Spanish
stan1288,dictate,214,TRUE,Spanish
stan1288,disputes,214,FALSE,Spanish
stan1288,nominate,214,TRUE,Spanish
stan1288,sores,214,FALSE,Spanish
stan1290,automobiles,214,FALSE,French
swed1254,garden,214,FALSE,Swedish
swed1254,organ,214,TRUE,Swedish
wels1247,unit,214,FALSE,Welsh
yoru1245,sun,214,FALSE,Yoruba
afri1274,wonder,213,TRUE,Afrikaans
dutc1256,gap,213,TRUE,Dutch
dutc1256,parallel,213,TRUE,Dutch
ital1282,album,213,TRUE,Italian
ital1282,recital,213,TRUE,Italian
poli1260,garb,213,FALSE,Polish
port1283,ace,213,TRUE,Portuguese
port1283,zone,213,FALSE,Portuguese
roma1327,actor,213,TRUE,Romanian
roma1327,sad,213,FALSE,Romanian
scot1243,duke,213,FALSE,Scots
sout1528,para,213,TRUE,Serbian-Croatian-Bosnian
stan1288,tips,213,FALSE,Spanish
stan1290,braille,213,TRUE,French
stan1290,listing,213,TRUE,French
stan1290,tonal,213,TRUE,French
stan1295,transcendental,213,FALSE,German
swed1254,original,213,TRUE,Swedish
czec1258,bible,212,TRUE,Czech
dutc1256,defect,212,TRUE,Dutch
indo1316,basis,212,TRUE,Standard Indonesian
ital1282,alleviate,212,FALSE,Italian
ital1282,baseball,212,TRUE,Italian
lati1261,suffice,212,FALSE,Latin
oldf1239,piece,212,TRUE,Old French (842-ca. 1400)
poli1260,patron,212,TRUE,Polish
scot1243,chicken,212,TRUE,Scots
scot1243,putt,212,FALSE,Scots
scot1245,teas,212,FALSE,Scottish Gaelic
stan1288,euros,212,FALSE,Spanish
stan1288,gamma,212,TRUE,Spanish
stan1288,kindergarten,212,TRUE,Spanish
stan1288,shots,212,FALSE,Spanish
stan1290,modifications,212,FALSE,French
stan1290,perceptive,212,FALSE,French
stan1290,punk,212,FALSE,French
stan1290,soccer,212,TRUE,French
stan1290,textiles,212,FALSE,French
swed1254,river,212,FALSE,Swedish
afri1274,rib,211,TRUE,Afrikaans
dani1285,drink,211,TRUE,Danish
dani1285,hang,211,TRUE,Danish
dutc1256,aft,211,FALSE,Dutch
finn1318,baby,211,TRUE,Finnish
hung1274,musical,211,TRUE,Hungarian
ital1282,garage,211,TRUE,Italian
ital1282,intricate,211,TRUE,Italian
ital1282,palate,211,TRUE,Italian
ital1282,surge,211,FALSE,Italian
lati1261,thesis,211,TRUE,Latin
oldn1244,mitt,211,FALSE,Old Norse
port1283,kit,211,TRUE,Portuguese
port1283,mayor,211,FALSE,Portuguese
roma1327,critic,211,TRUE,Romanian
samo1305,papa,211,FALSE,Samoan
scot1243,raid,211,TRUE,Scots
sout1528,imam,211,TRUE,Serbian-Croatian-Bosnian
sout1528,plural,211,TRUE,Serbian-Croatian-Bosnian
stan1288,chef,211,TRUE,Spanish
stan1288,renovate,211,FALSE,Spanish
stan1290,cross-country,211,FALSE,French
stan1290,pulls,211,FALSE,French
stan1290,scouts,211,FALSE,French
swed1254,design,211,TRUE,Swedish
swed1254,miner,211,FALSE,Swedish
afri1274,blank,210,FALSE,Afrikaans
esto1258,tee,210,FALSE,Estonian
hung1274,panel,210,TRUE,Hungarian
ital1282,decisive,210,FALSE,Italian
ital1282,indulge,210,FALSE,Italian
ital1282,poker,210,TRUE,Italian
lati1261,torpedo,210,TRUE,Latin
olde1238,fell,210,TRUE,Old English (ca. 450-1100)
poli1260,abandon,210,FALSE,Polish
poli1260,cement,210,TRUE,Polish
port1283,holding,210,TRUE,Portuguese
port1283,urine,210,FALSE,Portuguese
scot1243,jump,210,TRUE,Scots
sout1528,rep,210,FALSE,Serbian-Croatian-Bosnian
sout1528,signal,210,TRUE,Serbian-Croatian-Bosnian
sout1528,transport,210,TRUE,Serbian-Croatian-Bosnian
stan1288,robes,210,FALSE,Spanish
stan1288,supervise,210,TRUE,Spanish
stan1290,bandits,210,FALSE,French
stan1290,coccyx,210,TRUE,French
stan1290,insistent,210,FALSE,French
stan1290,polarisation,210,TRUE,French
stan1290,shrapnel,210,TRUE,French
swed1254,fore,210,FALSE,Swedish
swed1254,split,210,TRUE,Swedish
wels1247,cop,210,FALSE,Welsh
afri1274,grade,209,TRUE,Afrikaans
dani1285,ser,209,FALSE,Danish
dutc1256,prompt,209,TRUE,Dutch
dutc1256,teller,209,FALSE,Dutch
ital1282,solve,209,FALSE,Italian
lati1261,scripture,209,FALSE,Latin
port1283,devote,209,FALSE,Portuguese
roma1327,grad,209,FALSE,Romanian
sout1528,rude,209,FALSE,Serbian-Croatian-Bosnian
stan1288,clique,209,FALSE,Spanish
stan1290,graffiti,209,TRUE,French
stan1290,logo,209,TRUE,French
stan1290,melons,209,FALSE,French
stan1290,safari,209,TRUE,French
swed1254,blank,209,TRUE,Swedish
finn1318,single,208,TRUE,Finnish
icel1247,fell,208,FALSE,Icelandic
ital1282,pate,208,FALSE,Italian
lati1261,admirer,208,FALSE,Latin
lati1261,affectionate,208,FALSE,Latin
lati1261,insomnia,208,TRUE,Latin
lati1261,pier,208,FALSE,Latin
lati1261,successive,208,FALSE,Latin
lati1261,vector,208,FALSE,Latin
mand1415,buffet,208,TRUE,Mandarin Chinese
olde1238,field,208,FALSE,Old English (ca. 450-1100)
oldn1244,veg,208,FALSE,Old Norse
port1283,exposed,208,FALSE,Portuguese
port1283,inspire,208,TRUE,Portuguese
port1283,ire,208,FALSE,Portuguese
port1283,nuclear,208,TRUE,Portuguese
port1283,taxes,208,FALSE,Portuguese
stan1288,marines,208,FALSE,Spanish
stan1290,caddie,208,TRUE,French
swah1253,papa,208,FALSE,Swahili
swed1254,division,208,TRUE,Swedish
wels1247,lain,208,FALSE,Welsh
cebu1242,bay,207,FALSE,Cebuano
dutc1256,concrete,207,FALSE,Dutch
hung1274,soul,207,TRUE,Hungarian
ital1282,designer,207,TRUE,Italian
lati1261,fiber,207,FALSE,Latin
lati1261,lapse,207,FALSE,Latin
olde1238,storm,207,TRUE,Old English (ca. 450-1100)
roma1327,container,207,TRUE,Romanian
roma1327,relief,207,TRUE,Romanian
sout1528,singular,207,TRUE,Serbian-Croatian-Bosnian
stan1288,aspen,207,TRUE,Spanish
stan1288,circulate,207,TRUE,Spanish
stan1288,grime,207,TRUE,Spanish
stan1288,invaluable,207,TRUE,Spanish
stan1288,matches,207,FALSE,Spanish
stan1288,topping,207,TRUE,Spanish
stan1288,ultimate,207,FALSE,Spanish
stan1290,buses,207,FALSE,French
stan1290,factions,207,FALSE,French
stan1290,scores,207,FALSE,French
swed1254,bind,207,TRUE,Swedish
wels1247,wig,207,TRUE,Welsh
dani1285,male,206,FALSE,Danish
dani1285,trick,206,FALSE,Danish
dutc1256,baker,206,FALSE,Dutch
hung1274,extra,206,TRUE,Hungarian
indo1316,urine,206,TRUE,Standard Indonesian
ital1282,illuminate,206,TRUE,Italian
ital1282,stole,206,TRUE,Italian
ital1282,stride,206,FALSE,Italian
lati1261,futile,206,FALSE,Latin
lati1261,habitat,206,FALSE,Latin
poli1260,clearing,206,FALSE,Polish
poli1260,lip,206,FALSE,Polish
roma1327,rang,206,FALSE,Romanian
scot1245,gaol,206,FALSE,Scottish Gaelic
sout1528,limit,206,FALSE,Serbian-Croatian-Bosnian
sout1528,police,206,FALSE,Serbian-Croatian-Bosnian
stan1288,rotor,206,TRUE,Spanish
stan1288,transcendental,206,TRUE,Spanish
stan1290,anecdotes,206,FALSE,French
stan1290,compulsive,206,FALSE,French
stan1290,constructive,206,FALSE,French
stan1290,giraffe,206,FALSE,French
stan1290,marijuana,206,TRUE,French
stan1290,programmer,206,FALSE,French
stan1290,quantitative,206,FALSE,French
stan1290,responsive,206,TRUE,French
swed1254,disposition,206,TRUE,Swedish
swed1254,final,206,TRUE,Swedish
swed1254,saga,206,TRUE,Swedish
taga1270,ing,206,FALSE,Tagalog
wels1247,clown,206,TRUE,Welsh
wels1247,thrown,206,FALSE,Welsh
czec1258,paste,205,FALSE,Czech
dutc1256,magazine,205,TRUE,Dutch
dutc1256,zone,205,TRUE,Dutch
hung1274,mess,205,FALSE,Hungarian
ital1282,alternative,205,TRUE,Italian
ital1282,lifting,205,TRUE,Italian
ital1282,veto,205,TRUE,Italian
lati1261,coli,205,FALSE,Latin
lati1261,illuminate,205,FALSE,Latin
oldf1239,grant,205,FALSE,Old French (842-ca. 1400)
port1283,iris,205,FALSE,Portuguese
roma1327,ate,205,FALSE,Romanian
sout1528,program,205,TRUE,Serbian-Croatian-Bosnian
stan1288,bales,205,FALSE,Spanish
stan1288,denotes,205,FALSE,Spanish
stan1288,penthouse,205,TRUE,Spanish
stan1290,dialogues,205,FALSE,French
stan1290,presses,205,FALSE,French
swed1254,fest,205,FALSE,Swedish
tokp1240,lain,205,FALSE,Tok Pisin
czec1258,blaze,204,FALSE,Czech
dutc1256,modern,204,TRUE,Dutch
dutc1256,spade,204,TRUE,Dutch
dutc1256,urn,204,TRUE,Dutch
finn1318,cup,204,TRUE,Finnish
hung1274,bog,204,FALSE,Hungarian
ital1282,charter,204,TRUE,Italian
ital1282,dilemma,204,TRUE,Italian
ital1282,miniature,204,TRUE,Italian
ital1282,torso,204,TRUE,Italian
lati1261,hyperbole,204,TRUE,Latin
lati1261,repugnant,204,FALSE,Latin
nucl1301,ton,204,TRUE,Turkish
oldn1244,est,204,FALSE,Old Norse
poli1260,chap,204,FALSE,Polish
roma1327,miss,204,TRUE,Romanian
roma1327,trust,204,TRUE,Romanian
scot1243,brings,204,FALSE,Scots
scot1243,sister,204,TRUE,Scots
stan1288,brackets,204,FALSE,Spanish
stan1288,nylon,204,TRUE,Spanish
stan1288,romances,204,FALSE,Spanish
stan1290,axes,204,FALSE,French
stan1290,contacts,204,FALSE,French
stan1290,distinctions,204,FALSE,French
swed1254,argument,204,TRUE,Swedish
swed1254,cash,204,TRUE,Swedish
swed1254,makes,204,FALSE,Swedish
dani1285,blind,203,TRUE,Danish
dutc1256,gravel,203,TRUE,Dutch
dutc1256,project,203,TRUE,Dutch
hung1274,kin,203,FALSE,Hungarian
iris1253,choir,203,FALSE,Irish
ital1282,shuttle,203,TRUE,Italian
lati1261,nerve,203,TRUE,Latin
nucl1643,beta,203,FALSE,Japanese
poli1260,blunt,203,FALSE,Polish
port1283,conjecture,203,TRUE,Portuguese
port1283,pros,203,FALSE,Portuguese
port1283,triangular,203,TRUE,Portuguese
roma1327,conflict,203,TRUE,Romanian
roma1327,cream,203,FALSE,Romanian
sout1528,fin,203,FALSE,Serbian-Croatian-Bosnian
stan1288,pedigree,203,TRUE,Spanish
stan1290,molestation,203,FALSE,French
stan1290,refuses,203,FALSE,French
stan1290,tuna,203,FALSE,French
stan1295,uterine,203,FALSE,German
tokp1240,win,203,FALSE,Tok Pisin
dani1285,pine,202,FALSE,Danish
dani1285,true,202,FALSE,Danish
dutc1256,kinds,202,FALSE,Dutch
hung1274,petty,202,FALSE,Hungarian
indo1316,bang,202,FALSE,Standard Indonesian
ital1282,abusive,202,FALSE,Italian
ital1282,colon,202,TRUE,Italian
ital1282,pendant,202,TRUE,Italian
ital1282,quote,202,FALSE,Italian
ital1282,retro,202,FALSE,Italian
lati1261,exaggerate,202,FALSE,Latin
lati1261,fortunes,202,FALSE,Latin
port1283,fiscal,202,TRUE,Portuguese
port1283,rape,202,FALSE,Portuguese
roma1327,concern,202,TRUE,Romanian
roma1327,talent,202,TRUE,Romanian
sout1528,finger,202,FALSE,Serbian-Croatian-Bosnian
stan1288,input,202,TRUE,Spanish
stan1290,contestant,202,FALSE,French
stan1290,mangrove,202,TRUE,French
stan1290,tests,202,FALSE,French
stan1290,vodka,202,TRUE,French
swed1254,log,202,FALSE,Swedish
swed1254,pump,202,TRUE,Swedish
tong1325,mate,202,FALSE,Tonga (Tonga Islands)
afri1274,minute,201,TRUE,Afrikaans
afri1274,wig,201,FALSE,Afrikaans
dani1285,par,201,TRUE,Danish
dutc1256,accounts,201,FALSE,Dutch
dutc1256,blunder,201,TRUE,Dutch
dutc1256,dart,201,TRUE,Dutch
dutc1256,spanning,201,FALSE,Dutch
ital1282,basic,201,TRUE,Italian
manx1243,red,201,FALSE,Manx
oldf1239,long,201,TRUE,Old French (842-ca. 1400)
oldn1244,sit,201,TRUE,Old Norse
poli1260,augment,201,TRUE,Polish
port1283,aroma,201,TRUE,Portuguese
port1283,eclipse,201,TRUE,Portuguese
port1283,sue,201,FALSE,Portuguese
roma1327,contact,201,TRUE,Romanian
scot1243,tire,201,TRUE,Scots
scot1245,dual,201,FALSE,Scottish Gaelic
stan1288,coaches,201,FALSE,Spanish
stan1288,funk,201,TRUE,Spanish
stan1288,replete,201,FALSE,Spanish
stan1288,teachers,201,FALSE,Spanish
stan1290,diva,201,TRUE,French
swed1254,bark,201,TRUE,Swedish
swed1254,delta,201,TRUE,Swedish
swed1254,process,201,TRUE,Swedish
czec1258,vet,200,FALSE,Czech
hung1274,limit,200,TRUE,Hungarian
ital1282,innate,200,FALSE,Italian
ital1282,virtuoso,200,TRUE,Italian
luxe1241,mat,200,FALSE,Moselle Franconian
mand1415,grad,200,FALSE,Mandarin Chinese
poli1260,prom,200,FALSE,Polish
port1283,degrade,200,TRUE,Portuguese
port1283,editor,200,TRUE,Portuguese
scot1243,accident,200,TRUE,Scots
scot1243,thud,200,FALSE,Scots
scot1245,poll,200,FALSE,Scottish Gaelic
sout1528,protest,200,TRUE,Serbian-Croatian-Bosnian
stan1288,modem,200,TRUE,Spanish
stan1288,regime,200,FALSE,Spanish
stan1290,affective,200,FALSE,French
stan1290,canyon,200,TRUE,French
stan1290,cookie,200,TRUE,French
stan1290,corrections,200,FALSE,French
stan1290,sanctions,200,FALSE,French
czec1258,jam,199,FALSE,Czech
dani1285,sort,199,TRUE,Danish
dani1285,start,199,TRUE,Danish
dutc1256,rooster,199,FALSE,Dutch
dutc1256,stare,199,TRUE,Dutch
ital1282,slab,199,TRUE,Italian
lati1261,incomplete,199,FALSE,Latin
lati1261,priori,199,FALSE,Latin
nucl1643,papa,199,FALSE,Japanese
poli1260,pulpit,199,TRUE,Polish
poli1260,ser,199,FALSE,Polish
port1283,altitude,199,TRUE,Portuguese
port1283,pedestal,199,TRUE,Portuguese
sout1528,lord,199,TRUE,Serbian-Croatian-Bosnian
stan1288,sheriff,199,TRUE,Spanish
stan1290,caribou,199,TRUE,French
stan1290,tonnes,199,FALSE,French
swed1254,relief,199,TRUE,Swedish
swed1254,special,199,TRUE,Swedish
taga1270,basket,199,TRUE,Tagalog
czec1258,gum,198,TRUE,Czech
czec1258,major,198,TRUE,Czech
dutc1256,contact,198,TRUE,Dutch
finn1318,led,198,TRUE,Finnish
ital1282,accumulate,198,FALSE,Italian
lati1261,defensive,198,FALSE,Latin
lati1261,evade,198,FALSE,Latin
lati1261,examiner,198,FALSE,Latin
lati1261,generate,198,FALSE,Latin
lati1261,miner,198,TRUE,Latin
lati1261,radio,198,FALSE,Latin
olde1238,rum,198,FALSE,Old English (ca. 450-1100)
port1283,sentimental,198,TRUE,Portuguese
roma1327,dam,198,FALSE,Romanian
roma1327,des,198,FALSE,Romanian
roma1327,fur,198,FALSE,Romanian
stan1288,module,198,FALSE,Spanish
stan1288,peeling,198,TRUE,Spanish
stan1288,preserves,198,FALSE,Spanish
stan1288,rating,198,FALSE,Spanish
stan1290,dunes,198,FALSE,French
stan1290,fatigues,198,FALSE,French
stan1290,prisons,198,FALSE,French
wels1247,cardinal,198,TRUE,Welsh
czec1258,haste,197,FALSE,Czech
dutc1256,bars,197,FALSE,Dutch
dutc1256,charges,197,FALSE,Dutch
esto1258,ring,197,FALSE,Estonian
hung1274,fond,197,FALSE,Hungarian
ital1282,canoe,197,TRUE,Italian
ital1282,consolidate,197,FALSE,Italian
lati1261,faux,197,FALSE,Latin
lati1261,subscribe,197,FALSE,Latin
lith1251,bus,197,FALSE,Lithuanian
nucl1301,ray,197,FALSE,Turkish
nucl1301,sent,197,FALSE,Turkish
olde1238,bread,197,TRUE,Old English (ca. 450-1100)
poli1260,robot,197,TRUE,Polish
port1283,polar,197,TRUE,Portuguese
roma1327,drag,197,FALSE,Romanian
roma1327,master,197,TRUE,Romanian
sout1528,park,197,TRUE,Serbian-Croatian-Bosnian
sout1528,transfer,197,TRUE,Serbian-Croatian-Bosnian
stan1288,protege,197,FALSE,Spanish
stan1290,ketchup,197,TRUE,French
stan1290,misses,197,FALSE,French
stan1290,peoples,197,FALSE,French
stan1290,putative,197,FALSE,French
stan1290,pyjamas,197,FALSE,French
stan1290,subjective,197,FALSE,French
swed1254,persons,197,FALSE,Swedish
dani1285,port,196,FALSE,Danish
dani1285,rage,196,FALSE,Danish
dutc1256,site,196,TRUE,Dutch
ital1282,background,196,TRUE,Italian
ital1282,coli,196,FALSE,Italian
lati1261,armor,196,FALSE,Latin
poli1260,token,196,TRUE,Polish
port1283,banana,196,TRUE,Portuguese
roma1327,restaurant,196,TRUE,Romanian
scot1243,bucket,196,FALSE,Scots
stan1288,bilateral,196,TRUE,Spanish
stan1288,fecal,196,TRUE,Spanish
stan1288,films,196,FALSE,Spanish
stan1288,kerosene,196,TRUE,Spanish
stan1295,minimal,196,TRUE,German
swed1254,mess,196,TRUE,Swedish
afri1274,slang,195,FALSE,Afrikaans
czec1258,sled,195,FALSE,Czech
dutc1256,bidder,195,FALSE,Dutch
dutc1256,circus,195,TRUE,Dutch
dutc1256,fed,195,FALSE,Dutch
hung1274,tilt,195,FALSE,Hungarian
indo1316,medium,195,TRUE,Standard Indonesian
iris1253,coil,195,FALSE,Irish
iris1253,led,195,FALSE,Irish
iris1253,thigh,195,FALSE,Irish
ital1282,bro,195,TRUE,Italian
ital1282,propaganda,195,TRUE,Italian
ital1282,sandwich,195,TRUE,Italian
lati1261,incident,195,FALSE,Latin
lati1261,pallet,195,FALSE,Latin
lati1261,villas,195,FALSE,Latin
midd1317,med,195,FALSE,Middle English
nort2671,sin,195,FALSE,North Saami
roma1327,lift,195,TRUE,Romanian
roma1327,trap,195,FALSE,Romanian
stan1288,pines,195,FALSE,Spanish
stan1290,chromosome,195,TRUE,French
stan1290,commuter,195,FALSE,French
stan1290,packaging,195,TRUE,French
stan1290,sprinter,195,TRUE,French
stan1290,transcendent,195,FALSE,French
stan1295,bizarre,195,FALSE,German
swed1254,grace,195,TRUE,Swedish
czec1258,symbol,194,TRUE,Czech
dani1285,metal,194,TRUE,Danish
dani1285,spot,194,TRUE,Danish
dani1285,told,194,FALSE,Danish
dutc1256,actor,194,TRUE,Dutch
dutc1256,diligence,194,TRUE,Dutch
dutc1256,flank,194,TRUE,Dutch
dutc1256,import,194,TRUE,Dutch
dutc1256,mug,194,FALSE,Dutch
dutc1256,pension,194,TRUE,Dutch
hung1274,liter,194,TRUE,Hungarian
indo1316,novel,194,TRUE,Standard Indonesian
indo1316,rob,194,FALSE,Standard Indonesian
ital1282,antique,194,FALSE,Italian
lati1261,excites,194,FALSE,Latin
lati1261,indices,194,FALSE,Latin
poli1260,atom,194,TRUE,Polish
poli1260,hymn,194,TRUE,Polish
port1283,bile,194,TRUE,Portuguese
port1283,smoking,194,FALSE,Portuguese
roma1327,desert,194,FALSE,Romanian
roma1327,director,194,TRUE,Romanian
roma1327,expert,194,TRUE,Romanian
roma1327,minute,194,TRUE,Romanian
roma1327,van,194,FALSE,Romanian
samo1305,logo,194,FALSE,Samoan
scot1245,brat,194,FALSE,Scottish Gaelic
scot1245,gram,194,TRUE,Scottish Gaelic
sout1528,alarm,194,TRUE,Serbian-Croatian-Bosnian
stan1288,banjo,194,TRUE,Spanish
stan1288,facto,194,FALSE,Spanish
stan1288,guise,194,FALSE,Spanish
stan1290,charters,194,FALSE,French
stan1290,consensus,194,TRUE,French
stan1295,quantitative,194,FALSE,German
taga1270,mental,194,TRUE,Tagalog
yuca1254,can,194,FALSE,Yucatec Maya
czec1258,stole,193,FALSE,Czech
dutc1256,barometer,193,TRUE,Dutch
dutc1256,belief,193,FALSE,Dutch
dutc1256,duel,193,TRUE,Dutch
dutc1256,hum,193,FALSE,Dutch
dutc1256,product,193,TRUE,Dutch
dutc1256,toast,193,TRUE,Dutch
hung1274,villa,193,TRUE,Hungarian
indo1316,tape,193,FALSE,Standard Indonesian
lati1261,anterior,193,TRUE,Latin
lati1261,immature,193,FALSE,Latin
nucl1301,metre,193,TRUE,Turkish
poli1260,bean,193,FALSE,Polish
poli1260,bum,193,FALSE,Polish
poli1260,mole,193,TRUE,Polish
port1283,rebate,193,FALSE,Portuguese
roma1327,desire,193,FALSE,Romanian
scot1243,acre,193,TRUE,Scots
scot1243,worry,193,FALSE,Scots
stan1288,noodle,193,TRUE,Spanish
stan1288,scooter,193,TRUE,Spanish
stan1290,assistants,193,FALSE,French
stan1290,jeep,193,TRUE,French
stan1290,thug,193,TRUE,French
swed1254,cup,193,TRUE,Swedish
wels1247,jam,193,TRUE,Welsh
indo1316,pistol,192,TRUE,Standard Indonesian
lati1261,adore,192,FALSE,Latin
lati1261,attractive,192,FALSE,Latin
minn1241,chip,192,FALSE,Min Nan Chinese
port1283,ecstasy,192,TRUE,Portuguese
port1283,gradual,192,TRUE,Portuguese
port1283,rifle,192,TRUE,Portuguese
port1283,substantive,192,FALSE,Portuguese
roma1327,imagine,192,FALSE,Romanian
roma1327,rod,192,FALSE,Romanian
roma1327,tune,192,FALSE,Romanian
scot1243,mane,192,FALSE,Scots
stan1288,tribal,192,TRUE,Spanish
stan1290,costumes,192,FALSE,French
stan1290,cures,192,FALSE,French
stan1290,diagnose,192,FALSE,French
stan1290,exams,192,FALSE,French
swed1254,solid,192,TRUE,Swedish
czec1258,patent,191,TRUE,Czech
dani1285,race,191,TRUE,Danish
dani1285,rig,191,TRUE,Danish
dani1285,times,191,FALSE,Danish
dutc1256,curve,191,TRUE,Dutch
dutc1256,reef,191,TRUE,Dutch
dutc1256,smoking,191,TRUE,Dutch
ital1282,menu,191,TRUE,Italian
nucl1301,final,191,TRUE,Turkish
nucl1301,pin,191,FALSE,Turkish
olde1238,hoc,191,FALSE,Old English (ca. 450-1100)
port1283,fax,191,TRUE,Portuguese
port1283,gaze,191,FALSE,Portuguese
stan1288,mayoral,191,FALSE,Spanish
stan1290,lithe,191,FALSE,French
stan1290,tribal,191,TRUE,French
stan1295,divergent,191,TRUE,German
swah1253,mate,191,FALSE,Swahili
swed1254,harm,191,TRUE,Swedish
swed1254,mail,191,FALSE,Swedish
wels1247,des,191,FALSE,Welsh
czec1258,cement,190,TRUE,Czech
czec1258,lip,190,FALSE,Czech
dani1285,rent,190,FALSE,Danish
dutc1256,rum,190,TRUE,Dutch
finn1318,copy,190,TRUE,Finnish
indo1316,sat,190,TRUE,Standard Indonesian
lati1261,cola,190,FALSE,Latin
lati1261,revise,190,FALSE,Latin
lati1261,visitor,190,FALSE,Latin
latv1249,vest,190,FALSE,Latvian
nucl1301,bark,190,FALSE,Turkish
oldf1239,people,190,FALSE,Old French (842-ca. 1400)
roma1327,sting,190,FALSE,Romanian
roma1327,strict,190,TRUE,Romanian
stan1288,aerosol,190,TRUE,Spanish
stan1288,consolidate,190,TRUE,Spanish
stan1288,dances,190,FALSE,Spanish
stan1288,graves,190,FALSE,Spanish
stan1290,ambitions,190,FALSE,French
stan1290,optimum,190,TRUE,French
stan1290,surgeons,190,FALSE,French
cebu1242,basket,189,TRUE,Cebuano
dutc1256,expert,189,TRUE,Dutch
dutc1256,waters,189,FALSE,Dutch
ital1282,coke,189,TRUE,Italian
ital1282,flare,189,TRUE,Italian
ital1282,killer,189,FALSE,Italian
lati1261,bullet,189,FALSE,Latin
nucl1301,bet,189,FALSE,Turkish
port1283,core,189,TRUE,Portuguese
port1283,provincial,189,TRUE,Portuguese
roma1327,pane,189,FALSE,Romanian
roma1327,vulgar,189,TRUE,Romanian
scot1243,gangs,189,FALSE,Scots
sout1528,ton,189,FALSE,Serbian-Croatian-Bosnian
stan1288,boulevard,189,TRUE,Spanish
stan1288,cosmos,189,TRUE,Spanish
stan1290,disco,189,TRUE,French
stan1290,peppermint,189,TRUE,French
stan1290,trek,189,FALSE,French
swed1254,golf,189,TRUE,Swedish
swed1254,pocket,189,FALSE,Swedish
swed1254,rep,189,FALSE,Swedish
swed1254,sky,189,TRUE,Swedish
czec1258,pilot,188,TRUE,Czech
dutc1256,cricket,188,TRUE,Dutch
dutc1256,sex,188,TRUE,Dutch
dutc1256,web,188,TRUE,Dutch
hung1274,halt,188,FALSE,Hungarian
icel1247,mitt,188,FALSE,Icelandic
indo1316,gang,188,FALSE,Standard Indonesian
indo1316,lap,188,TRUE,Standard Indonesian
ital1282,duplicate,188,FALSE,Italian
ital1282,gag,188,TRUE,Italian
ital1282,yacht,188,TRUE,Italian
lati1261,caves,188,FALSE,Latin
lati1261,rides,188,FALSE,Latin
lati1261,sugar,188,FALSE,Latin
poli1260,chat,188,FALSE,Polish
port1283,array,188,TRUE,Portuguese
port1283,closet,188,TRUE,Portuguese
roma1327,pop,188,TRUE,Romanian
scot1243,acres,188,FALSE,Scots
stan1288,banal,188,TRUE,Spanish
stan1288,bullying,188,TRUE,Spanish
stan1288,shooter,188,TRUE,Spanish
stan1290,attitudes,188,FALSE,French
stan1290,boycott,188,TRUE,French
stan1290,guru,188,TRUE,French
stan1290,sessions,188,FALSE,French
stan1306,piano,188,TRUE,Standard Malay
swed1254,baby,188,TRUE,Swedish
swed1254,modern,188,TRUE,Swedish
yoru1245,sin,188,FALSE,Yoruba
afri1274,beef,187,FALSE,Afrikaans
dani1285,flag,187,TRUE,Danish
dutc1256,discipline,187,TRUE,Dutch
ital1282,cocktail,187,TRUE,Italian
ital1282,indefinite,187,FALSE,Italian
ital1282,prelude,187,FALSE,Italian
lati1261,offers,187,FALSE,Latin
lati1261,requisite,187,FALSE,Latin
nucl1643,mage,187,FALSE,Japanese
olde1238,began,187,FALSE,Old English (ca. 450-1100)
port1283,oval,187,TRUE,Portuguese
port1283,vocal,187,TRUE,Portuguese
roma1327,design,187,TRUE,Romanian
roma1327,include,187,TRUE,Romanian
roma1327,opt,187,FALSE,Romanian
sout1528,original,187,TRUE,Serbian-Croatian-Bosnian
stan1290,coupons,187,FALSE,French
stan1290,interaction,187,TRUE,French
swed1254,plane,187,FALSE,Swedish
afri1274,gal,186,FALSE,Afrikaans
cebu1242,flower,186,TRUE,Cebuano
czec1258,index,186,TRUE,Czech
dani1285,mode,186,FALSE,Danish
dutc1256,gum,186,FALSE,Dutch
finn1318,piano,186,TRUE,Finnish
iris1253,toll,186,FALSE,Irish
ital1282,crude,186,FALSE,Italian
ital1282,illustrate,186,FALSE,Italian
ital1282,infinite,186,FALSE,Italian
ital1282,persuasive,186,FALSE,Italian
ital1282,torpedo,186,FALSE,Italian
lati1261,infuse,186,FALSE,Latin
minn1241,pat,186,FALSE,Min Nan Chinese
pali1273,mode,186,FALSE,Pali
poli1260,brew,186,FALSE,Polish
port1283,eternal,186,TRUE,Portuguese
port1283,mosquito,186,TRUE,Portuguese
roma1327,sec,186,TRUE,Romanian
scot1243,grit,186,FALSE,Scots
stan1288,improvise,186,TRUE,Spanish
stan1288,meningitis,186,TRUE,Spanish
stan1290,magma,186,TRUE,French
stan1290,pickles,186,FALSE,French
stan1295,global,186,TRUE,German
swed1254,task,186,FALSE,Swedish
czec1258,rob,185,FALSE,Czech
dutc1256,canon,185,TRUE,Dutch
dutc1256,medium,185,TRUE,Dutch
hung1274,alma,185,FALSE,Hungarian
iris1253,scar,185,FALSE,Irish
ital1282,limo,185,FALSE,Italian
ital1282,welfare,185,TRUE,Italian
lati1261,adventure,185,FALSE,Latin
lati1261,dilemma,185,TRUE,Latin
lati1261,fragile,185,FALSE,Latin
lati1261,navigate,185,FALSE,Latin
lati1261,verge,185,FALSE,Latin
maor1246,hue,185,FALSE,Maori
nort2697,get,185,FALSE,North Azerbaijani
nucl1301,toy,185,FALSE,Turkish
poli1260,manifest,185,FALSE,Polish
port1283,envelope,185,TRUE,Portuguese
port1283,muscular,185,TRUE,Portuguese
port1283,reality,185,TRUE,Portuguese
roma1327,accent,185,TRUE,Romanian
roma1327,lord,185,TRUE,Romanian
roma1327,tar,185,FALSE,Romanian
scot1245,rug,185,FALSE,Scottish Gaelic
soma1255,gal,185,FALSE,Somali
sout1528,pale,185,FALSE,Serbian-Croatian-Bosnian
stan1288,perpetuate,185,FALSE,Spanish
stan1288,vodka,185,TRUE,Spanish
stan1290,autos,185,FALSE,French
stan1290,balances,185,FALSE,French
stan1290,cadmium,185,TRUE,French
stan1290,impeachment,185,TRUE,French
stan1290,scorer,185,FALSE,French
swed1254,guide,185,TRUE,Swedish
czec1258,link,184,TRUE,Czech
dani1285,grave,184,TRUE,Danish
dutc1256,blaze,184,FALSE,Dutch
dutc1256,graze,184,TRUE,Dutch
esto1258,und,184,FALSE,Estonian
ital1282,epitome,184,TRUE,Italian
ital1282,suicide,184,TRUE,Italian
lati1261,alpine,184,FALSE,Latin
lati1261,asparagus,184,TRUE,Latin
lati1261,fervent,184,FALSE,Latin
lati1261,pollen,184,TRUE,Latin
olde1238,sang,184,FALSE,Old English (ca. 450-1100)
oldf1239,force,184,FALSE,Old French (842-ca. 1400)
port1283,amplitude,184,TRUE,Portuguese
roma1327,evident,184,TRUE,Romanian
roma1327,inferior,184,TRUE,Romanian
sout1528,human,184,FALSE,Serbian-Croatian-Bosnian
stan1288,plaque,184,FALSE,Spanish
stan1288,quad,184,FALSE,Spanish
stan1288,whiskey,184,TRUE,Spanish
stan1290,brunch,184,TRUE,French
stan1290,consortium,184,TRUE,French
stan1290,glamour,184,TRUE,French
stan1290,instrumentation,184,TRUE,French
stan1290,invitations,184,FALSE,French
stan1290,kilogrammes,184,FALSE,French
stan1290,quartet,184,TRUE,French
stan1290,reporting,184,FALSE,French
swed1254,mental,184,TRUE,Swedish
swed1254,trumpet,184,TRUE,Swedish
wels1247,protest,184,TRUE,Welsh
dutc1256,festival,183,TRUE,Dutch
dutc1256,privilege,183,TRUE,Dutch
dutc1256,wants,183,FALSE,Dutch
hmon1333,tom,183,FALSE,Hmong Daw
indo1316,mas,183,FALSE,Standard Indonesian
ital1282,aroma,183,TRUE,Italian
lati1261,comprehensive,183,FALSE,Latin
lati1261,furtive,183,FALSE,Latin
lati1261,tones,183,FALSE,Latin
nucl1643,pate,183,FALSE,Japanese
nucl1643,tendon,183,FALSE,Japanese
olde1238,list,183,FALSE,Old English (ca. 450-1100)
olde1238,mist,183,TRUE,Old English (ca. 450-1100)
olde1238,win,183,FALSE,Old English (ca. 450-1100)
oldn1244,opt,183,FALSE,Old Norse
poli1260,czar,183,FALSE,Polish
port1283,cluster,183,TRUE,Portuguese
roma1327,ape,183,FALSE,Romanian
roma1327,magazine,183,TRUE,Romanian
roma1327,star,183,TRUE,Romanian
scot1243,pure,183,FALSE,Scots
sout1528,print,183,FALSE,Serbian-Croatian-Bosnian
stan1288,branding,183,FALSE,Spanish
stan1288,copies,183,FALSE,Spanish
stan1288,primate,183,TRUE,Spanish
stan1288,resolved,183,FALSE,Spanish
stan1288,retro,183,FALSE,Spanish
stan1288,tracks,183,FALSE,Spanish
stan1290,accusations,183,FALSE,French
stan1290,dams,183,FALSE,French
stan1290,masturbation,183,TRUE,French
stan1290,packs,183,FALSE,French
stan1290,royalties,183,FALSE,French
swed1254,grind,183,FALSE,Swedish
czec1258,hub,182,FALSE,Czech
dani1285,finger,182,TRUE,Danish
dani1285,hospital,182,TRUE,Danish
dutc1256,corrupt,182,TRUE,Dutch
dutc1256,frequent,182,TRUE,Dutch
dutc1256,spoken,182,FALSE,Dutch
dutc1256,tumult,182,TRUE,Dutch
finn1318,valve,182,FALSE,Finnish
icel1247,skin,182,FALSE,Icelandic
ital1282,polio,182,FALSE,Italian
lati1261,sulfur,182,TRUE,Latin
lati1261,trio,182,FALSE,Latin
mand1415,part-time,182,TRUE,Mandarin Chinese
poli1260,anal,182,TRUE,Polish
poli1260,jury,182,TRUE,Polish
poli1260,sus,182,FALSE,Polish
port1283,clamor,182,TRUE,Portuguese
port1283,cottage,182,TRUE,Portuguese
roma1327,curse,182,FALSE,Romanian
roma1327,indirect,182,TRUE,Romanian
roma1327,scandal,182,TRUE,Romanian
stan1288,designate,182,TRUE,Spanish
stan1288,rabies,182,FALSE,Spanish
stan1290,avatar,182,TRUE,French
stan1290,blazer,182,TRUE,French
stan1290,magenta,182,TRUE,French
stan1290,phases,182,FALSE,French
stan1295,axial,182,TRUE,German
stan1295,nobles,182,FALSE,German
stan1295,safer,182,FALSE,German
stan1295,vaginal,182,TRUE,German
swed1254,nation,182,TRUE,Swedish
swed1254,protest,182,TRUE,Swedish
dutc1256,extreme,181,FALSE,Dutch
finn1318,slide,181,FALSE,Finnish
finn1318,son,181,FALSE,Finnish
hung1274,bead,181,FALSE,Hungarian
indo1316,prop,181,FALSE,Standard Indonesian
indo1316,reserve,181,TRUE,Standard Indonesian
ital1282,neon,181,TRUE,Italian
lati1261,vase,181,TRUE,Latin
nucl1301,fare,181,FALSE,Turkish
olde1238,wan,181,FALSE,Old English (ca. 450-1100)
poli1260,grab,181,FALSE,Polish
poli1260,tom,181,FALSE,Polish
port1283,ritual,181,TRUE,Portuguese
roma1327,cont,181,FALSE,Romanian
roma1327,native,181,FALSE,Romanian
roma1327,pilot,181,TRUE,Romanian
scot1243,heal,181,FALSE,Scots
scot1243,trot,181,FALSE,Scots
stan1288,amnesia,181,TRUE,Spanish
stan1290,ghetto,181,TRUE,French
stan1290,stripper,181,TRUE,French
swed1254,personal,181,FALSE,Swedish
czec1258,alarm,180,TRUE,Czech
czec1258,lad,180,FALSE,Czech
dani1285,plant,180,TRUE,Danish
finn1318,baseball,180,TRUE,Finnish
finn1318,moon,180,FALSE,Finnish
hung1274,rap,180,TRUE,Hungarian
ital1282,compensate,180,FALSE,Italian
ital1282,sentiment,180,TRUE,Italian
ital1282,stereo,180,TRUE,Italian
ital1282,texture,180,TRUE,Italian
lati1261,observant,180,FALSE,Latin
poli1260,paw,180,FALSE,Polish
poli1260,sofa,180,TRUE,Polish
port1283,capture,180,TRUE,Portuguese
port1283,mediocre,180,FALSE,Portuguese
port1283,redeem,180,FALSE,Portuguese
port1283,tenor,180,TRUE,Portuguese
roma1327,preface,180,FALSE,Romanian
sout1528,log,180,FALSE,Serbian-Croatian-Bosnian
stan1288,converge,180,TRUE,Spanish
stan1288,diva,180,TRUE,Spanish
stan1288,observable,180,TRUE,Spanish
stan1288,outdoor,180,TRUE,Spanish
stan1290,patrons,180,FALSE,French
stan1290,pensions,180,FALSE,French
stan1290,podium,180,TRUE,French
dutc1256,bandage,179,TRUE,Dutch
icel1247,harm,179,FALSE,Icelandic
indo1316,terminal,179,TRUE,Standard Indonesian
iris1253,thug,179,FALSE,Irish
ital1282,buffet,179,TRUE,Italian
ital1282,focus,179,TRUE,Italian
ital1282,spelling,179,TRUE,Italian
lati1261,torque,179,FALSE,Latin
port1283,calibre,179,TRUE,Portuguese
port1283,cola,179,FALSE,Portuguese
port1283,derive,179,TRUE,Portuguese
port1283,mature,179,FALSE,Portuguese
port1283,tag,179,TRUE,Portuguese
roma1327,bat,179,TRUE,Romanian
roma1327,cot,179,FALSE,Romanian
sout1528,ran,179,FALSE,Serbian-Croatian-Bosnian
stan1288,orbital,179,TRUE,Spanish
stan1288,temperamental,179,TRUE,Spanish
stan1290,disciples,179,FALSE,French
stan1290,investigations,179,FALSE,French
stan1295,logo,179,TRUE,German
swed1254,brush,179,FALSE,Swedish
swed1254,flight,179,TRUE,Swedish
cebu1242,boy,178,TRUE,Cebuano
czec1258,bus,178,TRUE,Czech
dani1285,bare,178,TRUE,Danish
dutc1256,extract,178,TRUE,Dutch
dutc1256,zoom,178,TRUE,Dutch
hung1274,cent,178,TRUE,Hungarian
iris1253,nod,178,FALSE,Irish
ital1282,aura,178,TRUE,Italian
ital1282,brine,178,FALSE,Italian
lati1261,emerge,178,FALSE,Latin
poli1260,drops,178,FALSE,Polish
port1283,establishment,178,TRUE,Portuguese
roma1327,program,178,TRUE,Romanian
roma1327,tub,178,FALSE,Romanian
roma1327,vest,178,FALSE,Romanian
scot1243,spur,178,FALSE,Scots
sout1528,feeling,178,TRUE,Serbian-Croatian-Bosnian
stan1290,camps,178,FALSE,French
stan1290,complexes,178,FALSE,French
stan1290,infrastructure,178,TRUE,French
stan1290,offshore,178,TRUE,French
stan1290,psi,178,TRUE,French
swed1254,cool,178,TRUE,Swedish
swed1254,sting,178,TRUE,Swedish
swed1254,total,178,TRUE,Swedish
dutc1256,boiler,177,FALSE,Dutch
dutc1256,circuit,177,TRUE,Dutch
hawa1245,mama,177,FALSE,Hawaiian
ital1282,trend,177,TRUE,Italian
lati1261,differs,177,FALSE,Latin
lati1261,museum,177,TRUE,Latin
oldf1239,hair,177,FALSE,Old French (842-ca. 1400)
port1283,flush,177,TRUE,Portuguese
port1283,ornamental,177,TRUE,Portuguese
port1283,precursor,177,TRUE,Portuguese
roma1327,individual,177,TRUE,Romanian
sout1528,grade,177,TRUE,Serbian-Croatian-Bosnian
stan1288,booster,177,TRUE,Spanish
stan1288,monologue,177,FALSE,Spanish
stan1288,outs,177,FALSE,Spanish
stan1290,dominance,177,TRUE,French
stan1290,griefs,177,FALSE,French
stan1290,groggy,177,TRUE,French
stan1290,missiles,177,FALSE,French
stan1290,sculptural,177,TRUE,French
stan1290,yoga,177,TRUE,French
stan1295,online,177,TRUE,German
swed1254,jam,177,FALSE,Swedish
cent2087,may,176,FALSE,Coastal-Naga Bikol
czec1258,sorry,176,TRUE,Czech
dani1285,hit,176,FALSE,Danish
indo1316,plot,176,TRUE,Standard Indonesian
indo1316,pro,176,TRUE,Standard Indonesian
luxe1241,fir,176,FALSE,Moselle Franconian
olde1238,post,176,TRUE,Old English (ca. 450-1100)
port1283,cases,176,FALSE,Portuguese
port1283,spray,176,TRUE,Portuguese
stan1295,tonal,176,TRUE,German
swed1254,association,176,TRUE,Swedish
swed1254,piano,176,TRUE,Swedish
tokp1240,hat,176,TRUE,Tok Pisin
wels1247,piano,176,TRUE,Welsh
dani1285,minister,175,TRUE,Danish
dutc1256,scoop,175,FALSE,Dutch
finn1318,disposition,175,FALSE,Finnish
indo1316,won,175,FALSE,Standard Indonesian
nucl1301,transfer,175,TRUE,Turkish
poli1260,gin,175,TRUE,Polish
poli1260,soda,175,TRUE,Polish
roma1327,hall,175,FALSE,Romanian
roma1327,permanent,175,TRUE,Romanian
roma1327,protest,175,TRUE,Romanian
scot1243,batter,175,TRUE,Scots
sout1528,gust,175,FALSE,Serbian-Croatian-Bosnian
stan1288,polka,175,TRUE,Spanish
stan1288,souvenir,175,TRUE,Spanish
stan1290,kayak,175,TRUE,French
stan1290,omissions,175,FALSE,French
stan1290,whiskey,175,TRUE,French
swed1254,hospital,175,TRUE,Swedish
swed1254,human,175,FALSE,Swedish
czec1258,drama,174,TRUE,Czech
czec1258,president,174,FALSE,Czech
dani1285,ask,174,FALSE,Danish
dani1285,glad,174,TRUE,Danish
dutc1256,graft,174,FALSE,Dutch
dutc1256,pulse,174,FALSE,Dutch
dutc1256,sketch,174,TRUE,Dutch
dutc1256,stress,174,TRUE,Dutch
indo1316,tar,174,TRUE,Standard Indonesian
ital1282,aperture,174,TRUE,Italian
ital1282,brute,174,FALSE,Italian
ital1282,intrude,174,FALSE,Italian
ital1282,lattice,174,FALSE,Italian
ital1282,panacea,174,TRUE,Italian
ital1282,rode,174,FALSE,Italian
ital1282,versatile,174,TRUE,Italian
lati1261,sores,174,FALSE,Latin
minn1241,lip,174,FALSE,Min Nan Chinese
nucl1301,dip,174,FALSE,Turkish
nucl1301,holding,174,TRUE,Turkish
nucl1301,transport,174,TRUE,Turkish
poli1260,horror,174,TRUE,Polish
port1283,crawl,174,FALSE,Portuguese
port1283,propaganda,174,TRUE,Portuguese
port1283,serene,174,FALSE,Portuguese
stan1288,gadget,174,TRUE,Spanish
stan1288,micro,174,TRUE,Spanish
stan1288,participate,174,TRUE,Spanish
stan1288,slump,174,TRUE,Spanish
stan1290,mascara,174,TRUE,French
stan1290,woke,174,TRUE,French
stan1295,unilateral,174,TRUE,German
swed1254,lever,174,FALSE,Swedish
swed1254,para,174,FALSE,Swedish
taga1270,total,174,TRUE,Tagalog
czec1258,bare,173,TRUE,Czech
czec1258,opera,173,TRUE,Czech
dani1285,offer,173,FALSE,Danish
dani1285,spare,173,TRUE,Danish
dutc1256,manifest,173,TRUE,Dutch
dutc1256,robe,173,TRUE,Dutch
finn1318,nonsense,173,TRUE,Finnish
hung1274,licence,173,FALSE,Hungarian
ital1282,chili,173,TRUE,Italian
lith1251,link,173,FALSE,Lithuanian
nucl1301,cool,173,TRUE,Turkish
poli1260,senior,173,TRUE,Polish
port1283,combine,173,TRUE,Portuguese
port1283,comment,173,TRUE,Portuguese
port1283,papal,173,TRUE,Portuguese
port1283,portal,173,TRUE,Portuguese
port1283,pose,173,TRUE,Portuguese
port1283,precise,173,FALSE,Portuguese
scot1245,bus,173,TRUE,Scottish Gaelic
sout1528,final,173,TRUE,Serbian-Croatian-Bosnian
stan1288,opens,173,FALSE,Spanish
stan1288,touring,173,TRUE,Spanish
stan1290,baggy,173,TRUE,French
stan1290,intrusive,173,FALSE,French
stan1290,malnutrition,173,TRUE,French
stan1290,varies,173,FALSE,French
stan1295,punitive,173,FALSE,German
swed1254,pension,173,TRUE,Swedish
yoru1245,pin,173,FALSE,Yoruba
afri1274,worse,172,FALSE,Afrikaans
dani1285,bid,172,FALSE,Danish
dani1285,chance,172,TRUE,Danish
dutc1256,president,172,TRUE,Dutch
dutc1256,stocks,172,FALSE,Dutch
dutc1256,watering,172,FALSE,Dutch
finn1318,lime,172,TRUE,Finnish
indo1316,opium,172,TRUE,Standard Indonesian
ital1282,alienate,172,FALSE,Italian
ital1282,reporter,172,TRUE,Italian
lati1261,mania,172,TRUE,Latin
lati1261,opium,172,TRUE,Latin
mand1415,folder,172,TRUE,Mandarin Chinese
nucl1301,bite,172,TRUE,Turkish
pali1273,sake,172,FALSE,Pali
poli1260,gust,172,FALSE,Polish
poli1260,random,172,TRUE,Polish
poli1260,rap,172,TRUE,Polish
port1283,candidate,172,FALSE,Portuguese
port1283,charges,172,FALSE,Portuguese
port1283,penal,172,TRUE,Portuguese
port1283,terminal,172,TRUE,Portuguese
roma1327,anal,172,TRUE,Romanian
roma1327,modest,172,TRUE,Romanian
roma1327,vertical,172,TRUE,Romanian
scot1243,gully,172,FALSE,Scots
stan1288,beige,172,FALSE,Spanish
stan1288,usable,172,TRUE,Spanish
stan1290,contraception,172,TRUE,French
stan1290,perspectives,172,FALSE,French
stan1290,symposium,172,TRUE,French
stan1306,din,172,FALSE,Standard Malay
swed1254,park,172,TRUE,Swedish
czec1258,atom,171,TRUE,Czech
czec1258,tempo,171,TRUE,Czech
dani1285,sang,171,FALSE,Danish
dutc1256,ark,171,TRUE,Dutch
dutc1256,arrangement,171,TRUE,Dutch
dutc1256,penalty,171,TRUE,Dutch
dutc1256,rebel,171,TRUE,Dutch
dutc1256,wage,171,FALSE,Dutch
hung1274,partner,171,TRUE,Hungarian
ital1282,premature,171,TRUE,Italian
lati1261,mobile,171,FALSE,Latin
lati1261,panacea,171,TRUE,Latin
nucl1643,tango,171,FALSE,Japanese
port1283,legumes,171,FALSE,Portuguese
roma1327,lace,171,FALSE,Romanian
sanj1284,bee,171,FALSE,Western Tlacolula Valley Zapotec
sout1528,sale,171,TRUE,Serbian-Croatian-Bosnian
stan1288,axial,171,TRUE,Spanish
stan1288,buses,171,FALSE,Spanish
stan1288,crescendo,171,FALSE,Spanish
stan1288,solos,171,FALSE,Spanish
stan1290,collections,171,FALSE,French
stan1290,descends,171,FALSE,French
stan1290,leaders,171,FALSE,French
stan1290,punitive,171,FALSE,French
stan1290,redistribution,171,TRUE,French
stan1290,sauces,171,FALSE,French
stan1290,violets,171,FALSE,French
swed1254,tank,171,TRUE,Swedish
wels1247,cored,171,FALSE,Welsh
dani1285,bridge,170,FALSE,Danish
indo1316,hem,170,FALSE,Standard Indonesian
iris1253,ton,170,FALSE,Irish
ital1282,alpine,170,FALSE,Italian
ital1282,nostalgia,170,TRUE,Italian
ital1282,routine,170,TRUE,Italian
lati1261,inflate,170,FALSE,Latin
midd1317,middle,170,TRUE,Middle English
poli1260,pudding,170,TRUE,Polish
port1283,boom,170,TRUE,Portuguese
port1283,pane,170,FALSE,Portuguese
roma1327,fabric,170,FALSE,Romanian
roma1327,modern,170,TRUE,Romanian
scot1243,affectionate,170,TRUE,Scots
scot1243,nut,170,FALSE,Scots
scot1243,rump,170,TRUE,Scots
stan1288,lipstick,170,TRUE,Spanish
stan1290,assertive,170,FALSE,French
stan1290,bistro,170,TRUE,French
stan1290,funky,170,TRUE,French
stan1290,intensification,170,TRUE,French
stan1290,interface,170,TRUE,French
stan1290,latitudes,170,FALSE,French
swed1254,frost,170,TRUE,Swedish
swed1254,slug,170,FALSE,Swedish
taga1270,drama,170,TRUE,Tagalog
tzot1259,bat,170,FALSE,Tzotzil
czec1258,kin,169,FALSE,Czech
dako1258,mini,169,FALSE,Dakota
dutc1256,grip,169,TRUE,Dutch
dutc1256,pint,169,FALSE,Dutch
finn1318,trap,169,TRUE,Finnish
finn1318,vein,169,FALSE,Finnish
iris1253,bile,169,FALSE,Irish
ital1282,logo,169,FALSE,Italian
lati1261,sensitive,169,FALSE,Latin
minn1241,chap,169,FALSE,Min Nan Chinese
nucl1643,saga,169,FALSE,Japanese
olde1238,late,169,TRUE,Old English (ca. 450-1100)
poli1260,frank,169,FALSE,Polish
poli1260,lag,169,TRUE,Polish
poli1260,notes,169,FALSE,Polish
poli1260,opera,169,TRUE,Polish
port1283,factor,169,TRUE,Portuguese
port1283,resume,169,TRUE,Portuguese
port1283,trio,169,TRUE,Portuguese
roma1327,dispute,169,FALSE,Romanian
scot1245,gum,169,FALSE,Scottish Gaelic
stan1288,impeachment,169,TRUE,Spanish
stan1288,pickup,169,TRUE,Spanish
stan1288,recapture,169,TRUE,Spanish
stan1288,trauma,169,TRUE,Spanish
stan1288,vaginal,169,TRUE,Spanish
stan1290,axial,169,TRUE,French
stan1290,commissions,169,FALSE,French
stan1290,overdose,169,TRUE,French
stan1290,publications,169,FALSE,French
stan1306,organ,169,TRUE,Standard Malay
swah1253,tone,169,FALSE,Swahili
swed1254,coach,169,TRUE,Swedish
swed1254,letters,169,FALSE,Swedish
swed1254,portion,169,TRUE,Swedish
swed1254,vice,169,FALSE,Swedish
afri1274,letters,168,FALSE,Afrikaans
dani1285,rose,168,TRUE,Danish
dutc1256,staking,168,FALSE,Dutch
dutc1256,tenor,168,TRUE,Dutch
esto1258,said,168,FALSE,Estonian
ital1282,procedure,168,TRUE,Italian
ital1282,status,168,TRUE,Italian
poli1260,tart,168,TRUE,Polish
port1283,assert,168,TRUE,Portuguese
port1283,mama,168,FALSE,Portuguese
roma1327,district,168,TRUE,Romanian
roma1327,merit,168,TRUE,Romanian
roma1327,yard,168,TRUE,Romanian
sout1528,bare,168,FALSE,Serbian-Croatian-Bosnian
stan1290,patio,168,TRUE,French
stan1290,rollers,168,FALSE,French
stan1295,redundant,168,TRUE,German
afri1274,arts,167,FALSE,Afrikaans
afri1274,skim,167,FALSE,Afrikaans
czec1258,slit,167,FALSE,Czech
dutc1256,gut,167,FALSE,Dutch
dutc1256,rave,167,FALSE,Dutch
dutc1256,stud,167,FALSE,Dutch
esto1258,pull,167,FALSE,Estonian
indo1316,register,167,TRUE,Standard Indonesian
iris1253,tart,167,FALSE,Irish
ital1282,eradicate,167,FALSE,Italian
ital1282,intestine,167,TRUE,Italian
kawi1241,pat,167,FALSE,Kawi
lati1261,cycle,167,TRUE,Latin
lati1261,disseminate,167,FALSE,Latin
lati1261,volatile,167,FALSE,Latin
midd1317,line,167,TRUE,Middle English
olde1238,strange,167,FALSE,Old English (ca. 450-1100)
poli1260,medium,167,TRUE,Polish
roma1327,bet,167,FALSE,Romanian
roma1327,training,167,TRUE,Romanian
scot1245,staid,167,FALSE,Scottish Gaelic
sout1528,rose,167,TRUE,Serbian-Croatian-Bosnian
stan1288,reversal,167,FALSE,Spanish
stan1288,soles,167,FALSE,Spanish
stan1288,turban,167,FALSE,Spanish
stan1290,latex,167,TRUE,French
swed1254,grave,167,FALSE,Swedish
taga1270,popular,167,TRUE,Tagalog
dani1285,date,166,TRUE,Danish
dutc1256,abstract,166,TRUE,Dutch
dutc1256,thermometer,166,TRUE,Dutch
finn1318,pro,166,FALSE,Finnish
finn1318,vie,166,FALSE,Finnish
ital1282,primate,166,TRUE,Italian
lati1261,calculator,166,TRUE,Latin
lati1261,clandestine,166,FALSE,Latin
lati1261,consummate,166,FALSE,Latin
lati1261,incessant,166,FALSE,Latin
lati1261,spectrum,166,TRUE,Latin
poli1260,boss,166,TRUE,Polish
poli1260,piercing,166,TRUE,Polish
poli1260,role,166,TRUE,Polish
poli1260,squat,166,TRUE,Polish
port1283,odor,166,TRUE,Portuguese
roma1327,cash,166,TRUE,Romanian
roma1327,constant,166,TRUE,Romanian
roma1327,signal,166,TRUE,Romanian
stan1288,antisocial,166,TRUE,Spanish
stan1288,fetal,166,TRUE,Spanish
stan1288,flows,166,FALSE,Spanish
stan1288,opaque,166,FALSE,Spanish
stan1289,verb,166,TRUE,Catalan
stan1290,followers,166,FALSE,French
stan1295,derivatives,166,FALSE,German
swed1254,bog,166,FALSE,Swedish
afri1274,peer,165,FALSE,Afrikaans
czec1258,soda,165,TRUE,Czech
dutc1256,hanger,165,TRUE,Dutch
dutc1256,wagon,165,TRUE,Dutch
hawa1245,hue,165,FALSE,Hawaiian
hung1274,puff,165,TRUE,Hungarian
indo1316,mode,165,TRUE,Standard Indonesian
indo1316,wan,165,FALSE,Standard Indonesian
ital1282,conserve,165,TRUE,Italian
ital1282,evade,165,FALSE,Italian
ital1282,jazz,165,TRUE,Italian
ital1282,memorandum,165,TRUE,Italian
ital1282,panorama,165,TRUE,Italian
lati1261,antenna,165,TRUE,Latin
lati1261,demon,165,FALSE,Latin
lati1261,incorporate,165,FALSE,Latin
lati1261,legitimate,165,FALSE,Latin
manx1243,bee,165,FALSE,Manx
nucl1301,mum,165,FALSE,Turkish
nucl1301,yen,165,TRUE,Turkish
poli1260,lane,165,FALSE,Polish
port1283,mute,165,FALSE,Portuguese
roma1327,cabinet,165,TRUE,Romanian
scot1243,caller,165,FALSE,Scots
sout1528,strip,165,FALSE,Serbian-Croatian-Bosnian
stan1288,females,165,FALSE,Spanish
stan1288,muses,165,FALSE,Spanish
stan1290,bracelets,165,FALSE,French
stan1290,structures,165,FALSE,French
cebu1242,sin,164,FALSE,Cebuano
dani1285,instrument,164,TRUE,Danish
dutc1256,jam,164,TRUE,Dutch
hung1274,atom,164,TRUE,Hungarian
icel1247,sat,164,FALSE,Icelandic
ital1282,concentrate,164,TRUE,Italian
ital1282,hobby,164,TRUE,Italian
ital1282,quarantine,164,FALSE,Italian
lati1261,coincide,164,FALSE,Latin
lati1261,educator,164,TRUE,Latin
lati1261,males,164,FALSE,Latin
lati1261,memorandum,164,TRUE,Latin
lati1261,solos,164,FALSE,Latin
olde1238,horn,164,TRUE,Old English (ca. 450-1100)
poli1260,chart,164,FALSE,Polish
poli1260,tram,164,FALSE,Polish
port1283,bug,164,TRUE,Portuguese
roma1327,spun,164,FALSE,Romanian
sout1528,moral,164,TRUE,Serbian-Croatian-Bosnian
stan1288,streams,164,FALSE,Spanish
stan1290,cops,164,FALSE,French
stan1290,jackpot,164,TRUE,French
stan1290,surprises,164,FALSE,French
swed1254,accent,164,TRUE,Swedish
swed1254,bomb,164,TRUE,Swedish
swed1254,hunger,164,TRUE,Swedish
swed1254,pure,164,FALSE,Swedish
tokp1240,pen,164,TRUE,Tok Pisin
afri1274,bees,163,FALSE,Afrikaans
hung1274,opera,163,TRUE,Hungarian
ital1282,gamma,163,TRUE,Italian
ital1282,genera,163,FALSE,Italian
ital1282,revival,163,TRUE,Italian
ital1282,successive,163,FALSE,Italian
lati1261,axes,163,FALSE,Latin
lati1261,disputes,163,FALSE,Latin
lati1261,manor,163,FALSE,Latin
lati1261,sterile,163,TRUE,Latin
olde1238,angel,163,FALSE,Old English (ca. 450-1100)
olde1238,helm,163,FALSE,Old English (ca. 450-1100)
poli1260,mania,163,FALSE,Polish
port1283,dental,163,TRUE,Portuguese
port1283,squash,163,TRUE,Portuguese
roma1327,exterior,163,TRUE,Romanian
roma1327,familiar,163,TRUE,Romanian
roma1327,specific,163,TRUE,Romanian
stan1288,kimono,163,TRUE,Spanish
stan1290,patina,163,FALSE,French
stan1295,basal,163,TRUE,German
tokp1240,bin,163,FALSE,Tok Pisin
clas1250,can,162,FALSE,Classical Nahuatl
dani1285,gold,162,FALSE,Danish
dani1285,poet,162,TRUE,Danish
dutc1256,games,162,FALSE,Dutch
dutc1256,ski,162,TRUE,Dutch
dutc1256,wording,162,FALSE,Dutch
hung1274,bee,162,FALSE,Hungarian
ital1282,buffer,162,TRUE,Italian
ital1282,hockey,162,TRUE,Italian
ital1282,radar,162,TRUE,Italian
ital1282,retina,162,TRUE,Italian
lati1261,suffers,162,FALSE,Latin
olde1238,mere,162,FALSE,Old English (ca. 450-1100)
olde1238,wisdom,162,TRUE,Old English (ca. 450-1100)
port1283,incense,162,TRUE,Portuguese
port1283,piercing,162,TRUE,Portuguese
roma1327,chef,162,FALSE,Romanian
sout1528,desert,162,FALSE,Serbian-Croatian-Bosnian
stan1288,veranda,162,TRUE,Spanish
stan1290,bungalow,162,TRUE,French
stan1290,cannons,162,FALSE,French
swed1254,meteor,162,TRUE,Swedish
swed1254,pant,162,FALSE,Swedish
swed1254,stake,162,FALSE,Swedish
bali1278,ring,161,FALSE,Balinese
cebu1242,tip,161,TRUE,Cebuano
esto1258,need,161,FALSE,Estonian
esto1258,sent,161,FALSE,Estonian
indo1316,valid,161,TRUE,Standard Indonesian
iris1253,iris,161,FALSE,Irish
ital1282,footing,161,FALSE,Italian
ital1282,generate,161,FALSE,Italian
lati1261,remorse,161,FALSE,Latin
port1283,revolve,161,TRUE,Portuguese
roma1327,adjective,161,TRUE,Romanian
scot1243,gum,161,TRUE,Scots
slov1268,red,161,FALSE,Slovenian
soma1255,dab,161,FALSE,Somali
stan1288,cures,161,FALSE,Spanish
stan1290,constitutive,161,FALSE,French
stan1290,monitoring,161,TRUE,French
stan1290,restaurants,161,FALSE,French
stan1290,sonar,161,TRUE,French
stan1295,immanent,161,TRUE,German
stan1295,separates,161,FALSE,German
taga1270,legal,161,TRUE,Tagalog
afri1274,lip,160,TRUE,Afrikaans
corn1251,has,160,FALSE,Cornish
czec1258,sole,160,FALSE,Czech
dutc1256,banner,160,TRUE,Dutch
dutc1256,branding,160,FALSE,Dutch
dutc1256,racket,160,TRUE,Dutch
icel1247,mat,160,FALSE,Icelandic
ital1282,desolate,160,FALSE,Italian
ital1282,exploit,160,TRUE,Italian
lati1261,collapse,160,FALSE,Latin
lati1261,delegate,160,FALSE,Latin
lati1261,initiate,160,FALSE,Latin
lati1261,mango,160,FALSE,Latin
lati1261,migrate,160,FALSE,Latin
poli1260,gender,160,TRUE,Polish
port1283,glacial,160,TRUE,Portuguese
port1283,virtuoso,160,TRUE,Portuguese
roma1327,clip,160,TRUE,Romanian
scot1243,bra,160,FALSE,Scots
scot1245,gal,160,FALSE,Scottish Gaelic
slov1268,list,160,FALSE,Slovenian
soma1255,bar,160,FALSE,Somali
stan1288,textiles,160,FALSE,Spanish
stan1290,applications,160,FALSE,French
stan1290,comprises,160,FALSE,French
stan1306,jus,160,FALSE,Standard Malay
swed1254,mass,160,FALSE,Swedish
wels1247,tales,160,FALSE,Welsh
cebu1242,load,159,FALSE,Cebuano
dani1285,giver,159,TRUE,Danish
dani1285,register,159,TRUE,Danish
dutc1256,poets,159,FALSE,Dutch
dutc1256,spoke,159,FALSE,Dutch
dutc1256,training,159,TRUE,Dutch
dutc1256,turbulent,159,TRUE,Dutch
ital1282,cassette,159,TRUE,Italian
ital1282,hostess,159,TRUE,Italian
ital1282,originate,159,FALSE,Italian
ital1282,scoop,159,TRUE,Italian
ital1282,scope,159,FALSE,Italian
ital1282,staccato,159,TRUE,Italian
lati1261,feta,159,FALSE,Latin
lati1261,illustrate,159,FALSE,Latin
lati1261,laser,159,TRUE,Latin
lati1261,radiant,159,FALSE,Latin
lati1261,revisit,159,FALSE,Latin
olde1238,tear,159,TRUE,Old English (ca. 450-1100)
poli1260,brutal,159,FALSE,Polish
port1283,presume,159,TRUE,Portuguese
port1283,smash,159,TRUE,Portuguese
port1283,tome,159,FALSE,Portuguese
roma1327,indicator,159,TRUE,Romanian
stan1288,rotate,159,TRUE,Spanish
stan1290,arcs,159,FALSE,French
stan1290,cumulative,159,FALSE,French
stan1290,formulation,159,TRUE,French
stan1290,stools,159,FALSE,French
stan1295,stringent,159,TRUE,German
swed1254,driver,159,TRUE,Swedish
taga1270,noon,159,FALSE,Tagalog
wels1247,opera,159,FALSE,Welsh
czec1258,pus,158,FALSE,Czech
hung1274,horror,158,TRUE,Hungarian
icel1247,barn,158,FALSE,Icelandic
indo1316,pit,158,TRUE,Standard Indonesian
ital1282,domino,158,TRUE,Italian
ital1282,evacuate,158,FALSE,Italian
ital1282,pony,158,TRUE,Italian
ital1282,presume,158,FALSE,Italian
lati1261,dissident,158,FALSE,Latin
lati1261,format,158,FALSE,Latin
lati1261,operate,158,FALSE,Latin
lati1261,reporter,158,FALSE,Latin
lati1261,spine,158,FALSE,Latin
lati1261,trope,158,FALSE,Latin
nava1243,god,158,FALSE,Navajo
nucl1301,pardon,158,TRUE,Turkish
port1283,bride,158,FALSE,Portuguese
port1283,diagonal,158,TRUE,Portuguese
port1283,dissuade,158,TRUE,Portuguese
roma1327,bold,158,TRUE,Romanian
stan1288,prepares,158,FALSE,Spanish
stan1288,reunite,158,FALSE,Spanish
stan1288,visceral,158,TRUE,Spanish
stan1290,artisans,158,FALSE,French
stan1290,doses,158,FALSE,French
stan1290,imperfections,158,FALSE,French
stan1290,solutions,158,FALSE,French
stan1290,tanks,158,FALSE,French
swed1254,beta,158,TRUE,Swedish
swed1254,program,158,TRUE,Swedish
viet1252,rep,158,FALSE,Vietnamese
chuu1238,fan,157,FALSE,Chuukese
dutc1256,arrogant,157,TRUE,Dutch
dutc1256,tunnel,157,TRUE,Dutch
finn1318,tennis,157,TRUE,Finnish
hung1274,taxi,157,TRUE,Hungarian
ital1282,binder,157,TRUE,Italian
ital1282,dispense,157,TRUE,Italian
ital1282,dogma,157,TRUE,Italian
ital1282,emerge,157,TRUE,Italian
nupe1254,eye,157,TRUE,Nupe-Nupe-Tako
poli1260,format,157,TRUE,Polish
port1283,commodity,157,TRUE,Portuguese
port1283,grades,157,FALSE,Portuguese
port1283,jade,157,TRUE,Portuguese
port1283,marginal,157,TRUE,Portuguese
sout1528,slave,157,FALSE,Serbian-Croatian-Bosnian
stan1288,controversial,157,TRUE,Spanish
stan1288,cracks,157,FALSE,Spanish
stan1288,impromptu,157,TRUE,Spanish
stan1288,tonal,157,TRUE,Spanish
stan1290,barges,157,FALSE,French
stan1290,confetti,157,TRUE,French
stan1290,exhaustive,157,FALSE,French
stan1290,franchises,157,FALSE,French
stan1290,vibrations,157,FALSE,French
swed1254,alarm,157,TRUE,Swedish
swed1254,arrest,157,TRUE,Swedish
swed1254,proportion,157,TRUE,Swedish
dutc1256,dampen,156,FALSE,Dutch
dutc1256,hate,156,TRUE,Dutch
dutc1256,ignorant,156,TRUE,Dutch
indo1316,filter,156,TRUE,Standard Indonesian
indo1316,lid,156,FALSE,Standard Indonesian
ital1282,click,156,FALSE,Italian
ital1282,narrative,156,TRUE,Italian
ital1282,zebra,156,TRUE,Italian
lati1261,agenda,156,FALSE,Latin
lati1261,biceps,156,FALSE,Latin
lati1261,complex,156,TRUE,Latin
lati1261,crescent,156,FALSE,Latin
lati1261,cube,156,TRUE,Latin
lati1261,delirium,156,TRUE,Latin
lati1261,resonant,156,FALSE,Latin
lati1261,uteri,156,FALSE,Latin
mand1415,intern,156,TRUE,Mandarin Chinese
maor1246,hope,156,FALSE,Maori
midd1317,man,156,FALSE,Middle English
olde1238,wig,156,FALSE,Old English (ca. 450-1100)
poli1260,patrol,156,TRUE,Polish
poli1260,tempo,156,TRUE,Polish
port1283,furor,156,TRUE,Portuguese
port1283,halter,156,FALSE,Portuguese
roma1327,dig,156,FALSE,Romanian
roma1327,electoral,156,TRUE,Romanian
roma1327,factor,156,TRUE,Romanian
roma1327,mental,156,FALSE,Romanian
roma1327,organ,156,TRUE,Romanian
scot1243,heft,156,FALSE,Scots
sout1528,hum,156,FALSE,Serbian-Croatian-Bosnian
stan1288,speakers,156,FALSE,Spanish
stan1290,cosmos,156,TRUE,French
stan1290,proton,156,TRUE,French
czec1258,humor,155,TRUE,Czech
dutc1256,aspect,155,TRUE,Dutch
dutc1256,establishment,155,TRUE,Dutch
dutc1256,mare,155,FALSE,Dutch
dutc1256,splinter,155,TRUE,Dutch
finn1318,file,155,FALSE,Finnish
hung1274,pal,155,FALSE,Hungarian
ital1282,elaborate,155,FALSE,Italian
lati1261,competent,155,FALSE,Latin
olde1238,hind,155,TRUE,Old English (ca. 450-1100)
oldf1239,lie,155,FALSE,Old French (842-ca. 1400)
oldn1244,help,155,FALSE,Old Norse
port1283,nominal,155,TRUE,Portuguese
roma1327,tale,155,FALSE,Romanian
scot1243,sells,155,FALSE,Scots
sout1528,major,155,TRUE,Serbian-Croatian-Bosnian
stan1288,custodian,155,FALSE,Spanish
stan1288,taro,155,TRUE,Spanish
stan1290,amateurs,155,FALSE,French
stan1290,arcane,155,TRUE,French
swed1254,central,155,TRUE,Swedish
tokp1240,slip,155,FALSE,Tok Pisin
afri1274,mantel,154,FALSE,Afrikaans
dani1285,job,154,TRUE,Danish
dani1285,taste,154,FALSE,Danish
dutc1256,attachment,154,TRUE,Dutch
dutc1256,cell,154,FALSE,Dutch
dutc1256,constant,154,TRUE,Dutch
dutc1256,interval,154,TRUE,Dutch
dutc1256,sliding,154,FALSE,Dutch
esto1258,tea,154,FALSE,Estonian
finn1318,hen,154,FALSE,Finnish
hung1274,verse,154,TRUE,Hungarian
ital1282,mandate,154,TRUE,Italian
ital1282,prosciutto,154,FALSE,Italian
kach1280,gun,154,FALSE,Southern Jinghpaw
lati1261,orchestra,154,TRUE,Latin
loui1240,baton,154,FALSE,Louisiana Creole French
nava1243,bid,154,FALSE,Navajo
nucl1301,hail,154,FALSE,Turkish
port1283,bob,154,FALSE,Portuguese
sout1528,plug,154,FALSE,Serbian-Croatian-Bosnian
sout1528,region,154,TRUE,Serbian-Croatian-Bosnian
sout1528,tor,154,FALSE,Serbian-Croatian-Bosnian
stan1288,congregate,154,FALSE,Spanish
stan1288,defended,154,FALSE,Spanish
stan1288,morale,154,FALSE,Spanish
stan1290,flyer,154,TRUE,French
stan1290,futures,154,FALSE,French
stan1290,matrices,154,FALSE,French
swed1254,hen,154,FALSE,Swedish
afri1274,tier,153,FALSE,Afrikaans
czec1258,pardon,153,TRUE,Czech
czec1258,polo,153,FALSE,Czech
dani1285,check,153,TRUE,Danish
dani1285,national,153,TRUE,Danish
dutc1256,console,153,TRUE,Dutch
icel1247,sex,153,TRUE,Icelandic
indo1316,volume,153,TRUE,Standard Indonesian
iris1253,shine,153,FALSE,Irish
ital1282,jockey,153,TRUE,Italian
ital1282,prerogative,153,TRUE,Italian
lati1261,stride,153,FALSE,Latin
poli1260,lunch,153,TRUE,Polish
poli1260,temperament,153,TRUE,Polish
port1283,denotes,153,FALSE,Portuguese
port1283,illegal,153,FALSE,Portuguese
port1283,linear,153,TRUE,Portuguese
roma1327,complex,153,TRUE,Romanian
roma1327,index,153,TRUE,Romanian
roma1327,trip,153,TRUE,Romanian
sout1528,bled,153,FALSE,Serbian-Croatian-Bosnian
sout1528,lake,153,TRUE,Serbian-Croatian-Bosnian
sout1528,sole,153,FALSE,Serbian-Croatian-Bosnian
stan1288,compost,153,TRUE,Spanish
stan1288,gangster,153,FALSE,Spanish
stan1290,acupuncture,153,TRUE,French
stan1290,hippie,153,TRUE,French
stan1290,hypertension,153,TRUE,French
stan1290,relies,153,FALSE,French
stan1290,skates,153,FALSE,French
stan1290,template,153,TRUE,French
swed1254,don,153,FALSE,Swedish
swed1254,flock,153,TRUE,Swedish
swed1254,major,153,TRUE,Swedish
wels1247,gist,153,FALSE,Welsh
wels1247,salad,153,TRUE,Welsh
afri1274,boon,152,FALSE,Afrikaans
afri1274,park,152,TRUE,Afrikaans
czec1258,gray,152,TRUE,Czech
dani1285,bud,152,FALSE,Danish
dani1285,march,152,TRUE,Danish
dutc1256,bully,152,TRUE,Dutch
dutc1256,drinker,152,TRUE,Dutch
dutc1256,special,152,TRUE,Dutch
dutc1256,spray,152,TRUE,Dutch
finn1318,join,152,FALSE,Finnish
hung1274,dug,152,FALSE,Hungarian
hung1274,hull,152,FALSE,Hungarian
hung1274,patent,152,TRUE,Hungarian
ital1282,amateur,152,TRUE,Italian
ital1282,intensive,152,FALSE,Italian
ital1282,online,152,TRUE,Italian
ital1282,wad,152,TRUE,Italian
lati1261,latex,152,FALSE,Latin
maor1246,poke,152,FALSE,Maori
nucl1301,basket,152,TRUE,Turkish
port1283,longitude,152,TRUE,Portuguese
port1283,mister,152,FALSE,Portuguese
roma1327,defect,152,TRUE,Romanian
roma1327,interval,152,TRUE,Romanian
roma1327,manual,152,TRUE,Romanian
scot1245,bile,152,FALSE,Scottish Gaelic
sout1528,grab,152,FALSE,Serbian-Croatian-Bosnian
sout1528,prime,152,FALSE,Serbian-Croatian-Bosnian
stan1288,tacos,152,FALSE,Spanish
stan1290,congruence,152,TRUE,French
stan1290,enzyme,152,TRUE,French
stan1290,influences,152,FALSE,French
stan1290,instincts,152,FALSE,French
swed1254,patent,152,TRUE,Swedish
swed1254,rare,152,FALSE,Swedish
czec1258,partner,151,TRUE,Czech
dani1285,self,151,FALSE,Danish
dutc1256,bruise,151,FALSE,Dutch
dutc1256,export,151,TRUE,Dutch
hung1274,ser,151,FALSE,Hungarian
hung1274,spray,151,TRUE,Hungarian
indo1316,stress,151,FALSE,Standard Indonesian
iris1253,altar,151,FALSE,Irish
ital1282,banana,151,TRUE,Italian
ital1282,farce,151,FALSE,Italian
ital1282,gondola,151,TRUE,Italian
ital1282,oppressive,151,FALSE,Italian
ital1282,sanguine,151,FALSE,Italian
ital1282,stretching,151,TRUE,Italian
lati1261,confines,151,FALSE,Latin
poli1260,flint,151,TRUE,Polish
poli1260,tenor,151,TRUE,Polish
poli1260,transparent,151,FALSE,Polish
port1283,ruins,151,FALSE,Portuguese
roma1327,domestic,151,TRUE,Romanian
stan1288,finite,151,FALSE,Spanish
stan1288,mucosa,151,TRUE,Spanish
stan1288,parole,151,TRUE,Spanish
stan1290,exports,151,FALSE,French
stan1295,totem,151,TRUE,German
swed1254,parts,151,FALSE,Swedish
swed1254,utter,151,FALSE,Swedish
afri1274,sent,150,FALSE,Afrikaans
afri1274,sole,150,FALSE,Afrikaans
czec1258,listen,150,FALSE,Czech
czec1258,tank,150,TRUE,Czech
dani1285,horn,150,TRUE,Danish
dani1285,police,150,FALSE,Danish
dani1285,tom,150,FALSE,Danish
dutc1256,convent,150,TRUE,Dutch
dutc1256,goal,150,TRUE,Dutch
haus1257,sake,150,FALSE,Hausa
hung1274,terror,150,TRUE,Hungarian
ital1282,infuse,150,FALSE,Italian
ital1282,trans,150,FALSE,Italian
mand1415,server,150,TRUE,Mandarin Chinese
nucl1301,gem,150,FALSE,Turkish
nucl1301,modern,150,TRUE,Turkish
poli1260,drew,150,FALSE,Polish
poli1260,ignorant,150,TRUE,Polish
port1283,foe,150,FALSE,Portuguese
port1283,gospel,150,TRUE,Portuguese
port1283,pedal,150,TRUE,Portuguese
roma1327,diplomatic,150,TRUE,Romanian
roma1327,horn,150,FALSE,Romanian
roma1327,minor,150,TRUE,Romanian
roma1327,specialist,150,TRUE,Romanian
roma1327,vie,150,FALSE,Romanian
sout1528,cure,150,TRUE,Serbian-Croatian-Bosnian
sout1528,mineral,150,TRUE,Serbian-Croatian-Bosnian
sout1528,pop,150,FALSE,Serbian-Croatian-Bosnian
stan1288,feral,150,TRUE,Spanish
stan1288,foyer,150,TRUE,Spanish
stan1288,tires,150,FALSE,Spanish
stan1290,fertilisation,150,FALSE,French
stan1290,furry,150,TRUE,French
swed1254,lime,150,TRUE,Swedish
afri1274,wolf,149,TRUE,Afrikaans
dutc1256,liter,149,TRUE,Dutch
dutc1256,regiment,149,TRUE,Dutch
dutc1256,rice,149,FALSE,Dutch
dutc1256,violet,149,TRUE,Dutch
finn1318,soul,149,TRUE,Finnish
iban1264,tan,149,FALSE,Iban
icel1247,fit,149,FALSE,Icelandic
lati1261,cites,149,FALSE,Latin
lati1261,errant,149,FALSE,Latin
lati1261,inordinate,149,FALSE,Latin
lati1261,recorder,149,FALSE,Latin
manx1243,side,149,FALSE,Manx
nucl1301,atom,149,TRUE,Turkish
pali1273,sure,149,FALSE,Pali
poli1260,mas,149,FALSE,Polish
port1283,rally,149,FALSE,Portuguese
port1283,tour,149,TRUE,Portuguese
roma1327,circular,149,TRUE,Romanian
roma1327,fan,149,TRUE,Romanian
roma1327,magnetic,149,TRUE,Romanian
roma1327,senior,149,TRUE,Romanian
roma1327,superficial,149,TRUE,Romanian
stan1288,barred,149,FALSE,Spanish
stan1288,laces,149,FALSE,Spanish
stan1288,parental,149,TRUE,Spanish
stan1288,sedate,149,TRUE,Spanish
stan1288,skater,149,TRUE,Spanish
stan1290,arises,149,FALSE,French
stan1290,laces,149,FALSE,French
stan1290,neutrons,149,FALSE,French
stan1290,sensations,149,FALSE,French
swed1254,plaster,149,FALSE,Swedish
swed1254,strand,149,FALSE,Swedish
tokp1240,gras,149,FALSE,Tok Pisin
tokp1240,mama,149,FALSE,Tok Pisin
dani1285,sand,148,TRUE,Danish
dutc1256,motto,148,TRUE,Dutch
dutc1256,poll,148,TRUE,Dutch
dutc1256,serpent,148,TRUE,Dutch
dutc1256,sneak,148,FALSE,Dutch
ital1282,canine,148,FALSE,Italian
ital1282,derivative,148,TRUE,Italian
ital1282,immune,148,TRUE,Italian
ital1282,inclusive,148,FALSE,Italian
ital1282,wireless,148,TRUE,Italian
nucl1301,tire,148,FALSE,Turkish
poli1260,establishment,148,TRUE,Polish
port1283,site,148,TRUE,Portuguese
roma1327,active,148,FALSE,Romanian
roma1327,disc,148,TRUE,Romanian
roma1327,gaze,148,FALSE,Romanian
sout1528,dare,148,FALSE,Serbian-Croatian-Bosnian
stan1288,excites,148,FALSE,Spanish
stan1290,porn,148,TRUE,French
stan1290,retriever,148,TRUE,French
stan1290,suspects,148,FALSE,French
stan1290,tycoon,148,TRUE,French
stan1290,vans,148,FALSE,French
stan1295,bilingual,148,TRUE,German
swed1254,fog,148,FALSE,Swedish
swed1254,minor,148,FALSE,Swedish
swed1254,pardon,148,FALSE,Swedish
afri1274,kin,147,FALSE,Afrikaans
dani1285,motor,147,TRUE,Danish
dani1285,slide,147,FALSE,Danish
dutc1256,amber,147,TRUE,Dutch
dutc1256,reservoir,147,TRUE,Dutch
dutc1256,sip,147,FALSE,Dutch
finn1318,sake,147,TRUE,Finnish
indo1316,rat,147,FALSE,Standard Indonesian
ital1282,liberate,147,FALSE,Italian
lati1261,pleas,147,FALSE,Latin
lati1261,polo,147,FALSE,Latin
lati1261,recreate,147,FALSE,Latin
nucl1301,pilot,147,TRUE,Turkish
poli1260,facet,147,FALSE,Polish
poli1260,queer,147,FALSE,Polish
poli1260,salon,147,TRUE,Polish
poli1260,telegram,147,TRUE,Polish
port1283,arena,147,TRUE,Portuguese
port1283,cite,147,TRUE,Portuguese
port1283,disparate,147,FALSE,Portuguese
port1283,feudal,147,TRUE,Portuguese
roma1327,comic,147,TRUE,Romanian
roma1327,est,147,FALSE,Romanian
roma1327,fault,147,TRUE,Romanian
roma1327,opera,147,FALSE,Romanian
roma1327,promise,147,TRUE,Romanian
roma1327,vast,147,TRUE,Romanian
scot1243,bury,147,TRUE,Scots
stan1288,chauffeur,147,FALSE,Spanish
stan1288,cooperate,147,TRUE,Spanish
stan1288,larval,147,TRUE,Spanish
stan1288,paranoia,147,TRUE,Spanish
stan1290,aches,147,FALSE,French
stan1290,twists,147,FALSE,French
stan1295,sexy,147,TRUE,German
swed1254,bare,147,FALSE,Swedish
swed1254,elegant,147,TRUE,Swedish
swed1254,uniform,147,TRUE,Swedish
taga1270,banal,147,FALSE,Tagalog
turk1304,biz,147,FALSE,Turkmen
wels1247,alcohol,147,TRUE,Welsh
dani1285,legal,146,TRUE,Danish
dani1285,sky,146,FALSE,Danish
dutc1256,crisis,146,TRUE,Dutch
dutc1256,restaurant,146,TRUE,Dutch
finn1318,fan,146,TRUE,Finnish
finn1318,twist,146,TRUE,Finnish
hung1274,lump,146,FALSE,Hungarian
ital1282,multiple,146,TRUE,Italian
lati1261,dilute,146,FALSE,Latin
lati1261,fracture,146,FALSE,Latin
poli1260,barn,146,TRUE,Polish
poli1260,tort,146,FALSE,Polish
stan1288,irreversible,146,TRUE,Spanish
stan1290,clitoris,146,TRUE,French
stan1290,moron,146,FALSE,French
stan1290,satellites,146,FALSE,French
stan1290,ultraviolet,146,TRUE,French
swed1254,legs,146,FALSE,Swedish
swed1254,rack,146,TRUE,Swedish
dani1285,pin,145,TRUE,Danish
dani1285,standard,145,TRUE,Danish
dutc1256,budget,145,TRUE,Dutch
dutc1256,shutter,145,FALSE,Dutch
indo1316,toilet,145,TRUE,Standard Indonesian
iris1253,arc,145,TRUE,Irish
ital1282,aggregate,145,TRUE,Italian
ital1282,resume,145,FALSE,Italian
lati1261,mediocre,145,TRUE,Latin
oldn1244,horn,145,TRUE,Old Norse
oldn1244,ill,145,FALSE,Old Norse
poli1260,banner,145,TRUE,Polish
port1283,catalogue,145,TRUE,Portuguese
port1283,maternal,145,TRUE,Portuguese
roma1327,artist,145,TRUE,Romanian
scot1245,built,145,FALSE,Scottish Gaelic
scot1245,coma,145,FALSE,Scottish Gaelic
soma1255,door,145,FALSE,Somali
sout1528,ocean,145,TRUE,Serbian-Croatian-Bosnian
sout2807,bona,145,FALSE,Southern Sotho
stan1288,ketchup,145,TRUE,Spanish
stan1288,sexy,145,TRUE,Spanish
stan1290,bogey,145,TRUE,French
stan1290,clans,145,FALSE,French
stan1290,magazines,145,FALSE,French
stan1290,signatures,145,FALSE,French
stan1290,zipper,145,FALSE,French
swed1254,app,145,TRUE,Swedish
swed1254,religion,145,TRUE,Swedish
swed1254,spy,145,FALSE,Swedish
wels1247,saws,145,FALSE,Welsh
afri1274,hemp,144,FALSE,Afrikaans
dani1285,held,144,FALSE,Danish
dutc1256,acute,144,FALSE,Dutch
dutc1256,allure,144,FALSE,Dutch
dutc1256,baron,144,TRUE,Dutch
ital1282,locomotive,144,TRUE,Italian
ital1282,trance,144,TRUE,Italian
lati1261,labium,144,TRUE,Latin
lati1261,valor,144,FALSE,Latin
olde1238,gang,144,FALSE,Old English (ca. 450-1100)
oldn1244,aura,144,FALSE,Old Norse
port1283,buffet,144,TRUE,Portuguese
port1283,mascara,144,FALSE,Portuguese
port1283,molar,144,TRUE,Portuguese
port1283,robe,144,FALSE,Portuguese
port1283,skeleton,144,TRUE,Portuguese
roma1327,cinema,144,TRUE,Romanian
roma1327,ornament,144,TRUE,Romanian
roma1327,palm,144,TRUE,Romanian
roma1327,socialist,144,TRUE,Romanian
sout1528,jug,144,FALSE,Serbian-Croatian-Bosnian
stan1288,eliminate,144,TRUE,Spanish
stan1288,jogging,144,TRUE,Spanish
stan1288,macaroni,144,TRUE,Spanish
stan1288,outsider,144,TRUE,Spanish
stan1288,prenatal,144,TRUE,Spanish
stan1288,timing,144,TRUE,Spanish
stan1290,cellophane,144,TRUE,French
stan1290,innovations,144,FALSE,French
stan1290,lithium,144,TRUE,French
stan1290,organise,144,TRUE,French
stan1290,prescient,144,TRUE,French
stan1295,bins,144,FALSE,German
stan1295,responsive,144,FALSE,German
stan1295,tentative,144,FALSE,German
swed1254,bro,144,FALSE,Swedish
swed1254,institution,144,TRUE,Swedish
taus1251,pay,144,FALSE,Tausug
afri1274,tower,143,FALSE,Afrikaans
clas1250,tin,143,FALSE,Classical Nahuatl
dani1285,fold,143,FALSE,Danish
dani1285,lever,143,FALSE,Danish
dutc1256,printer,143,TRUE,Dutch
dutc1256,route,143,TRUE,Dutch
dutc1256,verge,143,FALSE,Dutch
ital1282,flora,143,TRUE,Italian
ital1282,inanimate,143,FALSE,Italian
ital1282,terrier,143,TRUE,Italian
lati1261,arenas,143,FALSE,Latin
nucl1301,normal,143,TRUE,Turkish
port1283,canvas,143,TRUE,Portuguese
port1283,fracture,143,TRUE,Portuguese
roma1327,insult,143,TRUE,Romanian
roma1327,uniform,143,TRUE,Romanian
scot1245,dad,143,FALSE,Scottish Gaelic
stan1288,archive,143,FALSE,Spanish
stan1288,bisexual,143,TRUE,Spanish
stan1288,highlight,143,TRUE,Spanish
stan1288,hits,143,FALSE,Spanish
stan1288,spam,143,TRUE,Spanish
stan1289,una,143,FALSE,Catalan
stan1290,clips,143,FALSE,French
stan1290,membranes,143,FALSE,French
stan1290,stabilisation,143,TRUE,French
stan1295,stellar,143,TRUE,German
stan1306,beta,143,TRUE,Standard Malay
taga1270,gang,143,TRUE,Tagalog
wels1247,cares,143,FALSE,Welsh
afri1274,veg,142,FALSE,Afrikaans
czec1258,management,142,TRUE,Czech
dani1285,bred,142,FALSE,Danish
dani1285,given,142,FALSE,Danish
dani1285,handler,142,FALSE,Danish
dani1285,sat,142,FALSE,Danish
dani1285,tanker,142,TRUE,Danish
dutc1256,bob,142,TRUE,Dutch
dutc1256,pens,142,FALSE,Dutch
dutc1256,species,142,TRUE,Dutch
dutc1256,western,142,TRUE,Dutch
ital1282,cove,142,FALSE,Italian
ital1282,schema,142,TRUE,Italian
ital1282,stature,142,TRUE,Italian
lati1261,node,142,FALSE,Latin
nucl1301,papa,142,FALSE,Turkish
oldf1239,face,142,TRUE,Old French (842-ca. 1400)
poli1260,regiment,142,TRUE,Polish
poli1260,steward,142,TRUE,Polish
poli1260,tumult,142,TRUE,Polish
port1283,ages,142,FALSE,Portuguese
port1283,incentive,142,FALSE,Portuguese
port1283,magnitude,142,TRUE,Portuguese
roma1327,magic,142,TRUE,Romanian
roma1327,regret,142,TRUE,Romanian
roma1327,spin,142,FALSE,Romanian
slov1268,slab,142,FALSE,Slovenian
sout1528,kit,142,FALSE,Serbian-Croatian-Bosnian
sout1528,revolt,142,TRUE,Serbian-Croatian-Bosnian
stan1288,basal,142,TRUE,Spanish
stan1288,manicure,142,TRUE,Spanish
stan1290,crux,142,TRUE,French
swed1254,cell,142,TRUE,Swedish
swed1254,lull,142,FALSE,Swedish
swed1254,tick,142,TRUE,Swedish
czec1258,golf,141,TRUE,Czech
dutc1256,beginner,141,TRUE,Dutch
dutc1256,curry,141,TRUE,Dutch
dutc1256,monument,141,TRUE,Dutch
esto1258,range,141,FALSE,Estonian
indo1316,manual,141,TRUE,Standard Indonesian
iris1253,chill,141,FALSE,Irish
ital1282,indeterminate,141,FALSE,Italian
ital1282,rote,141,FALSE,Italian
ital1282,voucher,141,TRUE,Italian
lati1261,intestine,141,FALSE,Latin
poli1260,omen,141,TRUE,Polish
poli1260,squash,141,TRUE,Polish
port1283,hue,141,FALSE,Portuguese
port1283,taco,141,TRUE,Portuguese
port1283,vague,141,FALSE,Portuguese
port1283,veto,141,TRUE,Portuguese
roma1327,cool,141,TRUE,Romanian
roma1327,sin,141,FALSE,Romanian
scot1243,describe,141,TRUE,Scots
sout1528,severe,141,TRUE,Serbian-Croatian-Bosnian
stan1290,directives,141,FALSE,French
stan1290,drugstore,141,TRUE,French
stan1290,libido,141,TRUE,French
stan1290,qualitative,141,FALSE,French
stan1290,viral,141,TRUE,French
stan1295,informative,141,FALSE,German
stan1295,wills,141,FALSE,German
swed1254,patient,141,TRUE,Swedish
swed1254,sorry,141,TRUE,Swedish
wels1247,idol,141,TRUE,Welsh
wels1247,tab,141,TRUE,Welsh
czec1258,interval,140,TRUE,Czech
dutc1256,batter,140,FALSE,Dutch
dutc1256,brute,140,TRUE,Dutch
dutc1256,contrast,140,TRUE,Dutch
dutc1256,keeps,140,FALSE,Dutch
dutc1256,rape,140,FALSE,Dutch
hung1274,chip,140,FALSE,Hungarian
icel1247,und,140,FALSE,Icelandic
iris1253,jab,140,FALSE,Irish
ital1282,ballerina,140,TRUE,Italian
ital1282,massive,140,TRUE,Italian
ital1282,perverse,140,TRUE,Italian
lati1261,juncture,140,FALSE,Latin
lati1261,meter,140,FALSE,Latin
lati1261,residue,140,FALSE,Latin
lati1261,schema,140,FALSE,Latin
lati1261,signature,140,FALSE,Latin
olde1238,heap,140,TRUE,Old English (ca. 450-1100)
olde1238,mines,140,FALSE,Old English (ca. 450-1100)
poli1260,rosy,140,FALSE,Polish
port1283,reside,140,TRUE,Portuguese
port1283,sins,140,FALSE,Portuguese
roma1327,carbon,140,TRUE,Romanian
roma1327,concert,140,TRUE,Romanian
roma1327,manager,140,TRUE,Romanian
scot1245,aide,140,FALSE,Scottish Gaelic
soma1255,hay,140,FALSE,Somali
sout1528,tame,140,FALSE,Serbian-Croatian-Bosnian
stan1288,checks,140,FALSE,Spanish
stan1288,finale,140,FALSE,Spanish
stan1288,hepatitis,140,TRUE,Spanish
stan1290,immigrants,140,FALSE,French
stan1295,cache,140,TRUE,German
swed1254,charm,140,TRUE,Swedish
swed1254,element,140,TRUE,Swedish
dani1285,bone,139,FALSE,Danish
dani1285,civil,139,TRUE,Danish
dutc1256,corps,139,FALSE,Dutch
dutc1256,freak,139,TRUE,Dutch
dutc1256,hack,139,TRUE,Dutch
dutc1256,protector,139,TRUE,Dutch
dutc1256,spa,139,FALSE,Dutch
finn1318,teen,139,FALSE,Finnish
iban1264,pending,139,FALSE,Iban
indo1316,zone,139,FALSE,Standard Indonesian
ital1282,concede,139,FALSE,Italian
ital1282,elevate,139,FALSE,Italian
kawi1241,wan,139,FALSE,Kawi
lati1261,affluent,139,FALSE,Latin
lati1261,introduces,139,FALSE,Latin
lati1261,malignant,139,FALSE,Latin
midd1317,church,139,FALSE,Middle English
nucl1301,park,139,TRUE,Turkish
nucl1301,pop,139,TRUE,Turkish
olde1238,hors,139,FALSE,Old English (ca. 450-1100)
oldn1244,band,139,TRUE,Old Norse
port1283,dispense,139,TRUE,Portuguese
port1283,instrumental,139,TRUE,Portuguese
port1283,massacre,139,TRUE,Portuguese
scot1243,rift,139,FALSE,Scots
slov1269,had,139,FALSE,Slovak
sout1528,ham,139,FALSE,Serbian-Croatian-Bosnian
stan1288,bondage,139,TRUE,Spanish
stan1288,crepe,139,TRUE,Spanish
stan1288,kilometres,139,FALSE,Spanish
stan1288,troll,139,FALSE,Spanish
stan1288,yoga,139,TRUE,Spanish
stan1295,oranges,139,FALSE,German
swed1254,peg,139,FALSE,Swedish
afri1274,beset,138,FALSE,Afrikaans
czec1258,detail,138,TRUE,Czech
dani1285,tap,138,FALSE,Danish
dutc1256,libel,138,TRUE,Dutch
dutc1256,professor,138,TRUE,Dutch
dutc1256,strings,138,FALSE,Dutch
esto1258,real,138,FALSE,Estonian
indo1316,solar,138,TRUE,Standard Indonesian
iris1253,beach,138,FALSE,Irish
iris1253,bran,138,TRUE,Irish
ital1282,alibi,138,TRUE,Italian
lati1261,occupant,138,FALSE,Latin
lati1261,relapse,138,FALSE,Latin
manx1243,lane,138,FALSE,Manx
nucl1301,problem,138,TRUE,Turkish
oldf1239,cause,138,TRUE,Old French (842-ca. 1400)
port1283,brandy,138,TRUE,Portuguese
port1283,compliance,138,TRUE,Portuguese
roma1327,chin,138,FALSE,Romanian
roma1327,mini,138,TRUE,Romanian
roma1327,spiritual,138,TRUE,Romanian
scot1243,ate,138,FALSE,Scots
scot1243,wed,138,FALSE,Scots
sout1528,grip,138,FALSE,Serbian-Croatian-Bosnian
stan1288,grooves,138,FALSE,Spanish
stan1288,premier,138,TRUE,Spanish
stan1290,brides,138,FALSE,French
stan1290,briefing,138,TRUE,French
stan1290,coyote,138,TRUE,French
stan1290,fragmentation,138,TRUE,French
stan1290,sites,138,FALSE,French
stan1290,surfer,138,FALSE,French
stan1290,tunes,138,FALSE,French
swed1254,operation,138,TRUE,Swedish
swed1254,puff,138,TRUE,Swedish
wels1247,lemon,138,TRUE,Welsh
arom1237,cap,137,FALSE,Aromanian
dani1285,rang,137,FALSE,Danish
dutc1256,detail,137,TRUE,Dutch
dutc1256,extravagant,137,TRUE,Dutch
dutc1256,planter,137,TRUE,Dutch
dutc1256,professional,137,TRUE,Dutch
dutc1256,surplus,137,TRUE,Dutch
finn1318,bitter,137,TRUE,Finnish
indo1316,protein,137,TRUE,Standard Indonesian
indo1316,tang,137,FALSE,Standard Indonesian
iris1253,bob,137,TRUE,Irish
ital1282,handicap,137,TRUE,Italian
ital1282,incorporate,137,FALSE,Italian
lati1261,tolerate,137,FALSE,Latin
olde1238,med,137,FALSE,Old English (ca. 450-1100)
olds1249,sin,137,FALSE,Old Spanish
poli1260,ban,137,FALSE,Polish
poli1260,spray,137,TRUE,Polish
roma1327,grave,137,TRUE,Romanian
roma1327,splendid,137,TRUE,Romanian
slov1268,let,137,FALSE,Slovenian
sout1528,import,137,TRUE,Serbian-Croatian-Bosnian
stan1288,doctrines,137,FALSE,Spanish
stan1288,extras,137,FALSE,Spanish
stan1288,extremes,137,FALSE,Spanish
stan1290,paprika,137,TRUE,French
stan1290,permissive,137,FALSE,French
stan1290,pets,137,FALSE,French
stan1290,taro,137,TRUE,French
stan1295,khaki,137,TRUE,German
swed1254,atom,137,TRUE,Swedish
swed1254,gap,137,TRUE,Swedish
swed1254,simple,137,FALSE,Swedish
tokp1240,let,137,FALSE,Tok Pisin
tokp1240,wan,137,FALSE,Tok Pisin
wels1247,una,137,FALSE,Welsh
afri1274,elk,136,FALSE,Afrikaans
dutc1256,ether,136,TRUE,Dutch
dutc1256,opera,136,TRUE,Dutch
dutc1256,rep,136,FALSE,Dutch
dutc1256,theater,136,TRUE,Dutch
finn1318,passion,136,FALSE,Finnish
indo1316,internal,136,TRUE,Standard Indonesian
indo1316,verbal,136,TRUE,Standard Indonesian
iris1253,broth,136,FALSE,Irish
ital1282,pamphlet,136,TRUE,Italian
ital1282,revolver,136,TRUE,Italian
ital1282,satin,136,TRUE,Italian
lati1261,divides,136,FALSE,Latin
lati1261,mandate,136,FALSE,Latin
lati1261,mutant,136,FALSE,Latin
lati1261,rapture,136,FALSE,Latin
lith1251,mane,136,FALSE,Lithuanian
nucl1301,pound,136,TRUE,Turkish
olde1238,rim,136,FALSE,Old English (ca. 450-1100)
oldf1239,point,136,FALSE,Old French (842-ca. 1400)
poli1260,bastard,136,TRUE,Polish
port1283,mane,136,FALSE,Portuguese
port1283,passes,136,FALSE,Portuguese
port1283,regime,136,TRUE,Portuguese
roma1327,conform,136,FALSE,Romanian
roma1327,cord,136,TRUE,Romanian
roma1327,cure,136,FALSE,Romanian
roma1327,maxim,136,FALSE,Romanian
stan1288,multilateral,136,TRUE,Spanish
stan1288,paprika,136,FALSE,Spanish
stan1288,reserves,136,FALSE,Spanish
stan1290,directs,136,FALSE,French
stan1295,maximal,136,TRUE,German
stan1295,orbital,136,TRUE,German
swed1254,idiot,136,TRUE,Swedish
swed1254,stress,136,TRUE,Swedish
cebu1242,bang,135,FALSE,Cebuano
czec1258,expert,135,TRUE,Czech
czec1258,gin,135,TRUE,Czech
dani1285,human,135,TRUE,Danish
dani1285,river,135,FALSE,Danish
dani1285,tab,135,FALSE,Danish
dutc1256,gulp,135,FALSE,Dutch
dutc1256,halter,135,FALSE,Dutch
dutc1256,sets,135,FALSE,Dutch
ital1282,considerate,135,FALSE,Italian
ital1282,diesel,135,TRUE,Italian
lati1261,polenta,135,FALSE,Latin
lati1261,vulva,135,TRUE,Latin
mand1415,seafood,135,FALSE,Mandarin Chinese
nucl1301,lake,135,FALSE,Turkish
nucl1301,tank,135,TRUE,Turkish
olde1238,blind,135,TRUE,Old English (ca. 450-1100)
olde1238,dust,135,TRUE,Old English (ca. 450-1100)
poli1260,hardy,135,FALSE,Polish
poli1260,monument,135,TRUE,Polish
port1283,classes,135,FALSE,Portuguese
port1283,devise,135,FALSE,Portuguese
port1283,diocese,135,TRUE,Portuguese
port1283,informal,135,TRUE,Portuguese
port1283,perspective,135,FALSE,Portuguese
port1283,pesos,135,FALSE,Portuguese
port1283,torpedo,135,TRUE,Portuguese
roma1327,incident,135,TRUE,Romanian
roma1327,ram,135,TRUE,Romanian
roma1327,tender,135,TRUE,Romanian
scot1243,est,135,FALSE,Scots
sout1528,tutor,135,TRUE,Serbian-Croatian-Bosnian
stan1288,herbal,135,TRUE,Spanish
stan1288,relates,135,FALSE,Spanish
stan1288,resembles,135,FALSE,Spanish
stan1288,shakes,135,FALSE,Spanish
stan1290,breakers,135,FALSE,French
stan1290,candies,135,FALSE,French
stan1290,models,135,FALSE,French
stan1295,vegetative,135,FALSE,German
swed1254,bang,135,FALSE,Swedish
swed1254,disk,135,TRUE,Swedish
swed1254,orders,135,FALSE,Swedish
swed1254,sketch,135,TRUE,Swedish
czec1258,jar,134,FALSE,Czech
dani1285,gal,134,FALSE,Danish
dutc1256,hinge,134,FALSE,Dutch
dutc1256,lunch,134,TRUE,Dutch
dutc1256,spat,134,FALSE,Dutch
dutc1256,supporter,134,TRUE,Dutch
hung1274,farmer,134,TRUE,Hungarian
hung1274,reform,134,TRUE,Hungarian
indo1316,festival,134,TRUE,Standard Indonesian
ital1282,collide,134,FALSE,Italian
lati1261,agile,134,FALSE,Latin
lati1261,eradicate,134,FALSE,Latin
oldn1244,lands,134,FALSE,Old Norse
poli1260,lifting,134,FALSE,Polish
port1283,skate,134,FALSE,Portuguese
roma1327,lent,134,FALSE,Romanian
roma1327,transfer,134,TRUE,Romanian
roma1327,twist,134,TRUE,Romanian
sout1528,telegram,134,TRUE,Serbian-Croatian-Bosnian
stan1288,tundra,134,TRUE,Spanish
stan1290,cannabis,134,TRUE,French
stan1290,condom,134,TRUE,French
stan1290,thriller,134,TRUE,French
stan1290,trauma,134,TRUE,French
swed1254,rim,134,FALSE,Swedish
swed1254,tumult,134,TRUE,Swedish
taga1270,mayor,134,FALSE,Tagalog
taga1270,par,134,FALSE,Tagalog
afri1274,pond,133,FALSE,Afrikaans
czec1258,rebel,133,TRUE,Czech
dutc1256,urine,133,TRUE,Dutch
haus1257,hole,133,FALSE,Hausa
ital1282,bluff,133,TRUE,Italian
ital1282,facilitate,133,FALSE,Italian
ital1282,invade,133,FALSE,Italian
ital1282,picnic,133,TRUE,Italian
ital1282,polenta,133,TRUE,Italian
ital1282,recite,133,TRUE,Italian
kach1280,wan,133,FALSE,Southern Jinghpaw
lati1261,alpha,133,TRUE,Latin
lati1261,flagrant,133,FALSE,Latin
lati1261,paralysis,133,TRUE,Latin
olde1238,sand,133,TRUE,Old English (ca. 450-1100)
oldf1239,change,133,TRUE,Old French (842-ca. 1400)
port1283,editorial,133,TRUE,Portuguese
port1283,kernel,133,TRUE,Portuguese
port1283,realize,133,TRUE,Portuguese
port1283,worms,133,FALSE,Portuguese
roma1327,ocean,133,TRUE,Romanian
roma1327,radical,133,TRUE,Romanian
roma1327,virgin,133,TRUE,Romanian
soma1255,tan,133,FALSE,Somali
stan1288,coordinate,133,TRUE,Spanish
stan1288,descended,133,FALSE,Spanish
stan1288,jeep,133,TRUE,Spanish
stan1289,verbal,133,TRUE,Catalan
stan1290,assumes,133,FALSE,French
stan1290,projections,133,FALSE,French
stan1290,tarmac,133,TRUE,French
stan1290,township,133,TRUE,French
swed1254,expert,133,TRUE,Swedish
swed1254,obligation,133,FALSE,Swedish
taga1270,papa,133,FALSE,Tagalog
afri1274,burger,132,TRUE,Afrikaans
dani1285,clean,132,FALSE,Danish
dutc1256,community,132,TRUE,Dutch
dutc1256,navel,132,TRUE,Dutch
hung1274,junior,132,TRUE,Hungarian
iban1264,tin,132,TRUE,Iban
icel1247,fat,132,FALSE,Icelandic
indo1316,gap,132,TRUE,Standard Indonesian
indo1316,tender,132,TRUE,Standard Indonesian
iris1253,chip,132,FALSE,Irish
ital1282,bike,132,FALSE,Italian
ital1282,magnate,132,TRUE,Italian
ital1282,mosquito,132,TRUE,Italian
ital1282,pizza,132,TRUE,Italian
lati1261,contemplative,132,FALSE,Latin
lati1261,evaporate,132,FALSE,Latin
lati1261,exuberant,132,FALSE,Latin
lati1261,rode,132,FALSE,Latin
minn1241,sap,132,FALSE,Min Nan Chinese
olde1238,horses,132,FALSE,Old English (ca. 450-1100)
oldf1239,damage,132,TRUE,Old French (842-ca. 1400)
pali1273,gate,132,FALSE,Pali
poli1260,absurd,132,TRUE,Polish
poli1260,blond,132,TRUE,Polish
port1283,adhere,132,FALSE,Portuguese
port1283,arsenal,132,TRUE,Portuguese
port1283,profane,132,TRUE,Portuguese
port1283,quota,132,TRUE,Portuguese
roma1327,liberal,132,TRUE,Romanian
roma1327,swing,132,TRUE,Romanian
scot1245,tom,132,FALSE,Scottish Gaelic
stan1288,leasing,132,TRUE,Spanish
stan1290,halls,132,FALSE,French
stan1290,plutonium,132,TRUE,French
stan1290,propane,132,TRUE,French
stan1295,infertile,132,FALSE,German
stan1295,intrusive,132,FALSE,German
swed1254,moral,132,TRUE,Swedish
swed1254,slang,132,TRUE,Swedish
swed1254,team,132,TRUE,Swedish
taga1270,ate,132,FALSE,Tagalog
xhos1239,bona,132,FALSE,Xhosa
dani1285,sent,131,FALSE,Danish
dutc1256,bedding,131,FALSE,Dutch
dutc1256,resort,131,TRUE,Dutch
ital1282,bona,131,FALSE,Italian
ital1282,privacy,131,TRUE,Italian
ital1282,requisite,131,TRUE,Italian
lati1261,enigma,131,FALSE,Latin
lati1261,persistent,131,FALSE,Latin
lati1261,tester,131,FALSE,Latin
olde1238,worn,131,FALSE,Old English (ca. 450-1100)
poli1260,broker,131,TRUE,Polish
poli1260,whisky,131,TRUE,Polish
port1283,banner,131,TRUE,Portuguese
port1283,fraternal,131,TRUE,Portuguese
port1283,refute,131,TRUE,Portuguese
port1283,ski,131,FALSE,Portuguese
roma1327,holding,131,TRUE,Romanian
roma1327,testament,131,TRUE,Romanian
scot1243,affect,131,TRUE,Scots
scot1243,ment,131,FALSE,Scots
stan1288,bananas,131,FALSE,Spanish
stan1288,necrosis,131,TRUE,Spanish
stan1288,patina,131,FALSE,Spanish
stan1290,corral,131,TRUE,French
stan1290,jerks,131,FALSE,French
stan1290,mesa,131,TRUE,French
stan1295,putative,131,FALSE,German
stan1306,papa,131,FALSE,Standard Malay
swed1254,rake,131,FALSE,Swedish
swed1254,stare,131,FALSE,Swedish
swed1254,tub,131,FALSE,Swedish
taga1270,mas,131,FALSE,Tagalog
wels1247,blows,131,FALSE,Welsh
dutc1256,beware,130,FALSE,Dutch
dutc1256,dragon,130,FALSE,Dutch
dutc1256,sergeant,130,TRUE,Dutch
esto1258,read,130,FALSE,Estonian
finn1318,villa,130,TRUE,Finnish
hung1274,kid,130,FALSE,Hungarian
hung1274,tad,130,FALSE,Hungarian
indo1316,detail,130,TRUE,Standard Indonesian
iris1253,clip,130,FALSE,Irish
iris1253,pus,130,FALSE,Irish
lati1261,adamant,130,FALSE,Latin
lati1261,expanse,130,FALSE,Latin
manx1243,use,130,FALSE,Manx
mars1254,bar,130,FALSE,Marshallese
olde1238,bitter,130,FALSE,Old English (ca. 450-1100)
poli1260,album,130,TRUE,Polish
poli1260,arena,130,TRUE,Polish
port1283,defense,130,FALSE,Portuguese
port1283,trance,130,TRUE,Portuguese
roma1327,compact,130,TRUE,Romanian
roma1327,electronic,130,TRUE,Romanian
roma1327,format,130,TRUE,Romanian
roma1327,lateral,130,TRUE,Romanian
roma1327,rob,130,FALSE,Romanian
scot1245,bargain,130,FALSE,Scottish Gaelic
stan1288,doctorate,130,FALSE,Spanish
stan1288,thinner,130,TRUE,Spanish
stan1290,associations,130,FALSE,French
stan1290,contradictions,130,FALSE,French
stan1290,pizza,130,TRUE,French
stan1290,rhino,130,TRUE,French
swed1254,boss,130,TRUE,Swedish
swed1254,damp,130,FALSE,Swedish
swed1254,expedition,130,TRUE,Swedish
swed1254,jury,130,TRUE,Swedish
swed1254,slump,130,FALSE,Swedish
afri1274,spelling,129,TRUE,Afrikaans
chuu1238,men,129,FALSE,Chuukese
chuu1238,war,129,FALSE,Chuukese
dani1285,agent,129,TRUE,Danish
dani1285,brand,129,TRUE,Danish
dutc1256,chaos,129,TRUE,Dutch
hung1274,rum,129,TRUE,Hungarian
lati1261,canine,129,FALSE,Latin
lati1261,docile,129,FALSE,Latin
nucl1301,patron,129,FALSE,Turkish
oldn1244,barns,129,FALSE,Old Norse
poli1260,absent,129,FALSE,Polish
poli1260,alert,129,TRUE,Polish
poli1260,atlas,129,TRUE,Polish
poli1260,label,129,TRUE,Polish
poli1260,pastor,129,TRUE,Polish
poli1260,symptom,129,TRUE,Polish
port1283,digital,129,TRUE,Portuguese
port1283,loop,129,TRUE,Portuguese
roma1327,suspect,129,TRUE,Romanian
roma1327,taxi,129,TRUE,Romanian
scot1243,thank,129,TRUE,Scots
stan1288,combo,129,FALSE,Spanish
stan1288,emulate,129,TRUE,Spanish
stan1288,gym,129,TRUE,Spanish
stan1288,sticker,129,TRUE,Spanish
stan1290,moratorium,129,TRUE,French
stan1295,unorthodox,129,TRUE,German
stan1306,pupil,129,TRUE,Standard Malay
sume1241,man,129,FALSE,Sumerian
swed1254,administration,129,TRUE,Swedish
swed1254,pop,129,TRUE,Swedish
swed1254,relation,129,TRUE,Swedish
wels1247,ether,129,TRUE,Welsh
dani1285,blank,128,TRUE,Danish
dani1285,signal,128,TRUE,Danish
dutc1256,algebra,128,TRUE,Dutch
dutc1256,amuse,128,FALSE,Dutch
dutc1256,bees,128,FALSE,Dutch
dutc1256,drama,128,TRUE,Dutch
hung1274,diagram,128,TRUE,Hungarian
hung1274,paprika,128,TRUE,Hungarian
hung1274,whisky,128,TRUE,Hungarian
indo1316,regional,128,TRUE,Standard Indonesian
ital1282,drinks,128,FALSE,Italian
ital1282,monitor,128,TRUE,Italian
ital1282,surf,128,FALSE,Italian
lati1261,cannabis,128,TRUE,Latin
lati1261,contingent,128,FALSE,Latin
lati1261,nebulae,128,FALSE,Latin
lati1261,psyche,128,FALSE,Latin
lati1261,terse,128,FALSE,Latin
midd1317,book,128,FALSE,Middle English
poli1260,planet,128,TRUE,Polish
port1283,curry,128,TRUE,Portuguese
port1283,dialogue,128,FALSE,Portuguese
port1283,panorama,128,TRUE,Portuguese
roma1327,sentimental,128,TRUE,Romanian
roma1327,urgent,128,TRUE,Romanian
sout1528,era,128,TRUE,Serbian-Croatian-Bosnian
sout1528,vile,128,FALSE,Serbian-Croatian-Bosnian
stan1288,bingo,128,TRUE,Spanish
stan1288,refrigerate,128,TRUE,Spanish
stan1290,baskets,128,FALSE,French
stan1290,couscous,128,TRUE,French
stan1290,districts,128,FALSE,French
stan1290,poses,128,FALSE,French
afri1274,rob,127,FALSE,Afrikaans
czec1258,dome,127,FALSE,Czech
dutc1256,crash,127,TRUE,Dutch
finn1318,dealer,127,FALSE,Finnish
hung1274,mini,127,FALSE,Hungarian
iris1253,loin,127,FALSE,Irish
ital1282,ghetto,127,TRUE,Italian
lati1261,negotiate,127,FALSE,Latin
lith1251,plane,127,FALSE,Lithuanian
nucl1301,biz,127,FALSE,Turkish
olde1238,bet,127,FALSE,Old English (ca. 450-1100)
poli1260,boom,127,TRUE,Polish
port1283,suspense,127,TRUE,Portuguese
roma1327,joint,127,TRUE,Romanian
roma1327,poem,127,TRUE,Romanian
roma1327,prompt,127,TRUE,Romanian
sout1528,farmer,127,TRUE,Serbian-Croatian-Bosnian
stan1288,dimensional,127,TRUE,Spanish
stan1288,distaste,127,FALSE,Spanish
stan1288,meetings,127,FALSE,Spanish
stan1288,motel,127,TRUE,Spanish
stan1288,okay,127,FALSE,Spanish
stan1290,bouquets,127,FALSE,French
stan1290,canes,127,FALSE,French
stan1306,meter,127,TRUE,Standard Malay
swed1254,ark,127,TRUE,Swedish
swed1254,mode,127,FALSE,Swedish
swed1254,noble,127,FALSE,Swedish
swed1254,reform,127,TRUE,Swedish
czec1258,data,126,TRUE,Czech
dani1285,proper,126,FALSE,Danish
dutc1256,gilt,126,FALSE,Dutch
dutc1256,gist,126,FALSE,Dutch
dutc1256,incident,126,TRUE,Dutch
dutc1256,series,126,TRUE,Dutch
finn1318,nun,126,TRUE,Finnish
hung1274,gall,126,FALSE,Hungarian
indo1316,wagon,126,FALSE,Standard Indonesian
ital1282,capita,126,FALSE,Italian
ital1282,favorite,126,TRUE,Italian
ital1282,progressive,126,TRUE,Italian
ital1282,scenario,126,TRUE,Italian
ital1282,spaghetti,126,TRUE,Italian
ital1282,terminate,126,FALSE,Italian
kawi1241,air,126,FALSE,Kawi
midd1317,make,126,TRUE,Middle English
poli1260,tutor,126,TRUE,Polish
port1283,atlas,126,TRUE,Portuguese
port1283,mines,126,FALSE,Portuguese
port1283,primordial,126,TRUE,Portuguese
roma1327,rebel,126,TRUE,Romanian
scot1243,acquaintance,126,FALSE,Scots
stan1288,bikini,126,TRUE,Spanish
stan1288,chol,126,FALSE,Spanish
stan1288,conglomerate,126,TRUE,Spanish
stan1288,expatriate,126,FALSE,Spanish
stan1288,morgue,126,TRUE,Spanish
stan1288,roster,126,TRUE,Spanish
stan1288,safari,126,TRUE,Spanish
stan1290,doping,126,TRUE,French
stan1290,fontanelle,126,TRUE,French
swed1254,basket,126,FALSE,Swedish
wels1247,carbon,126,TRUE,Welsh
czec1258,disk,125,TRUE,Czech
dani1285,tin,125,TRUE,Danish
dutc1256,monarch,125,TRUE,Dutch
dutc1256,shovel,125,FALSE,Dutch
dutc1256,stink,125,TRUE,Dutch
esto1258,sort,125,TRUE,Estonian
finn1318,ripe,125,FALSE,Finnish
ital1282,bonus,125,TRUE,Italian
ital1282,compassionate,125,FALSE,Italian
ital1282,euro,125,TRUE,Italian
ital1282,festive,125,FALSE,Italian
ital1282,terse,125,FALSE,Italian
ital1282,virus,125,TRUE,Italian
lush1249,rim,125,FALSE,Mizo
manx1243,share,125,FALSE,Manx
nucl1301,gene,125,TRUE,Turkish
nucl1643,karate,125,FALSE,Japanese
olde1238,ran,125,FALSE,Old English (ca. 450-1100)
poli1260,chaos,125,TRUE,Polish
port1283,auditor,125,TRUE,Portuguese
port1283,recall,125,TRUE,Portuguese
port1283,sus,125,FALSE,Portuguese
roma1327,absent,125,TRUE,Romanian
roma1327,bob,125,TRUE,Romanian
roma1327,link,125,TRUE,Romanian
roma1327,universal,125,TRUE,Romanian
scot1243,mon,125,FALSE,Scots
stan1288,anorexia,125,TRUE,Spanish
stan1288,migrate,125,TRUE,Spanish
stan1290,box-office,125,FALSE,French
stan1290,inventions,125,FALSE,French
stan1290,labels,125,FALSE,French
stan1290,segments,125,FALSE,French
stan1290,transmissions,125,FALSE,French
swed1254,mage,125,FALSE,Swedish
swed1254,vistas,125,FALSE,Swedish
dani1285,rat,124,FALSE,Danish
dani1285,save,124,FALSE,Danish
dutc1256,conflict,124,TRUE,Dutch
dutc1256,garage,124,TRUE,Dutch
dutc1256,museum,124,TRUE,Dutch
finn1318,basis,124,TRUE,Finnish
finn1318,design,124,TRUE,Finnish
hung1274,hem,124,FALSE,Hungarian
hung1274,puzzle,124,TRUE,Hungarian
ital1282,speculative,124,FALSE,Italian
ital1282,tinge,124,FALSE,Italian
lati1261,captives,124,FALSE,Latin
lati1261,irate,124,FALSE,Latin
nucl1301,program,124,TRUE,Turkish
pala1344,bad,124,FALSE,Palauan
poli1260,prominent,124,FALSE,Polish
port1283,compete,124,FALSE,Portuguese
port1283,cultural,124,TRUE,Portuguese
port1283,formula,124,FALSE,Portuguese
port1283,inches,124,FALSE,Portuguese
roma1327,dramatic,124,TRUE,Romanian
roma1327,orchestra,124,FALSE,Romanian
roma1327,print,124,TRUE,Romanian
roma1327,status,124,TRUE,Romanian
stan1288,campus,124,TRUE,Spanish
stan1288,injuries,124,FALSE,Spanish
stan1288,ornate,124,FALSE,Spanish
stan1288,pecan,124,FALSE,Spanish
stan1288,tequila,124,TRUE,Spanish
stan1290,ambivalent,124,TRUE,French
stan1290,babies,124,FALSE,French
stan1290,circuits,124,FALSE,French
stan1290,cliche,124,FALSE,French
swed1254,husband,124,FALSE,Swedish
swed1254,lands,124,FALSE,Swedish
swed1254,pudding,124,TRUE,Swedish
wels1247,trio,124,FALSE,Welsh
czec1258,cop,123,FALSE,Czech
czec1258,frank,123,FALSE,Czech
czec1258,item,123,FALSE,Czech
dani1285,hammer,123,TRUE,Danish
dani1285,split,123,FALSE,Danish
dani1285,sure,123,FALSE,Danish
dutc1256,chef,123,TRUE,Dutch
dutc1256,cheque,123,TRUE,Dutch
dutc1256,rails,123,TRUE,Dutch
dutc1256,studio,123,TRUE,Dutch
esto1258,loom,123,FALSE,Estonian
indo1316,pet,123,FALSE,Standard Indonesian
ital1282,pallet,123,TRUE,Italian
lati1261,consortium,123,FALSE,Latin
lati1261,nemesis,123,TRUE,Latin
mand1415,certify,123,FALSE,Mandarin Chinese
olde1238,bite,123,FALSE,Old English (ca. 450-1100)
oldf1239,noise,123,TRUE,Old French (842-ca. 1400)
oldf1239,service,123,FALSE,Old French (842-ca. 1400)
poli1260,spinning,123,FALSE,Polish
port1283,container,123,FALSE,Portuguese
port1283,facto,123,FALSE,Portuguese
port1283,herpes,123,TRUE,Portuguese
port1283,interfere,123,FALSE,Portuguese
port1283,oxide,123,FALSE,Portuguese
port1283,votes,123,FALSE,Portuguese
roma1327,banal,123,TRUE,Romanian
roma1327,fragment,123,TRUE,Romanian
roma1327,rigid,123,TRUE,Romanian
sout1528,drama,123,TRUE,Serbian-Croatian-Bosnian
sout1528,smoking,123,FALSE,Serbian-Croatian-Bosnian
stan1288,aboriginal,123,FALSE,Spanish
stan1288,discernible,123,TRUE,Spanish
stan1288,impasse,123,TRUE,Spanish
stan1288,retriever,123,TRUE,Spanish
stan1290,additive,123,FALSE,French
stan1290,calories,123,FALSE,French
stan1290,horizons,123,FALSE,French
stan1290,macho,123,TRUE,French
swed1254,hell,123,FALSE,Swedish
swed1254,sake,123,FALSE,Swedish
swed1254,sill,123,FALSE,Swedish
swed1254,sly,123,FALSE,Swedish
czec1258,lily,122,FALSE,Czech
dutc1256,carbon,122,TRUE,Dutch
dutc1256,elders,122,FALSE,Dutch
indo1316,gram,122,TRUE,Standard Indonesian
indo1316,malaria,122,TRUE,Standard Indonesian
indo1316,visual,122,TRUE,Standard Indonesian
ital1282,circulate,122,FALSE,Italian
ital1282,rigor,122,FALSE,Italian
ital1282,starter,122,TRUE,Italian
ital1282,stigma,122,TRUE,Italian
lati1261,asthma,122,TRUE,Latin
lati1261,component,122,FALSE,Latin
lati1261,legislator,122,TRUE,Latin
lati1261,motor,122,FALSE,Latin
lati1261,syringe,122,FALSE,Latin
nucl1301,opera,122,TRUE,Turkish
poli1260,auto,122,FALSE,Polish
port1283,dual,122,TRUE,Portuguese
port1283,zebra,122,TRUE,Portuguese
roma1327,bloc,122,TRUE,Romanian
roma1327,mate,122,TRUE,Romanian
stan1288,bipolar,122,TRUE,Spanish
stan1288,fixture,122,TRUE,Spanish
stan1288,libido,122,TRUE,Spanish
stan1288,magma,122,TRUE,Spanish
stan1290,fades,122,FALSE,French
stan1290,goals,122,FALSE,French
stan1290,proposes,122,FALSE,French
swed1254,lies,122,FALSE,Swedish
swed1254,palm,122,TRUE,Swedish
swed1254,sudden,122,FALSE,Swedish
afri1274,staking,121,FALSE,Afrikaans
czec1258,lament,121,TRUE,Czech
czec1258,patch,121,TRUE,Czech
dutc1256,brink,121,FALSE,Dutch
dutc1256,monitor,121,TRUE,Dutch
dutc1256,pose,121,TRUE,Dutch
esto1258,auto,121,FALSE,Estonian
esto1258,sale,121,FALSE,Estonian
hung1274,export,121,TRUE,Hungarian
icel1247,farm,121,FALSE,Icelandic
indo1316,diagram,121,TRUE,Standard Indonesian
ital1282,adequate,121,FALSE,Italian
lati1261,recipient,121,FALSE,Latin
nucl1301,motive,121,FALSE,Turkish
poli1260,drama,121,TRUE,Polish
poli1260,folk,121,TRUE,Polish
poli1260,polar,121,TRUE,Polish
port1283,exhale,121,TRUE,Portuguese
port1283,nocturnal,121,FALSE,Portuguese
port1283,parasite,121,FALSE,Portuguese
roma1327,beam,121,FALSE,Romanian
roma1327,circuit,121,TRUE,Romanian
roma1327,medic,121,FALSE,Romanian
roma1327,mere,121,FALSE,Romanian
roma1327,modem,121,TRUE,Romanian
roma1327,pardon,121,TRUE,Romanian
roma1327,plug,121,FALSE,Romanian
scot1245,tug,121,FALSE,Scottish Gaelic
sout1528,motive,121,TRUE,Serbian-Croatian-Bosnian
sout1528,partner,121,TRUE,Serbian-Croatian-Bosnian
stan1288,ensemble,121,TRUE,Spanish
stan1288,glamour,121,FALSE,Spanish
stan1288,medial,121,FALSE,Spanish
stan1288,reptiles,121,FALSE,Spanish
stan1290,denim,121,TRUE,French
stan1290,freelance,121,TRUE,French
stan1290,khaki,121,FALSE,French
stan1290,mafia,121,TRUE,French
stan1290,pesticide,121,TRUE,French
stan1295,newer,121,FALSE,German
stan1295,repressive,121,FALSE,German
swed1254,ebb,121,TRUE,Swedish
swed1254,kid,121,FALSE,Swedish
swed1254,liberal,121,TRUE,Swedish
swed1254,stack,121,TRUE,Swedish
taga1270,key,121,FALSE,Tagalog
wels1247,warden,121,TRUE,Welsh
afri1274,beet,120,FALSE,Afrikaans
afri1274,dye,120,FALSE,Afrikaans
cebu1242,mental,120,TRUE,Cebuano
dani1285,bold,120,FALSE,Danish
dani1285,tor,120,FALSE,Danish
dutc1256,absolute,120,TRUE,Dutch
dutc1256,alien,120,TRUE,Dutch
dutc1256,instinct,120,TRUE,Dutch
dutc1256,wad,120,FALSE,Dutch
hawa1245,pea,120,FALSE,Hawaiian
hung1274,monitor,120,TRUE,Hungarian
iris1253,halt,120,FALSE,Irish
ital1282,bowling,120,TRUE,Italian
ital1282,saloon,120,TRUE,Italian
lati1261,continues,120,FALSE,Latin
lati1261,emeritus,120,FALSE,Latin
lati1261,exclusive,120,FALSE,Latin
lati1261,navigator,120,FALSE,Latin
nucl1301,salon,120,FALSE,Turkish
poli1260,junior,120,TRUE,Polish
poli1260,minimum,120,TRUE,Polish
port1283,admire,120,TRUE,Portuguese
port1283,crimes,120,FALSE,Portuguese
port1283,folk,120,TRUE,Portuguese
port1283,stack,120,TRUE,Portuguese
roma1327,cart,120,TRUE,Romanian
roma1327,planning,120,TRUE,Romanian
sout1528,sob,120,FALSE,Serbian-Croatian-Bosnian
stan1288,critique,120,FALSE,Spanish
stan1288,sombre,120,FALSE,Spanish
stan1290,bugs,120,FALSE,French
stan1290,corresponds,120,FALSE,French
stan1290,cortex,120,TRUE,French
stan1290,fictive,120,FALSE,French
stan1290,illustrative,120,FALSE,French
stan1290,mutant,120,TRUE,French
stan1290,watts,120,FALSE,French
swed1254,hind,120,TRUE,Swedish
swed1254,pistol,120,TRUE,Swedish
swed1254,vision,120,TRUE,Swedish
tokp1240,papa,120,TRUE,Tok Pisin
dutc1256,data,119,TRUE,Dutch
dutc1256,dessert,119,TRUE,Dutch
dutc1256,kale,119,FALSE,Dutch
dutc1256,opium,119,TRUE,Dutch
dutc1256,piercing,119,TRUE,Dutch
dutc1256,ventilator,119,TRUE,Dutch
finn1318,ale,119,TRUE,Finnish
finn1318,poke,119,FALSE,Finnish
finn1318,rein,119,FALSE,Finnish
hung1274,bob,119,TRUE,Hungarian
hung1274,gal,119,FALSE,Hungarian
indo1316,uterus,119,TRUE,Standard Indonesian
ital1282,boxer,119,TRUE,Italian
ital1282,souvenir,119,TRUE,Italian
lati1261,evacuate,119,FALSE,Latin
lati1261,fans,119,FALSE,Latin
lati1261,provides,119,FALSE,Latin
lati1261,urges,119,FALSE,Latin
nucl1301,jet,119,TRUE,Turkish
pedi1238,nose,119,FALSE,Pedi
poli1260,trans,119,FALSE,Polish
port1283,agenda,119,TRUE,Portuguese
port1283,surge,119,FALSE,Portuguese
roma1327,alcohol,119,FALSE,Romanian
roma1327,contrast,119,TRUE,Romanian
roma1327,delicate,119,TRUE,Romanian
roma1327,fundamental,119,TRUE,Romanian
roma1327,gras,119,FALSE,Romanian
roma1327,media,119,FALSE,Romanian
roma1327,soul,119,TRUE,Romanian
roma1327,underground,119,TRUE,Romanian
roma1327,video,119,TRUE,Romanian
sout1528,video,119,TRUE,Serbian-Croatian-Bosnian
stan1288,detrimental,119,TRUE,Spanish
stan1288,detritus,119,TRUE,Spanish
stan1288,halibut,119,TRUE,Spanish
stan1288,refractor,119,TRUE,Spanish
stan1288,simulate,119,TRUE,Spanish
stan1290,crises,119,FALSE,French
stan1290,golfer,119,FALSE,French
stan1290,grapefruit,119,TRUE,French
stan1290,volleyball,119,FALSE,French
swed1254,formation,119,TRUE,Swedish
swed1254,gig,119,TRUE,Swedish
swed1254,poem,119,TRUE,Swedish
swed1254,tent,119,FALSE,Swedish
afri1274,ham,118,TRUE,Afrikaans
afri1274,helm,118,FALSE,Afrikaans
czec1258,sex,118,TRUE,Czech
czec1258,stadium,118,FALSE,Czech
dani1285,son,118,FALSE,Danish
dutc1256,sneer,118,FALSE,Dutch
hung1274,gang,118,FALSE,Hungarian
indo1316,alter,118,TRUE,Standard Indonesian
indo1316,ideal,118,TRUE,Standard Indonesian
indo1316,oven,118,TRUE,Standard Indonesian
iris1253,cab,118,FALSE,Irish
iris1253,seas,118,FALSE,Irish
ital1282,commune,118,FALSE,Italian
ital1282,confetti,118,TRUE,Italian
ital1282,cute,118,FALSE,Italian
ital1282,decade,118,TRUE,Italian
ital1282,ego,118,TRUE,Italian
ital1282,mister,118,TRUE,Italian
ital1282,nude,118,TRUE,Italian
ital1282,sabre,118,FALSE,Italian
ital1282,speculate,118,FALSE,Italian
ladi1251,get,118,FALSE,Ladino
lati1261,confidant,118,FALSE,Latin
lati1261,juvenile,118,FALSE,Latin
nucl1301,planet,118,TRUE,Turkish
nucl1301,pus,118,FALSE,Turkish
olde1238,ear,118,TRUE,Old English (ca. 450-1100)
olde1238,mare,118,FALSE,Old English (ca. 450-1100)
olde1238,net,118,FALSE,Old English (ca. 450-1100)
oldf1239,age,118,FALSE,Old French (842-ca. 1400)
poli1260,polka,118,TRUE,Polish
poli1260,reporter,118,TRUE,Polish
port1283,cartel,118,TRUE,Portuguese
port1283,explode,118,TRUE,Portuguese
port1283,fins,118,FALSE,Portuguese
port1283,golf,118,FALSE,Portuguese
roma1327,jet,118,TRUE,Romanian
roma1327,mile,118,TRUE,Romanian
roma1327,solemn,118,TRUE,Romanian
roma1327,speaker,118,TRUE,Romanian
roma1327,vapor,118,TRUE,Romanian
scot1245,pill,118,FALSE,Scottish Gaelic
soma1255,fur,118,FALSE,Somali
sout1528,idiot,118,TRUE,Serbian-Croatian-Bosnian
stan1288,discriminate,118,TRUE,Spanish
stan1288,feces,118,FALSE,Spanish
stan1290,best-seller,118,FALSE,French
stan1290,concepts,118,FALSE,French
stan1290,ponds,118,FALSE,French
stan1290,supra,118,TRUE,French
stan1290,wedges,118,FALSE,French
stan1295,additive,118,FALSE,German
swed1254,gin,118,TRUE,Swedish
swed1254,gross,118,FALSE,Swedish
swed1254,lunch,118,TRUE,Swedish
tokp1240,bus,118,FALSE,Tok Pisin
czec1258,ruby,117,FALSE,Czech
dani1285,bitter,117,TRUE,Danish
dani1285,test,117,TRUE,Danish
dutc1256,bolster,117,TRUE,Dutch
dutc1256,equivalent,117,TRUE,Dutch
dutc1256,sage,117,FALSE,Dutch
dutc1256,steward,117,TRUE,Dutch
indo1316,ajar,117,FALSE,Standard Indonesian
indo1316,log,117,FALSE,Standard Indonesian
indo1316,mantel,117,TRUE,Standard Indonesian
indo1316,pat,117,FALSE,Standard Indonesian
iris1253,ham,117,FALSE,Irish
iris1253,tom,117,FALSE,Irish
ital1282,agenda,117,TRUE,Italian
ital1282,assimilate,117,FALSE,Italian
lati1261,corporate,117,FALSE,Latin
lati1261,dares,117,FALSE,Latin
lati1261,observes,117,FALSE,Latin
lith1251,ate,117,FALSE,Lithuanian
olde1238,ham,117,FALSE,Old English (ca. 450-1100)
olde1238,spell,117,FALSE,Old English (ca. 450-1100)
oldf1239,colour,117,FALSE,Old French (842-ca. 1400)
pali1273,tar,117,FALSE,Pali
port1283,colonial,117,TRUE,Portuguese
port1283,eventual,117,TRUE,Portuguese
roma1327,adept,117,FALSE,Romanian
roma1327,solar,117,TRUE,Romanian
roma1327,whisky,117,TRUE,Romanian
sout1528,talent,117,TRUE,Serbian-Croatian-Bosnian
stan1288,arenas,117,FALSE,Spanish
stan1288,bulldozer,117,TRUE,Spanish
stan1288,carcinoma,117,TRUE,Spanish
stan1288,tackles,117,FALSE,Spanish
stan1290,abrasive,117,TRUE,French
stan1290,avenues,117,FALSE,French
stan1290,diversification,117,TRUE,French
stan1290,natures,117,FALSE,French
stan1295,simpler,117,FALSE,German
czec1258,dare,116,FALSE,Czech
czec1258,diagram,116,TRUE,Czech
czec1258,import,116,TRUE,Czech
czec1258,semen,116,TRUE,Czech
dani1285,mild,116,TRUE,Danish
dutc1256,genie,116,FALSE,Dutch
dutc1256,satire,116,TRUE,Dutch
esto1258,east,116,FALSE,Estonian
esto1258,hall,116,TRUE,Estonian
finn1318,puff,116,FALSE,Finnish
geda1237,pain,116,FALSE,Gedaged
icel1247,odd,116,FALSE,Icelandic
indo1316,bayonet,116,TRUE,Standard Indonesian
ital1282,deteriorate,116,FALSE,Italian
lati1261,circulate,116,FALSE,Latin
nucl1301,festival,116,TRUE,Turkish
olde1238,dung,116,FALSE,Old English (ca. 450-1100)
olde1238,friend,116,FALSE,Old English (ca. 450-1100)
poli1260,shopping,116,TRUE,Polish
port1283,colossal,116,TRUE,Portuguese
port1283,gel,116,TRUE,Portuguese
port1283,replica,116,FALSE,Portuguese
port1283,splash,116,TRUE,Portuguese
roma1327,inspector,116,TRUE,Romanian
roma1327,intern,116,TRUE,Romanian
sout1528,rival,116,TRUE,Serbian-Croatian-Bosnian
stan1288,bourbon,116,TRUE,Spanish
stan1288,confetti,116,FALSE,Spanish
stan1288,formulate,116,TRUE,Spanish
stan1288,motives,116,FALSE,Spanish
stan1290,bananas,116,FALSE,French
stan1290,fluctuations,116,FALSE,French
stan1290,noises,116,FALSE,French
stan1290,parka,116,TRUE,French
swed1254,chef,116,TRUE,Swedish
swed1254,liar,116,FALSE,Swedish
swed1254,partner,116,TRUE,Swedish
taga1270,altar,116,TRUE,Tagalog
taga1270,ban,116,FALSE,Tagalog
wels1247,closet,116,TRUE,Welsh
cebu1242,standing,115,FALSE,Cebuano
czec1258,ser,115,FALSE,Czech
dani1285,alarm,115,TRUE,Danish
dutc1256,ballet,115,TRUE,Dutch
dutc1256,bug,115,TRUE,Dutch
dutc1256,fragment,115,TRUE,Dutch
dutc1256,intelligent,115,TRUE,Dutch
dutc1256,jog,115,FALSE,Dutch
finn1318,pure,115,FALSE,Finnish
icel1247,hold,115,FALSE,Icelandic
indo1316,museum,115,TRUE,Standard Indonesian
indo1316,semen,115,TRUE,Standard Indonesian
ital1282,clearance,115,TRUE,Italian
ital1282,conclusive,115,FALSE,Italian
ital1282,definitive,115,FALSE,Italian
ital1282,embargo,115,TRUE,Italian
ital1282,isolate,115,FALSE,Italian
lati1261,lava,115,TRUE,Latin
lati1261,mites,115,FALSE,Latin
lati1261,speculative,115,FALSE,Latin
lati1261,tapes,115,FALSE,Latin
lati1261,triumphant,115,FALSE,Latin
magu1243,mama,115,FALSE,Maguindanao
port1283,alien,115,TRUE,Portuguese
port1283,cereal,115,TRUE,Portuguese
port1283,minutes,115,FALSE,Portuguese
port1283,pays,115,FALSE,Portuguese
port1283,tornado,115,TRUE,Portuguese
roma1327,calculator,115,TRUE,Romanian
roma1327,cardinal,115,TRUE,Romanian
roma1327,flame,115,FALSE,Romanian
roma1327,naval,115,TRUE,Romanian
sout1528,opera,115,TRUE,Serbian-Croatian-Bosnian
stan1288,aficionados,115,FALSE,Spanish
stan1288,bungalow,115,TRUE,Spanish
stan1288,heterosexual,115,TRUE,Spanish
stan1290,cassettes,115,FALSE,French
stan1290,feedback,115,TRUE,French
stan1290,science-fiction,115,FALSE,French
swah1253,file,115,TRUE,Swahili
swed1254,professor,115,TRUE,Swedish
chuu1238,pin,114,FALSE,Chuukese
dutc1256,greens,114,FALSE,Dutch
dutc1256,malt,114,TRUE,Dutch
dutc1256,projector,114,TRUE,Dutch
dutc1256,woven,114,FALSE,Dutch
esto1258,arm,114,FALSE,Estonian
esto1258,tube,114,FALSE,Estonian
finn1318,lava,114,FALSE,Finnish
hung1274,import,114,TRUE,Hungarian
icel1247,ball,114,TRUE,Icelandic
indo1316,rim,114,TRUE,Standard Indonesian
ital1282,accelerate,114,FALSE,Italian
ital1282,finite,114,TRUE,Italian
ital1282,provider,114,TRUE,Italian
ital1282,surrogate,114,FALSE,Italian
latv1249,min,114,FALSE,Latvian
olde1238,dream,114,FALSE,Old English (ca. 450-1100)
oldf1239,pain,114,FALSE,Old French (842-ca. 1400)
poli1260,pasta,114,TRUE,Polish
port1283,drone,114,TRUE,Portuguese
port1283,frontal,114,TRUE,Portuguese
port1283,injustice,114,FALSE,Portuguese
port1283,recite,114,TRUE,Portuguese
port1283,role,114,FALSE,Portuguese
port1283,solitude,114,TRUE,Portuguese
roma1327,cod,114,TRUE,Romanian
roma1327,distant,114,TRUE,Romanian
roma1327,flash,114,TRUE,Romanian
roma1327,motive,114,TRUE,Romanian
roma1327,murmur,114,TRUE,Romanian
roma1327,pound,114,TRUE,Romanian
roma1327,timid,114,TRUE,Romanian
soma1255,beer,114,FALSE,Somali
stan1288,goggles,114,TRUE,Spanish
stan1290,brownie,114,TRUE,French
stan1290,combines,114,FALSE,French
stan1290,compositions,114,FALSE,French
stan1290,notices,114,FALSE,French
stan1290,replaces,114,FALSE,French
swed1254,image,114,TRUE,Swedish
swed1254,mist,114,FALSE,Swedish
swed1254,monster,114,TRUE,Swedish
corn1251,dew,113,FALSE,Cornish
czec1258,absence,113,TRUE,Czech
czec1258,magnet,113,TRUE,Czech
dani1285,fad,113,FALSE,Danish
dani1285,pure,113,TRUE,Danish
dutc1256,dollar,113,TRUE,Dutch
dutc1256,gender,113,TRUE,Dutch
dutc1256,scout,113,TRUE,Dutch
hung1274,ebb,113,FALSE,Hungarian
hung1274,web,113,TRUE,Hungarian
indo1316,label,113,TRUE,Standard Indonesian
iris1253,shin,113,FALSE,Irish
ital1282,caricature,113,TRUE,Italian
ital1282,champagne,113,TRUE,Italian
ital1282,conservative,113,FALSE,Italian
ital1282,dime,113,FALSE,Italian
ital1282,incomplete,113,TRUE,Italian
ital1282,lucrative,113,TRUE,Italian
ital1282,proxy,113,TRUE,Italian
ital1282,rotate,113,FALSE,Italian
lati1261,cochlear,113,FALSE,Latin
oldf1239,torment,113,TRUE,Old French (842-ca. 1400)
poli1260,curry,113,TRUE,Polish
poli1260,gala,113,TRUE,Polish
poli1260,poker,113,TRUE,Polish
port1283,expire,113,TRUE,Portuguese
port1283,intestinal,113,TRUE,Portuguese
port1283,invade,113,TRUE,Portuguese
port1283,shopping,113,TRUE,Portuguese
port1283,territorial,113,TRUE,Portuguese
roma1327,criticism,113,TRUE,Romanian
roma1327,editor,113,TRUE,Romanian
roma1327,feminine,113,TRUE,Romanian
sout1528,filter,113,TRUE,Serbian-Croatian-Bosnian
stan1288,caves,113,FALSE,Spanish
stan1288,chores,113,FALSE,Spanish
stan1288,enviable,113,TRUE,Spanish
stan1288,integrate,113,TRUE,Spanish
stan1288,manipulate,113,TRUE,Spanish
stan1288,sensor,113,TRUE,Spanish
stan1288,torque,113,FALSE,Spanish
stan1290,eds,113,TRUE,French
stan1290,lingers,113,FALSE,French
stan1290,mores,113,FALSE,French
stan1290,poisons,113,FALSE,French
stan1290,teenager,113,TRUE,French
swed1254,glitter,113,TRUE,Swedish
swed1254,research,113,FALSE,Swedish
afri1274,pens,112,FALSE,Afrikaans
cebu1242,gold,112,TRUE,Cebuano
corn1251,rag,112,FALSE,Cornish
czec1258,panel,112,TRUE,Czech
czec1258,whisky,112,TRUE,Czech
dani1285,motion,112,FALSE,Danish
dutc1256,amusement,112,TRUE,Dutch
dutc1256,bladder,112,FALSE,Dutch
dutc1256,musket,112,TRUE,Dutch
dutc1256,supplement,112,TRUE,Dutch
esto1258,male,112,FALSE,Estonian
esto1258,seen,112,FALSE,Estonian
finn1318,opposition,112,TRUE,Finnish
finn1318,pane,112,FALSE,Finnish
indo1316,nominal,112,TRUE,Standard Indonesian
ital1282,erode,112,FALSE,Italian
ital1282,inquisitive,112,FALSE,Italian
ital1282,misunderstanding,112,TRUE,Italian
ital1282,nominate,112,TRUE,Italian
ital1282,quad,112,TRUE,Italian
lati1261,curvature,112,FALSE,Latin
lati1261,mediate,112,FALSE,Latin
lati1261,participate,112,FALSE,Latin
lati1261,pendant,112,FALSE,Latin
nucl1301,liberal,112,TRUE,Turkish
olde1238,arm,112,FALSE,Old English (ca. 450-1100)
olde1238,inn,112,TRUE,Old English (ca. 450-1100)
oldf1239,armour,112,FALSE,Old French (842-ca. 1400)
oldn1244,lag,112,FALSE,Old Norse
pali1273,visa,112,FALSE,Pali
port1283,cerebral,112,TRUE,Portuguese
port1283,coca,112,TRUE,Portuguese
port1283,emerge,112,TRUE,Portuguese
port1283,exploit,112,TRUE,Portuguese
port1283,fake,112,TRUE,Portuguese
port1283,mural,112,TRUE,Portuguese
port1283,vogue,112,FALSE,Portuguese
roma1327,adult,112,TRUE,Romanian
roma1327,politician,112,TRUE,Romanian
roma1327,rage,112,FALSE,Romanian
slov1269,med,112,FALSE,Slovak
sout1528,diploma,112,TRUE,Serbian-Croatian-Bosnian
sout1528,pat,112,FALSE,Serbian-Croatian-Bosnian
stan1288,elite,112,TRUE,Spanish
stan1290,lobes,112,FALSE,French
stan1290,polyester,112,TRUE,French
stan1290,tackles,112,FALSE,French
swah1253,mango,112,FALSE,Swahili
swed1254,listen,112,FALSE,Swedish
swed1254,loft,112,TRUE,Swedish
dani1285,argument,111,TRUE,Danish
dani1285,distance,111,TRUE,Danish
dani1285,stump,111,TRUE,Danish
dani1285,union,111,FALSE,Danish
dutc1256,atlas,111,TRUE,Dutch
dutc1256,container,111,TRUE,Dutch
dutc1256,drone,111,TRUE,Dutch
dutc1256,humor,111,TRUE,Dutch
dutc1256,plastic,111,TRUE,Dutch
dutc1256,target,111,TRUE,Dutch
finn1318,edition,111,FALSE,Finnish
indo1316,parade,111,TRUE,Standard Indonesian
iris1253,hang,111,FALSE,Irish
ital1282,consecutive,111,FALSE,Italian
lati1261,aggregate,111,FALSE,Latin
lati1261,clue,111,FALSE,Latin
nucl1301,alarm,111,TRUE,Turkish
nucl1643,neon,111,FALSE,Japanese
olde1238,bat,111,FALSE,Old English (ca. 450-1100)
olde1238,leap,111,FALSE,Old English (ca. 450-1100)
poli1260,fusion,111,TRUE,Polish
poli1260,gospel,111,TRUE,Polish
poli1260,hobby,111,TRUE,Polish
poli1260,monitor,111,TRUE,Polish
port1283,ache,111,FALSE,Portuguese
port1283,dogma,111,TRUE,Portuguese
port1283,media,111,FALSE,Portuguese
roma1327,conductor,111,TRUE,Romanian
roma1327,idiot,111,TRUE,Romanian
roma1327,oral,111,TRUE,Romanian
roma1327,raid,111,TRUE,Romanian
sout1528,soda,111,TRUE,Serbian-Croatian-Bosnian
sout1528,testament,111,FALSE,Serbian-Croatian-Bosnian
stan1288,contractual,111,TRUE,Spanish
stan1288,curves,111,FALSE,Spanish
stan1288,otitis,111,TRUE,Spanish
stan1288,semifinal,111,TRUE,Spanish
stan1290,aliens,111,FALSE,French
stan1290,allusions,111,FALSE,French
stan1290,spam,111,TRUE,French
stan1295,ambient,111,TRUE,German
swah1253,data,111,TRUE,Swahili
swed1254,elf,111,FALSE,Swedish
swed1254,roar,111,FALSE,Swedish
swed1254,slit,111,FALSE,Swedish
taga1270,ruler,111,TRUE,Tagalog
tbol1240,fun,111,FALSE,Tboli
afri1274,oral,110,FALSE,Afrikaans
dani1285,fed,110,FALSE,Danish
dani1285,green,110,TRUE,Danish
dani1285,pile,110,FALSE,Danish
dutc1256,experiment,110,TRUE,Dutch
dutc1256,horde,110,TRUE,Dutch
dutc1256,madam,110,TRUE,Dutch
dutc1256,memorandum,110,TRUE,Dutch
dutc1256,storing,110,FALSE,Dutch
esto1258,tall,110,FALSE,Estonian
finn1318,clearing,110,TRUE,Finnish
hawa1245,pane,110,FALSE,Hawaiian
hung1274,nod,110,FALSE,Hungarian
ital1282,laureate,110,FALSE,Italian
ital1282,lobby,110,TRUE,Italian
ital1282,shampoo,110,TRUE,Italian
ital1282,software,110,TRUE,Italian
lati1261,cervical,110,FALSE,Latin
lati1261,curses,110,FALSE,Latin
lati1261,paradise,110,FALSE,Latin
lati1261,variant,110,FALSE,Latin
latv1249,ass,110,FALSE,Latvian
malt1254,art,110,FALSE,Maltese
midd1317,lamb,110,TRUE,Middle English
nava1243,sin,110,FALSE,Navajo
nucl1301,nice,110,FALSE,Turkish
nucl1301,partner,110,TRUE,Turkish
oldn1244,art,110,FALSE,Old Norse
poli1260,melon,110,TRUE,Polish
poli1260,operator,110,TRUE,Polish
port1283,evade,110,FALSE,Portuguese
roma1327,management,110,TRUE,Romanian
roma1327,scientific,110,FALSE,Romanian
roma1327,tribunal,110,TRUE,Romanian
scot1243,vow,110,FALSE,Scots
sout1528,patent,110,TRUE,Serbian-Croatian-Bosnian
stan1288,enclave,110,TRUE,Spanish
stan1288,tandem,110,TRUE,Spanish
stan1288,tubing,110,TRUE,Spanish
stan1290,informative,110,FALSE,French
stan1290,intelligences,110,FALSE,French
stan1290,smog,110,TRUE,French
stan1295,emeritus,110,TRUE,German
stan1295,fairer,110,FALSE,German
swed1254,blast,110,FALSE,Swedish
swed1254,blunder,110,TRUE,Swedish
swed1254,span,110,FALSE,Swedish
yoru1245,ire,110,FALSE,Yoruba
czec1258,notes,109,FALSE,Czech
czec1258,reference,109,TRUE,Czech
czec1258,smoking,109,FALSE,Czech
dani1285,dam,109,FALSE,Danish
dani1285,pant,109,FALSE,Danish
dutc1256,compact,109,TRUE,Dutch
dutc1256,dove,109,FALSE,Dutch
dutc1256,factor,109,TRUE,Dutch
dutc1256,gala,109,FALSE,Dutch
dutc1256,moot,109,FALSE,Dutch
dutc1256,sloping,109,FALSE,Dutch
dutc1256,stands,109,FALSE,Dutch
dutc1256,sub,109,TRUE,Dutch
dutc1256,turbine,109,TRUE,Dutch
dutc1256,yen,109,TRUE,Dutch
esto1258,minister,109,FALSE,Estonian
finn1318,switch,109,TRUE,Finnish
icel1247,met,109,FALSE,Icelandic
indo1316,fiber,109,TRUE,Standard Indonesian
indo1316,sake,109,TRUE,Standard Indonesian
indo1316,tempo,109,TRUE,Standard Indonesian
indo1316,ton,109,TRUE,Standard Indonesian
iris1253,bruise,109,FALSE,Irish
iris1253,stair,109,FALSE,Irish
ital1282,operative,109,TRUE,Italian
ital1282,rabbi,109,TRUE,Italian
lati1261,auditorium,109,TRUE,Latin
olde1238,til,109,FALSE,Old English (ca. 450-1100)
poli1260,arbiter,109,TRUE,Polish
poli1260,gag,109,TRUE,Polish
poli1260,industrial,109,TRUE,Polish
poli1260,kiosk,109,TRUE,Polish
poli1260,rug,109,TRUE,Polish
port1283,concede,109,TRUE,Portuguese
port1283,fiasco,109,TRUE,Portuguese
roma1327,abstract,109,TRUE,Romanian
roma1327,inform,109,FALSE,Romanian
roma1327,jar,109,FALSE,Romanian
roma1327,logic,109,FALSE,Romanian
roma1327,mint,109,FALSE,Romanian
roma1327,prepare,109,TRUE,Romanian
roma1327,vital,109,TRUE,Romanian
scot1243,bud,109,FALSE,Scots
sout1528,interval,109,TRUE,Serbian-Croatian-Bosnian
stan1288,primal,109,FALSE,Spanish
stan1289,plural,109,TRUE,Catalan
stan1290,sniper,109,TRUE,French
swah1253,piano,109,TRUE,Swahili
swed1254,artist,109,FALSE,Swedish
swed1254,fling,109,TRUE,Swedish
tokp1240,spirit,109,TRUE,Tok Pisin
tswa1253,bona,109,FALSE,Tswana
afri1274,mug,108,FALSE,Afrikaans
czec1258,dive,108,FALSE,Czech
dani1285,arrest,108,TRUE,Danish
dani1285,slap,108,FALSE,Danish
dutc1256,mixer,108,TRUE,Dutch
dutc1256,otter,108,TRUE,Dutch
finn1318,vision,108,TRUE,Finnish
hung1274,random,108,TRUE,Hungarian
indo1316,formula,108,TRUE,Standard Indonesian
ital1282,coincide,108,FALSE,Italian
ital1282,contemplate,108,FALSE,Italian
ital1282,speck,108,FALSE,Italian
ital1282,sprint,108,TRUE,Italian
lati1261,icon,108,TRUE,Latin
poli1260,barber,108,TRUE,Polish
port1283,cube,108,FALSE,Portuguese
port1283,default,108,TRUE,Portuguese
port1283,delta,108,TRUE,Portuguese
port1283,jazz,108,TRUE,Portuguese
port1283,moves,108,FALSE,Portuguese
port1283,status,108,TRUE,Portuguese
port1283,tuna,108,FALSE,Portuguese
roma1327,brutal,108,TRUE,Romanian
roma1327,fantastic,108,TRUE,Romanian
roma1327,ideal,108,TRUE,Romanian
roma1327,item,108,TRUE,Romanian
roma1327,jack,108,FALSE,Romanian
roma1327,pretext,108,TRUE,Romanian
roma1327,transparent,108,TRUE,Romanian
scot1243,admiration,108,TRUE,Scots
scot1243,imperial,108,TRUE,Scots
slov1268,rob,108,FALSE,Slovenian
stan1290,conceptions,108,FALSE,French
stan1290,participants,108,FALSE,French
swed1254,bean,108,FALSE,Swedish
swed1254,medium,108,TRUE,Swedish
tedi1235,inn,108,FALSE,Tedim Chin
afri1274,elf,107,FALSE,Afrikaans
afri1274,sus,107,FALSE,Afrikaans
cebu1242,personal,107,FALSE,Cebuano
dani1285,hotel,107,TRUE,Danish
dani1285,sole,107,FALSE,Danish
dutc1256,blend,107,FALSE,Dutch
dutc1256,chic,107,TRUE,Dutch
dutc1256,iris,107,TRUE,Dutch
dutc1256,pregnant,107,FALSE,Dutch
dutc1256,propeller,107,TRUE,Dutch
dutc1256,slab,107,FALSE,Dutch
dutc1256,temperament,107,TRUE,Dutch
dutc1256,villa,107,FALSE,Dutch
dutc1256,winning,107,FALSE,Dutch
finn1318,hop,107,FALSE,Finnish
indo1316,arena,107,TRUE,Standard Indonesian
ital1282,composite,107,FALSE,Italian
ital1282,malaria,107,TRUE,Italian
ital1282,premise,107,FALSE,Italian
lati1261,veterans,107,FALSE,Latin
manx1243,bare,107,FALSE,Manx
olde1238,swift,107,TRUE,Old English (ca. 450-1100)
olde1238,twig,107,TRUE,Old English (ca. 450-1100)
oldf1239,grief,107,FALSE,Old French (842-ca. 1400)
poli1260,blister,107,TRUE,Polish
port1283,crave,107,FALSE,Portuguese
roma1327,cancer,107,TRUE,Romanian
roma1327,formula,107,FALSE,Romanian
roma1327,verbal,107,TRUE,Romanian
soma1255,jar,107,FALSE,Somali
sout1528,lip,107,FALSE,Serbian-Croatian-Bosnian
sout1528,sofa,107,TRUE,Serbian-Croatian-Bosnian
stan1288,braille,107,TRUE,Spanish
stan1288,troupe,107,TRUE,Spanish
stan1288,tweed,107,TRUE,Spanish
stan1290,cognitive,107,FALSE,French
stan1290,combative,107,FALSE,French
stan1290,fronts,107,FALSE,French
stan1290,neural,107,TRUE,French
swed1254,bandage,107,TRUE,Swedish
swed1254,juice,107,TRUE,Swedish
swed1254,mineral,107,TRUE,Swedish
swed1254,population,107,TRUE,Swedish
swed1254,tour,107,TRUE,Swedish
czec1258,prose,106,FALSE,Czech
dani1285,felt,106,FALSE,Danish
dani1285,religion,106,TRUE,Danish
dutc1256,bitch,106,TRUE,Dutch
dutc1256,blond,106,TRUE,Dutch
dutc1256,cluster,106,TRUE,Dutch
esto1258,loss,106,FALSE,Estonian
hung1274,trend,106,TRUE,Hungarian
icel1247,held,106,FALSE,Icelandic
icel1247,spring,106,TRUE,Icelandic
indo1316,mortar,106,TRUE,Standard Indonesian
indo1316,petroleum,106,TRUE,Standard Indonesian
ital1282,capsule,106,TRUE,Italian
ital1282,guise,106,TRUE,Italian
ital1282,pesto,106,TRUE,Italian
kawi1241,was,106,FALSE,Kawi
lati1261,correspondent,106,FALSE,Latin
lati1261,fumes,106,FALSE,Latin
lati1261,juror,106,FALSE,Latin
lati1261,limbo,106,TRUE,Latin
lati1261,pelvis,106,TRUE,Latin
lith1251,status,106,FALSE,Lithuanian
oldn1244,fund,106,FALSE,Old Norse
pala1344,mad,106,FALSE,Palauan
poli1260,gal,106,TRUE,Polish
poli1260,trend,106,TRUE,Polish
port1283,arterial,106,TRUE,Portuguese
port1283,crucial,106,TRUE,Portuguese
roma1327,absurd,106,TRUE,Romanian
roma1327,divide,106,TRUE,Romanian
roma1327,imperfect,106,TRUE,Romanian
roma1327,republican,106,TRUE,Romanian
roma1327,romantic,106,TRUE,Romanian
roma1327,torn,106,FALSE,Romanian
sout1528,humor,106,TRUE,Serbian-Croatian-Bosnian
stan1288,bulimia,106,TRUE,Spanish
stan1288,evaluate,106,FALSE,Spanish
stan1288,gourmet,106,TRUE,Spanish
stan1288,magenta,106,TRUE,Spanish
stan1288,marches,106,FALSE,Spanish
stan1288,patchwork,106,TRUE,Spanish
stan1290,options,106,FALSE,French
stan1290,tags,106,FALSE,French
stan1295,qualitative,106,FALSE,German
swah1253,awe,106,FALSE,Swahili
swed1254,eggs,106,FALSE,Swedish
swed1254,foster,106,FALSE,Swedish
swed1254,rear,106,FALSE,Swedish
dani1285,drift,105,TRUE,Danish
dani1285,van,105,TRUE,Danish
dutc1256,guy,105,TRUE,Dutch
dutc1256,reins,105,FALSE,Dutch
finn1318,empire,105,TRUE,Finnish
hung1274,golf,105,TRUE,Hungarian
icel1247,lag,105,FALSE,Icelandic
indo1316,bait,105,FALSE,Standard Indonesian
indo1316,bin,105,TRUE,Standard Indonesian
indo1316,tuna,105,TRUE,Standard Indonesian
iris1253,bum,105,FALSE,Irish
ital1282,digestive,105,FALSE,Italian
mand1415,logo,105,TRUE,Mandarin Chinese
minn1241,chat,105,FALSE,Min Nan Chinese
olde1238,rod,105,FALSE,Old English (ca. 450-1100)
olde1238,timber,105,TRUE,Old English (ca. 450-1100)
oldf1239,noble,105,FALSE,Old French (842-ca. 1400)
oldf1239,office,105,TRUE,Old French (842-ca. 1400)
poli1260,baron,105,TRUE,Polish
poli1260,gale,105,FALSE,Polish
poli1260,taxi,105,TRUE,Polish
port1283,agricultural,105,TRUE,Portuguese
port1283,banal,105,TRUE,Portuguese
port1283,ether,105,FALSE,Portuguese
port1283,organize,105,TRUE,Portuguese
port1283,packet,105,TRUE,Portuguese
roma1327,confident,105,FALSE,Romanian
roma1327,federal,105,TRUE,Romanian
roma1327,flux,105,TRUE,Romanian
roma1327,tact,105,TRUE,Romanian
roma1327,tom,105,TRUE,Romanian
sout1528,cement,105,TRUE,Serbian-Croatian-Bosnian
sout1528,mile,105,FALSE,Serbian-Croatian-Bosnian
sout1528,ore,105,FALSE,Serbian-Croatian-Bosnian
sout1528,pita,105,FALSE,Serbian-Croatian-Bosnian
stan1288,conceptual,105,TRUE,Spanish
stan1288,hormone,105,FALSE,Spanish
stan1290,ambivalence,105,TRUE,French
stan1290,continents,105,FALSE,French
stan1295,grandiose,105,FALSE,German
stan1306,bias,105,TRUE,Standard Malay
swed1254,bona,105,FALSE,Swedish
swed1254,sensation,105,TRUE,Swedish
swed1254,suck,105,FALSE,Swedish
taga1270,hay,105,FALSE,Tagalog
taga1270,motor,105,TRUE,Tagalog
taga1270,peso,105,FALSE,Tagalog
dani1285,association,104,FALSE,Danish
dani1285,ran,104,FALSE,Danish
dutc1256,boys,104,FALSE,Dutch
dutc1256,drug,104,TRUE,Dutch
finn1318,pop,104,TRUE,Finnish
finn1318,ski,104,FALSE,Finnish
indo1316,magnet,104,TRUE,Standard Indonesian
indo1316,radiator,104,TRUE,Standard Indonesian
ital1282,mafia,104,TRUE,Italian
ital1282,repulsive,104,FALSE,Italian
lati1261,adoptive,104,FALSE,Latin
lati1261,commemorate,104,FALSE,Latin
lati1261,lichen,104,TRUE,Latin
latv1249,pats,104,FALSE,Latvian
mand1436,bee,104,FALSE,Mandinka
mars1254,mat,104,FALSE,Marshallese
midd1317,history,104,FALSE,Middle English
oldf1239,large,104,TRUE,Old French (842-ca. 1400)
poli1260,casting,104,TRUE,Polish
poli1260,cholera,104,TRUE,Polish
poli1260,pros,104,FALSE,Polish
port1283,chi,104,FALSE,Portuguese
port1283,medieval,104,TRUE,Portuguese
port1283,soprano,104,TRUE,Portuguese
roma1327,corner,104,TRUE,Romanian
roma1327,decline,104,TRUE,Romanian
roma1327,prudent,104,TRUE,Romanian
roma1327,pupil,104,TRUE,Romanian
stan1288,doorman,104,TRUE,Spanish
stan1288,guerrillas,104,FALSE,Spanish
stan1288,remake,104,TRUE,Spanish
stan1290,condominium,104,TRUE,French
stan1290,invites,104,FALSE,French
stan1290,ranges,104,FALSE,French
stan1295,dimensional,104,TRUE,German
swah1253,pea,104,FALSE,Swahili
swed1254,arts,104,FALSE,Swedish
swed1254,brass,104,TRUE,Swedish
swed1254,orange,104,FALSE,Swedish
swed1254,permanent,104,TRUE,Swedish
swed1254,reception,104,TRUE,Swedish
swed1254,sprang,104,FALSE,Swedish
tokp1240,sip,104,FALSE,Tok Pisin
wels1247,anthem,104,TRUE,Welsh
yoru1245,were,104,FALSE,Yoruba
dani1285,garden,103,FALSE,Danish
dani1285,park,103,TRUE,Danish
dutc1256,boring,103,FALSE,Dutch
dutc1256,guts,103,FALSE,Dutch
hung1274,papa,103,FALSE,Hungarian
hung1274,reflex,103,TRUE,Hungarian
hung1274,revolver,103,TRUE,Hungarian
indo1316,mayor,103,FALSE,Standard Indonesian
ital1282,dominate,103,FALSE,Italian
ital1282,plasma,103,TRUE,Italian
ital1282,sedate,103,FALSE,Italian
lati1261,constituent,103,FALSE,Latin
lati1261,corrosive,103,FALSE,Latin
olde1238,lust,103,TRUE,Old English (ca. 450-1100)
oldf1239,fame,103,FALSE,Old French (842-ca. 1400)
oldf1239,language,103,TRUE,Old French (842-ca. 1400)
poli1260,tablet,103,TRUE,Polish
port1283,flora,103,TRUE,Portuguese
port1283,tales,103,FALSE,Portuguese
roma1327,actual,103,TRUE,Romanian
roma1327,bind,103,FALSE,Romanian
roma1327,extravagant,103,TRUE,Romanian
roma1327,ironic,103,TRUE,Romanian
roma1327,strident,103,TRUE,Romanian
scot1245,cab,103,FALSE,Scottish Gaelic
slov1268,star,103,FALSE,Slovenian
sout1528,gate,103,FALSE,Serbian-Croatian-Bosnian
sout1528,lane,103,FALSE,Serbian-Croatian-Bosnian
stan1288,info,103,TRUE,Spanish
stan1288,scanner,103,FALSE,Spanish
stan1288,singles,103,FALSE,Spanish
stan1290,rifles,103,FALSE,French
stan1290,silicone,103,TRUE,French
swah1253,perform,103,TRUE,Swahili
swed1254,deg,103,FALSE,Swedish
swed1254,region,103,TRUE,Swedish
swed1254,stump,103,TRUE,Swedish
taga1270,gets,103,FALSE,Tagalog
taga1270,normal,103,TRUE,Tagalog
tokp1240,bun,103,FALSE,Tok Pisin
czec1258,region,102,TRUE,Czech
dani1285,handling,102,FALSE,Danish
dani1285,information,102,TRUE,Danish
dani1285,mail,102,FALSE,Danish
dani1285,smart,102,FALSE,Danish
dutc1256,augment,102,TRUE,Dutch
dutc1256,canvas,102,TRUE,Dutch
dutc1256,flop,102,FALSE,Dutch
dutc1256,label,102,TRUE,Dutch
hung1274,diploma,102,TRUE,Hungarian
icel1247,arms,102,FALSE,Icelandic
indo1316,generator,102,TRUE,Standard Indonesian
ital1282,corrosive,102,FALSE,Italian
lati1261,detritus,102,FALSE,Latin
lati1261,excuses,102,FALSE,Latin
lati1261,nude,102,FALSE,Latin
lati1261,stimuli,102,FALSE,Latin
lati1261,synthesis,102,FALSE,Latin
olde1238,lean,102,FALSE,Old English (ca. 450-1100)
poli1260,diagram,102,TRUE,Polish
poli1260,mule,102,TRUE,Polish
poli1260,rant,102,FALSE,Polish
port1283,cries,102,FALSE,Portuguese
port1283,dissimilar,102,TRUE,Portuguese
port1283,dome,102,FALSE,Portuguese
port1283,instructor,102,FALSE,Portuguese
port1283,tinge,102,TRUE,Portuguese
port1283,tons,102,FALSE,Portuguese
roma1327,display,102,TRUE,Romanian
roma1327,fatal,102,TRUE,Romanian
roma1327,imperial,102,TRUE,Romanian
roma1327,masculine,102,TRUE,Romanian
roma1327,pistol,102,TRUE,Romanian
roma1327,rival,102,TRUE,Romanian
roma1327,salon,102,TRUE,Romanian
scot1243,accept,102,TRUE,Scots
scot1243,message,102,TRUE,Scots
soma1255,mas,102,FALSE,Somali
sout1528,element,102,TRUE,Serbian-Croatian-Bosnian
sout1528,festival,102,TRUE,Serbian-Croatian-Bosnian
stan1288,offshore,102,TRUE,Spanish
stan1288,pitchers,102,FALSE,Spanish
stan1290,atrium,102,TRUE,French
stan1290,brigades,102,FALSE,French
stan1290,muffin,102,TRUE,French
stan1290,oculus,102,TRUE,French
stan1290,skateboard,102,TRUE,French
stan1306,saga,102,TRUE,Standard Malay
swah1253,saga,102,FALSE,Swahili
swed1254,cape,102,TRUE,Swedish
swed1254,opera,102,TRUE,Swedish
swed1254,prompt,102,TRUE,Swedish
taga1270,halo,102,FALSE,Tagalog
taga1270,literal,102,TRUE,Tagalog
czec1258,cape,101,FALSE,Czech
czec1258,manifest,101,FALSE,Czech
czec1258,menu,101,TRUE,Czech
dani1285,social,101,TRUE,Danish
dani1285,stir,101,FALSE,Danish
dani1285,vest,101,TRUE,Danish
dutc1256,alcohol,101,TRUE,Dutch
dutc1256,computer,101,TRUE,Dutch
dutc1256,petroleum,101,TRUE,Dutch
dutc1256,telegram,101,TRUE,Dutch
finn1318,ties,101,FALSE,Finnish
iris1253,teas,101,FALSE,Irish
nucl1301,sus,101,FALSE,Turkish
nucl1643,domino,101,FALSE,Japanese
olde1238,earn,101,FALSE,Old English (ca. 450-1100)
oldf1239,art,101,FALSE,Old French (842-ca. 1400)
poli1260,duet,101,TRUE,Polish
poli1260,idol,101,TRUE,Polish
poli1260,spleen,101,FALSE,Polish
port1283,chute,101,FALSE,Portuguese
port1283,experimental,101,TRUE,Portuguese
port1283,fitness,101,TRUE,Portuguese
port1283,roam,101,FALSE,Portuguese
port1283,zoo,101,FALSE,Portuguese
roma1327,distinct,101,TRUE,Romanian
roma1327,elastic,101,TRUE,Romanian
roma1327,miner,101,TRUE,Romanian
roma1327,pal,101,FALSE,Romanian
roma1327,toast,101,TRUE,Romanian
scot1243,chickens,101,FALSE,Scots
slov1268,past,101,FALSE,Slovenian
sout1528,operator,101,TRUE,Serbian-Croatian-Bosnian
stan1288,bartender,101,TRUE,Spanish
stan1288,cilantro,101,TRUE,Spanish
stan1288,kayak,101,TRUE,Spanish
stan1288,sacrificial,101,TRUE,Spanish
stan1290,cartons,101,FALSE,French
stan1290,euthanasia,101,FALSE,French
stan1290,opposes,101,FALSE,French
stan1290,optimal,101,TRUE,French
stan1290,sandwiches,101,FALSE,French
swed1254,hiss,101,FALSE,Swedish
swed1254,manifest,101,TRUE,Swedish
swed1254,roller,101,FALSE,Swedish
swed1254,smack,101,FALSE,Swedish
chuu1238,sap,100,FALSE,Chuukese
czec1258,rival,100,TRUE,Czech
dani1285,damp,100,FALSE,Danish
dutc1256,cassette,100,TRUE,Dutch
dutc1256,diploma,100,TRUE,Dutch
dutc1256,permanent,100,TRUE,Dutch
dutc1256,sacrament,100,TRUE,Dutch
esto1258,king,100,FALSE,Estonian
iris1253,rum,100,TRUE,Irish
ital1282,commemorate,100,FALSE,Italian
ital1282,compost,100,TRUE,Italian
ital1282,immature,100,FALSE,Italian
ital1282,legislative,100,TRUE,Italian
lati1261,duplicate,100,FALSE,Latin
latv1249,labs,100,FALSE,Latvian
mars1254,bait,100,FALSE,Marshallese
nucl1301,risk,100,TRUE,Turkish
poli1260,infant,100,FALSE,Polish
poli1260,wok,100,TRUE,Polish
port1283,abs,100,FALSE,Portuguese
port1283,predecessor,100,TRUE,Portuguese
port1283,spa,100,TRUE,Portuguese
roma1327,mortal,100,TRUE,Romanian
roma1327,para,100,TRUE,Romanian
roma1327,ser,100,FALSE,Romanian
roma1327,vocal,100,TRUE,Romanian
sout1528,argument,100,TRUE,Serbian-Croatian-Bosnian
stan1288,legislate,100,TRUE,Spanish
stan1288,lupus,100,TRUE,Spanish
stan1288,riders,100,FALSE,Spanish
stan1288,yogurt,100,TRUE,Spanish
stan1290,drivers,100,FALSE,French
stan1290,introspective,100,FALSE,French
stan1290,rafting,100,TRUE,French
stan1295,explosives,100,FALSE,German
stan1306,atom,100,TRUE,Standard Malay
stan1306,pistol,100,TRUE,Standard Malay
swah1253,bet,100,FALSE,Swahili
swed1254,gray,100,TRUE,Swedish
taga1270,liberal,100,TRUE,Tagalog
taga1270,page,100,FALSE,Tagalog
czec1258,export,99,TRUE,Czech
dani1285,hare,99,TRUE,Danish
dani1285,mast,99,TRUE,Danish
dani1285,pose,99,FALSE,Danish
dutc1256,barricade,99,TRUE,Dutch
dutc1256,curator,99,TRUE,Dutch
dutc1256,dialect,99,TRUE,Dutch
dutc1256,embargo,99,TRUE,Dutch
dutc1256,research,99,TRUE,Dutch
finn1318,establishment,99,TRUE,Finnish
hung1274,para,99,TRUE,Hungarian
iris1253,bead,99,FALSE,Irish
iris1253,hop,99,FALSE,Irish
ital1282,curvature,99,TRUE,Italian
ital1282,diva,99,FALSE,Italian
ital1282,sparse,99,FALSE,Italian
ital1282,sponsor,99,TRUE,Italian
ital1282,veranda,99,TRUE,Italian
lati1261,magma,99,TRUE,Latin
lati1261,perpetuate,99,FALSE,Latin
lati1261,reformer,99,FALSE,Latin
manx1243,row,99,FALSE,Manx
olde1238,tin,99,TRUE,Old English (ca. 450-1100)
port1283,academia,99,TRUE,Portuguese
port1283,pulsar,99,TRUE,Portuguese
roma1327,apt,99,TRUE,Romanian
stan1288,bypass,99,TRUE,Spanish
stan1288,cherries,99,FALSE,Spanish
stan1288,demo,99,TRUE,Spanish
stan1288,pellets,99,FALSE,Spanish
stan1290,connexions,99,FALSE,French
stan1290,grooves,99,FALSE,French
stan1290,kicker,99,TRUE,French
stan1290,limitations,99,FALSE,French
stan1295,permissive,99,FALSE,German
swah1253,bee,99,FALSE,Swahili
swed1254,event,99,TRUE,Swedish
swed1254,neutral,99,TRUE,Swedish
swed1254,pool,99,TRUE,Swedish
swed1254,puts,99,FALSE,Swedish
swed1254,truck,99,TRUE,Swedish
czec1258,rosy,98,FALSE,Czech
dani1285,bark,98,TRUE,Danish
dani1285,bus,98,TRUE,Danish
dani1285,des,98,FALSE,Danish
dani1285,planter,98,FALSE,Danish
dani1285,scene,98,TRUE,Danish
dutc1256,competent,98,TRUE,Dutch
dutc1256,elegant,98,TRUE,Dutch
dutc1256,exploit,98,TRUE,Dutch
dutc1256,parachute,98,TRUE,Dutch
dutc1256,sofa,98,TRUE,Dutch
esto1258,laps,98,FALSE,Estonian
finn1318,rap,98,TRUE,Finnish
icel1247,lands,98,FALSE,Icelandic
icel1247,net,98,TRUE,Icelandic
indo1316,senior,98,TRUE,Standard Indonesian
ital1282,commando,98,TRUE,Italian
ital1282,fide,98,FALSE,Italian
ital1282,impromptu,98,TRUE,Italian
ital1282,shaker,98,TRUE,Italian
lati1261,analysis,98,TRUE,Latin
lati1261,cadet,98,FALSE,Latin
lati1261,crate,98,FALSE,Latin
lati1261,formulas,98,FALSE,Latin
lati1261,lenient,98,FALSE,Latin
nucl1301,lens,98,TRUE,Turkish
nupe1254,kin,98,FALSE,Nupe-Nupe-Tako
olde1238,writing,98,TRUE,Old English (ca. 450-1100)
oldf1239,corn,98,FALSE,Old French (842-ca. 1400)
poli1260,mop,98,TRUE,Polish
port1283,bluff,98,TRUE,Portuguese
port1283,compute,98,TRUE,Portuguese
port1283,conjure,98,TRUE,Portuguese
port1283,console,98,TRUE,Portuguese
port1283,inclusive,98,FALSE,Portuguese
port1283,revise,98,TRUE,Portuguese
port1283,servitude,98,TRUE,Portuguese
roma1327,fort,98,TRUE,Romanian
roma1327,meteor,98,TRUE,Romanian
roma1327,patron,98,TRUE,Romanian
roma1327,rural,98,TRUE,Romanian
sout1528,liberal,98,TRUE,Serbian-Croatian-Bosnian
stan1288,racks,98,FALSE,Spanish
stan1288,teens,98,FALSE,Spanish
stan1288,wok,98,TRUE,Spanish
stan1290,finals,98,FALSE,French
stan1290,penalties,98,FALSE,French
stan1290,referendum,98,TRUE,French
stan1290,torches,98,FALSE,French
stan1295,abrasive,98,FALSE,German
swed1254,cent,98,TRUE,Swedish
swed1254,fingers,98,FALSE,Swedish
swed1254,sitter,98,FALSE,Swedish
swed1254,spiral,98,TRUE,Swedish
swed1254,sticks,98,FALSE,Swedish
czec1258,pant,97,FALSE,Czech
dani1285,est,97,FALSE,Danish
dani1285,fond,97,FALSE,Danish
dutc1256,patriot,97,TRUE,Dutch
dutc1256,poker,97,TRUE,Dutch
dutc1256,skate,97,TRUE,Dutch
esto1258,tennis,97,TRUE,Estonian
hung1274,moss,97,TRUE,Hungarian
iban1264,mas,97,FALSE,Iban
icel1247,gift,97,TRUE,Icelandic
iris1253,lice,97,FALSE,Irish
ital1282,camping,97,FALSE,Italian
ital1282,curriculum,97,TRUE,Italian
ital1282,patina,97,TRUE,Italian
lati1261,bras,97,FALSE,Latin
lati1261,commentator,97,FALSE,Latin
lati1261,continuum,97,TRUE,Latin
lati1261,decides,97,FALSE,Latin
lati1261,generator,97,FALSE,Latin
lati1261,trivia,97,FALSE,Latin
midd1317,small,97,FALSE,Middle English
nucl1301,gin,97,FALSE,Turkish
nucl1301,meteor,97,TRUE,Turkish
nucl1301,pasta,97,FALSE,Turkish
oldf1239,present,97,TRUE,Old French (842-ca. 1400)
poli1260,halo,97,TRUE,Polish
poli1260,pled,97,FALSE,Polish
poli1260,psi,97,TRUE,Polish
port1283,continental,97,TRUE,Portuguese
port1283,jus,97,FALSE,Portuguese
port1283,virtual,97,TRUE,Portuguese
roma1327,academic,97,TRUE,Romanian
roma1327,budget,97,FALSE,Romanian
roma1327,dealer,97,TRUE,Romanian
roma1327,import,97,TRUE,Romanian
roma1327,indecent,97,TRUE,Romanian
roma1327,penalty,97,TRUE,Romanian
roma1327,robust,97,TRUE,Romanian
slov1268,top,97,TRUE,Slovenian
sout1528,invalid,97,TRUE,Serbian-Croatian-Bosnian
stan1288,charts,97,FALSE,Spanish
stan1288,imam,97,TRUE,Spanish
stan1288,pickles,97,TRUE,Spanish
swed1254,accept,97,FALSE,Swedish
swed1254,token,97,FALSE,Swedish
tahi1242,taro,97,TRUE,Tahitian
afri1274,dose,96,TRUE,Afrikaans
czec1258,elegance,96,TRUE,Czech
czec1258,element,96,TRUE,Czech
czec1258,licence,96,TRUE,Czech
dani1285,problem,96,TRUE,Danish
dani1285,vent,96,FALSE,Danish
dutc1256,blouse,96,TRUE,Dutch
dutc1256,legend,96,FALSE,Dutch
dutc1256,romance,96,TRUE,Dutch
ewee1241,eve,96,FALSE,Ewe
finn1318,bet,96,FALSE,Finnish
iban1264,jam,96,FALSE,Iban
icel1247,fern,96,FALSE,Icelandic
indo1316,sofa,96,TRUE,Standard Indonesian
ital1282,alma,96,FALSE,Italian
ladi1251,sin,96,FALSE,Ladino
lati1261,trades,96,FALSE,Latin
latv1249,sit,96,FALSE,Latvian
midd1317,was,96,FALSE,Middle English
nucl1301,chat,96,TRUE,Turkish
nucl1301,dine,96,FALSE,Turkish
oldn1244,egg,96,TRUE,Old Norse
poli1260,baseball,96,TRUE,Polish
poli1260,papa,96,TRUE,Polish
poli1260,senator,96,TRUE,Polish
port1283,crepe,96,TRUE,Portuguese
port1283,hash,96,TRUE,Portuguese
port1283,inactive,96,FALSE,Portuguese
port1283,laser,96,TRUE,Portuguese
port1283,mite,96,FALSE,Portuguese
port1283,poker,96,FALSE,Portuguese
port1283,recital,96,TRUE,Portuguese
port1283,voucher,96,TRUE,Portuguese
roma1327,administrator,96,TRUE,Romanian
roma1327,companion,96,TRUE,Romanian
roma1327,curb,96,FALSE,Romanian
roma1327,ham,96,FALSE,Romanian
roma1327,maximum,96,TRUE,Romanian
roma1327,sector,96,TRUE,Romanian
roma1327,tumult,96,TRUE,Romanian
stan1288,screening,96,TRUE,Spanish
stan1288,semiconductor,96,TRUE,Spanish
stan1288,slider,96,TRUE,Spanish
stan1288,tuxedo,96,TRUE,Spanish
stan1288,vitro,96,FALSE,Spanish
stan1290,hormonal,96,TRUE,French
stan1290,interactive,96,FALSE,French
stan1290,maximal,96,TRUE,French
stan1290,reliant,96,FALSE,French
stan1290,tracts,96,FALSE,French
stan1290,tunnels,96,FALSE,French
swed1254,bastard,96,TRUE,Swedish
swed1254,distribution,96,TRUE,Swedish
swed1254,dressing,96,TRUE,Swedish
swed1254,extreme,96,FALSE,Swedish
swed1254,festival,96,TRUE,Swedish
swed1254,lax,96,FALSE,Swedish
dani1285,fest,95,FALSE,Danish
dani1285,patent,95,TRUE,Danish
dani1285,rode,95,FALSE,Danish
dutc1256,recent,95,TRUE,Dutch
dutc1256,wade,95,TRUE,Dutch
finn1318,toe,95,FALSE,Finnish
indo1316,poles,95,FALSE,Standard Indonesian
indo1316,pop,95,TRUE,Standard Indonesian
iris1253,pill,95,FALSE,Irish
ital1282,collegiate,95,FALSE,Italian
ital1282,vagina,95,TRUE,Italian
lati1261,exiles,95,FALSE,Latin
lati1261,incumbent,95,FALSE,Latin
lati1261,operative,95,FALSE,Latin
lati1261,pendulum,95,FALSE,Latin
latv1249,persona,95,FALSE,Latvian
nucl1301,platform,95,TRUE,Turkish
poli1260,solo,95,TRUE,Polish
port1283,credo,95,TRUE,Portuguese
port1283,detective,95,TRUE,Portuguese
port1283,menstrual,95,TRUE,Portuguese
port1283,shows,95,FALSE,Portuguese
roma1327,artistic,95,TRUE,Romanian
roma1327,cubic,95,FALSE,Romanian
roma1327,grade,95,FALSE,Romanian
roma1327,pension,95,FALSE,Romanian
roma1327,rug,95,FALSE,Romanian
scot1243,gills,95,FALSE,Scots
scot1243,width,95,FALSE,Scots
slov1268,post,95,FALSE,Slovenian
sout1528,ale,95,FALSE,Serbian-Croatian-Bosnian
sout1528,posed,95,FALSE,Serbian-Croatian-Bosnian
stan1288,blackout,95,FALSE,Spanish
stan1288,limes,95,FALSE,Spanish
stan1288,pizza,95,TRUE,Spanish
stan1288,sauna,95,TRUE,Spanish
stan1290,cycles,95,FALSE,French
stan1290,envies,95,FALSE,French
stan1290,explosives,95,FALSE,French
stan1290,formations,95,FALSE,French
stan1290,lacrosse,95,TRUE,French
swah1253,tuna,95,FALSE,Swahili
swed1254,experiment,95,TRUE,Swedish
swed1254,normal,95,TRUE,Swedish
swed1254,slant,95,FALSE,Swedish
swed1254,terror,95,TRUE,Swedish
swed1254,villa,95,TRUE,Swedish
czec1258,atlas,94,TRUE,Czech
dutc1256,architect,94,TRUE,Dutch
dutc1256,continent,94,TRUE,Dutch
dutc1256,generator,94,TRUE,Dutch
dutc1256,orthodox,94,TRUE,Dutch
dutc1256,sleet,94,FALSE,Dutch
esto1258,hind,94,FALSE,Estonian
finn1318,intention,94,FALSE,Finnish
indo1316,angel,94,FALSE,Standard Indonesian
indo1316,fungus,94,TRUE,Standard Indonesian
indo1316,liter,94,TRUE,Standard Indonesian
indo1316,media,94,TRUE,Standard Indonesian
lith1251,bent,94,FALSE,Lithuanian
mand1415,psycho,94,FALSE,Mandarin Chinese
midd1317,king,94,TRUE,Middle English
muna1247,wine,94,FALSE,Muna
nucl1347,man,94,FALSE,Wolof
oldn1244,gras,94,FALSE,Old Norse
oldn1244,sonar,94,FALSE,Old Norse
poli1260,drab,94,FALSE,Polish
poli1260,outlet,94,TRUE,Polish
poli1260,sparing,94,FALSE,Polish
port1283,compile,94,TRUE,Portuguese
port1283,regional,94,TRUE,Portuguese
port1283,sabre,94,TRUE,Portuguese
roma1327,decent,94,TRUE,Romanian
roma1327,mama,94,FALSE,Romanian
roma1327,penny,94,TRUE,Romanian
roma1327,spectator,94,TRUE,Romanian
scot1245,gon,94,FALSE,Scottish Gaelic
sout1528,fragment,94,TRUE,Serbian-Croatian-Bosnian
sout1528,veto,94,TRUE,Serbian-Croatian-Bosnian
stan1288,cameo,94,TRUE,Spanish
stan1288,infiltrate,94,TRUE,Spanish
stan1290,hectares,94,FALSE,French
stan1295,flamboyant,94,TRUE,German
swed1254,budget,94,TRUE,Swedish
swed1254,import,94,TRUE,Swedish
swed1254,session,94,TRUE,Swedish
swed1254,shower,94,FALSE,Swedish
swed1254,tiger,94,TRUE,Swedish
taga1270,ale,94,FALSE,Tagalog
viet1252,electron,94,TRUE,Vietnamese
afri1274,bra,93,TRUE,Afrikaans
afri1274,stink,93,TRUE,Afrikaans
bamb1269,don,93,FALSE,Bambara
chuu1238,song,93,FALSE,Chuukese
czec1258,web,93,TRUE,Czech
dani1285,student,93,TRUE,Danish
dutc1256,conform,93,TRUE,Dutch
dutc1256,escort,93,TRUE,Dutch
dutc1256,manuscript,93,TRUE,Dutch
dutc1256,shuttle,93,TRUE,Dutch
hawa1245,poke,93,FALSE,Hawaiian
hung1274,rabbit,93,FALSE,Hungarian
indo1316,alarm,93,TRUE,Standard Indonesian
indo1316,editor,93,TRUE,Standard Indonesian
indo1316,studio,93,TRUE,Standard Indonesian
ital1282,blonde,93,TRUE,Italian
ital1282,internet,93,TRUE,Italian
lati1261,definitive,93,FALSE,Latin
lati1261,podium,93,FALSE,Latin
nort2671,mat,93,FALSE,North Saami
olde1238,bar,93,FALSE,Old English (ca. 450-1100)
olde1238,finger,93,TRUE,Old English (ca. 450-1100)
olde1238,sole,93,TRUE,Old English (ca. 450-1100)
poli1260,demon,93,TRUE,Polish
poli1260,oral,93,TRUE,Polish
port1283,antique,93,FALSE,Portuguese
port1283,conserve,93,TRUE,Portuguese
port1283,halo,93,TRUE,Portuguese
port1283,trans,93,FALSE,Portuguese
roma1327,automatic,93,TRUE,Romanian
roma1327,combat,93,TRUE,Romanian
roma1327,cultural,93,TRUE,Romanian
roma1327,sake,93,TRUE,Romanian
sout1528,patron,93,TRUE,Serbian-Croatian-Bosnian
stan1288,drafts,93,FALSE,Spanish
stan1288,recreate,93,TRUE,Spanish
stan1290,bicycles,93,FALSE,French
stan1290,bingo,93,TRUE,French
stan1290,farts,93,FALSE,French
stan1290,normalisation,93,TRUE,French
stan1290,versions,93,FALSE,French
swed1254,slam,93,TRUE,Swedish
viet1252,modem,93,TRUE,Vietnamese
czec1258,zoo,92,TRUE,Czech
dani1285,bolt,92,TRUE,Danish
dani1285,smile,92,TRUE,Danish
dutc1256,bondage,92,TRUE,Dutch
dutc1256,bumper,92,TRUE,Dutch
dutc1256,knots,92,FALSE,Dutch
dutc1256,sediment,92,TRUE,Dutch
icel1247,egg,92,TRUE,Icelandic
indo1316,diploma,92,TRUE,Standard Indonesian
indo1316,minor,92,TRUE,Standard Indonesian
iris1253,bastard,92,TRUE,Irish
ital1282,austere,92,FALSE,Italian
ital1282,palette,92,FALSE,Italian
ital1282,simulate,92,FALSE,Italian
kawi1241,wit,92,FALSE,Kawi
lati1261,applicant,92,FALSE,Latin
lati1261,derives,92,FALSE,Latin
lati1261,genesis,92,FALSE,Latin
lati1261,lobe,92,TRUE,Latin
nava1243,chin,92,FALSE,Navajo
oldf1239,case,92,TRUE,Old French (842-ca. 1400)
oldf1239,poor,92,FALSE,Old French (842-ca. 1400)
oldn1244,sex,92,FALSE,Old Norse
poli1260,loft,92,TRUE,Polish
port1283,mobile,92,FALSE,Portuguese
port1283,seminal,92,TRUE,Portuguese
roma1327,altar,92,TRUE,Romanian
roma1327,brand,92,TRUE,Romanian
scot1243,brash,92,FALSE,Scots
scot1243,deem,92,FALSE,Scots
scot1243,stalwart,92,FALSE,Scots
scot1245,chill,92,FALSE,Scottish Gaelic
sout1528,papa,92,FALSE,Serbian-Croatian-Bosnian
stan1288,cannabis,92,TRUE,Spanish
stan1288,ices,92,FALSE,Spanish
stan1288,sexes,92,FALSE,Spanish
stan1290,comeback,92,TRUE,French
stan1290,hacking,92,TRUE,French
stan1290,traders,92,FALSE,French
swah1253,bin,92,FALSE,Swahili
swat1243,make,92,FALSE,Swati
swed1254,absolute,92,FALSE,Swedish
swed1254,invalid,92,FALSE,Swedish
wels1247,synthesis,92,TRUE,Welsh
yuca1254,pool,92,FALSE,Yucatec Maya
aleu1260,parka,91,TRUE,Aleut
cebu1242,basin,91,FALSE,Cebuano
dani1285,partner,91,TRUE,Danish
dani1285,pig,91,FALSE,Danish
dani1285,sad,91,FALSE,Danish
dutc1256,bitten,91,FALSE,Dutch
dutc1256,depot,91,TRUE,Dutch
dutc1256,diameter,91,TRUE,Dutch
dutc1256,eloquent,91,TRUE,Dutch
dutc1256,fries,91,FALSE,Dutch
dutc1256,quota,91,FALSE,Dutch
dutc1256,super,91,TRUE,Dutch
finn1318,maiden,91,TRUE,Finnish
finn1318,spin,91,TRUE,Finnish
hung1274,lessen,91,FALSE,Hungarian
indo1316,agenda,91,TRUE,Standard Indonesian
ital1282,dune,91,TRUE,Italian
ital1282,granite,91,FALSE,Italian
ital1282,jeans,91,TRUE,Italian
ital1282,odor,91,FALSE,Italian
ital1282,outfit,91,TRUE,Italian
ital1282,preventive,91,TRUE,Italian
ital1282,saline,91,TRUE,Italian
lati1261,benefactor,91,TRUE,Latin
lati1261,patio,91,FALSE,Latin
mand1415,briefing,91,TRUE,Mandarin Chinese
nucl1301,nun,91,FALSE,Turkish
olde1238,row,91,FALSE,Old English (ca. 450-1100)
oldf1239,home,91,FALSE,Old French (842-ca. 1400)
poli1260,fitness,91,TRUE,Polish
poli1260,flora,91,TRUE,Polish
poli1260,idiom,91,TRUE,Polish
port1283,czar,91,TRUE,Portuguese
port1283,facial,91,TRUE,Portuguese
roma1327,color,91,TRUE,Romanian
roma1327,complement,91,TRUE,Romanian
roma1327,deck,91,TRUE,Romanian
roma1327,interpret,91,FALSE,Romanian
roma1327,patent,91,TRUE,Romanian
roma1327,zone,91,TRUE,Romanian
scot1243,waist,91,TRUE,Scots
scot1245,arc,91,FALSE,Scottish Gaelic
slov1268,car,91,FALSE,Slovenian
slov1269,rob,91,FALSE,Slovak
stan1288,clusters,91,FALSE,Spanish
stan1288,leaders,91,FALSE,Spanish
stan1288,matrices,91,FALSE,Spanish
stan1288,polenta,91,TRUE,Spanish
stan1290,codes,91,FALSE,French
stan1290,dragons,91,FALSE,French
stan1290,moles,91,FALSE,French
stan1290,tutorial,91,FALSE,French
stan1290,volts,91,FALSE,French
swed1254,export,91,TRUE,Swedish
swed1254,parade,91,FALSE,Swedish
swed1254,patron,91,FALSE,Swedish
swed1254,sorts,91,FALSE,Swedish
swed1254,stolen,91,FALSE,Swedish
wels1247,penis,91,TRUE,Welsh
akan1250,papa,90,FALSE,Akan
dani1285,frost,90,TRUE,Danish
dani1285,listen,90,FALSE,Danish
dani1285,tion,90,FALSE,Danish
dutc1256,amateur,90,TRUE,Dutch
dutc1256,donor,90,TRUE,Dutch
dutc1256,drugs,90,FALSE,Dutch
esto1258,tool,90,FALSE,Estonian
finn1318,moan,90,FALSE,Finnish
finn1318,review,90,FALSE,Finnish
indo1316,horizon,90,TRUE,Standard Indonesian
ital1282,broccoli,90,TRUE,Italian
ital1282,harem,90,TRUE,Italian
ital1282,mediate,90,TRUE,Italian
lati1261,spatula,90,FALSE,Latin
manx1243,mean,90,FALSE,Manx
nucl1301,reform,90,TRUE,Turkish
oldf1239,est,90,FALSE,Old French (842-ca. 1400)
poli1260,stadium,90,FALSE,Polish
port1283,clerical,90,TRUE,Portuguese
port1283,corpus,90,TRUE,Portuguese
port1283,pancake,90,FALSE,Portuguese
port1283,pointer,90,TRUE,Portuguese
port1283,poise,90,TRUE,Portuguese
roma1327,abrupt,90,TRUE,Romanian
roma1327,fee,90,FALSE,Romanian
roma1327,gin,90,TRUE,Romanian
roma1327,secure,90,FALSE,Romanian
scot1243,actual,90,TRUE,Scots
scot1243,minds,90,FALSE,Scots
scot1243,moose,90,FALSE,Scots
sout1528,ideal,90,TRUE,Serbian-Croatian-Bosnian
sout1528,mole,90,FALSE,Serbian-Croatian-Bosnian
stan1288,hormonal,90,TRUE,Spanish
stan1288,lifestyle,90,TRUE,Spanish
stan1288,manufactures,90,FALSE,Spanish
stan1288,pathos,90,TRUE,Spanish
stan1288,radios,90,FALSE,Spanish
stan1288,stripper,90,TRUE,Spanish
stan1289,singular,90,TRUE,Catalan
stan1290,freestyle,90,TRUE,French
stan1290,glaciers,90,FALSE,French
stan1290,okay,90,FALSE,French
stan1290,pats,90,FALSE,French
stan1290,studios,90,FALSE,French
stan1290,update,90,FALSE,French
swed1254,attest,90,FALSE,Swedish
swed1254,blink,90,TRUE,Swedish
swed1254,drama,90,TRUE,Swedish
swed1254,gives,90,FALSE,Swedish
swed1254,president,90,TRUE,Swedish
afri1274,diploma,89,TRUE,Afrikaans
czec1258,hazard,89,FALSE,Czech
czec1258,puzzle,89,TRUE,Czech
dani1285,rude,89,FALSE,Danish
dutc1256,attest,89,FALSE,Dutch
dutc1256,edict,89,TRUE,Dutch
dutc1256,radar,89,TRUE,Dutch
esto1258,hang,89,FALSE,Estonian
hung1274,fuss,89,FALSE,Hungarian
ital1282,gene,89,FALSE,Italian
ital1282,tango,89,TRUE,Italian
lati1261,arse,89,FALSE,Latin
lati1261,diarrhoea,89,TRUE,Latin
lati1261,provocative,89,FALSE,Latin
lati1261,resides,89,FALSE,Latin
lati1261,ultimate,89,FALSE,Latin
manx1243,cast,89,FALSE,Manx
midd1317,lord,89,TRUE,Middle English
nucl1301,ideal,89,TRUE,Turkish
nucl1643,yoga,89,FALSE,Japanese
olde1238,brim,89,FALSE,Old English (ca. 450-1100)
olde1238,saga,89,FALSE,Old English (ca. 450-1100)
oldf1239,net,89,FALSE,Old French (842-ca. 1400)
poli1260,adjacent,89,FALSE,Polish
poli1260,algebra,89,TRUE,Polish
poli1260,implant,89,TRUE,Polish
port1283,antidote,89,FALSE,Portuguese
port1283,chips,89,TRUE,Portuguese
port1283,proxy,89,TRUE,Portuguese
port1283,thorax,89,FALSE,Portuguese
roma1327,curve,89,FALSE,Romanian
roma1327,declare,89,TRUE,Romanian
roma1327,insistent,89,TRUE,Romanian
roma1327,invalid,89,TRUE,Romanian
roma1327,penal,89,TRUE,Romanian
roma1327,spiral,89,TRUE,Romanian
roma1327,surplus,89,TRUE,Romanian
slov1269,von,89,FALSE,Slovak
soma1255,rag,89,FALSE,Somali
sout1528,revolver,89,TRUE,Serbian-Croatian-Bosnian
stan1288,karate,89,TRUE,Spanish
stan1288,mailing,89,TRUE,Spanish
stan1288,trendy,89,TRUE,Spanish
stan1290,gangsters,89,FALSE,French
stan1295,moribund,89,TRUE,German
stan1295,negatives,89,FALSE,German
swed1254,dart,89,TRUE,Swedish
swed1254,generation,89,TRUE,Swedish
swed1254,hull,89,FALSE,Swedish
swed1254,organisation,89,TRUE,Swedish
swed1254,stag,89,FALSE,Swedish
swed1254,television,89,TRUE,Swedish
wels1247,camera,89,TRUE,Welsh
afri1274,ape,88,TRUE,Afrikaans
bamb1269,den,88,FALSE,Bambara
czec1258,propaganda,88,TRUE,Czech
czec1258,zebra,88,TRUE,Czech
dani1285,rap,88,FALSE,Danish
dutc1256,buffer,88,TRUE,Dutch
dutc1256,devote,88,FALSE,Dutch
dutc1256,passer,88,FALSE,Dutch
dutc1256,percentage,88,TRUE,Dutch
finn1318,session,88,TRUE,Finnish
finn1318,television,88,TRUE,Finnish
haus1257,fat,88,FALSE,Hausa
icel1247,fella,88,FALSE,Icelandic
indo1316,retail,88,TRUE,Standard Indonesian
indo1316,spill,88,FALSE,Standard Indonesian
indo1316,video,88,TRUE,Standard Indonesian
ital1282,bono,88,FALSE,Italian
ital1282,creative,88,FALSE,Italian
ital1282,crescendo,88,TRUE,Italian
ital1282,derby,88,TRUE,Italian
lati1261,adolescent,88,FALSE,Latin
lati1261,aroma,88,FALSE,Latin
mand1415,troll,88,TRUE,Mandarin Chinese
manx1243,low,88,FALSE,Manx
nort2671,min,88,FALSE,North Saami
oksa1245,tom,88,FALSE,Oksapmin
poli1260,motto,88,TRUE,Polish
port1283,sector,88,TRUE,Portuguese
port1283,suicide,88,FALSE,Portuguese
port1283,surf,88,FALSE,Portuguese
roma1327,gang,88,FALSE,Romanian
roma1327,ignorant,88,TRUE,Romanian
roma1327,reverse,88,FALSE,Romanian
roma1327,urban,88,FALSE,Romanian
sout1528,bile,88,FALSE,Serbian-Croatian-Bosnian
stan1288,chocolates,88,FALSE,Spanish
stan1288,kilometre,88,FALSE,Spanish
stan1288,minimal,88,FALSE,Spanish
stan1290,apartheid,88,TRUE,French
stan1290,database,88,TRUE,French
stan1290,observes,88,FALSE,French
stan1290,offenses,88,FALSE,French
stan1290,prescriptions,88,FALSE,French
swed1254,ass,88,FALSE,Swedish
swed1254,cement,88,TRUE,Swedish
swed1254,solar,88,TRUE,Swedish
swed1254,tram,88,FALSE,Swedish
swed1254,translation,88,TRUE,Swedish
swed1254,version,88,TRUE,Swedish
taga1270,piling,88,FALSE,Tagalog
tokp1240,sit,88,FALSE,Tok Pisin
cebu1242,mama,87,FALSE,Cebuano
cebu1242,papa,87,FALSE,Cebuano
czec1258,elf,87,TRUE,Czech
czec1258,idiot,87,TRUE,Czech
dutc1256,accurate,87,FALSE,Dutch
dutc1256,champagne,87,TRUE,Dutch
dutc1256,dab,87,TRUE,Dutch
dutc1256,drab,87,FALSE,Dutch
dutc1256,editor,87,TRUE,Dutch
dutc1256,patriarch,87,TRUE,Dutch
dutc1256,script,87,TRUE,Dutch
dutc1256,stretcher,87,TRUE,Dutch
dutc1256,suite,87,TRUE,Dutch
dutc1256,torpedo,87,TRUE,Dutch
dutc1256,tractor,87,TRUE,Dutch
esto1258,lamp,87,TRUE,Estonian
esto1258,manner,87,FALSE,Estonian
hung1274,deli,87,FALSE,Hungarian
hung1274,pang,87,FALSE,Hungarian
hung1274,tied,87,FALSE,Hungarian
indo1316,penis,87,TRUE,Standard Indonesian
indo1316,virus,87,TRUE,Standard Indonesian
ital1282,complicate,87,FALSE,Italian
ital1282,conglomerate,87,TRUE,Italian
latv1249,stop,87,TRUE,Latvian
pali1273,male,87,FALSE,Pali
poli1260,grill,87,TRUE,Polish
poli1260,status,87,TRUE,Polish
poli1260,super,87,FALSE,Polish
poli1260,western,87,TRUE,Polish
port1283,aspire,87,TRUE,Portuguese
port1283,capita,87,FALSE,Portuguese
port1283,hardware,87,TRUE,Portuguese
port1283,ignore,87,TRUE,Portuguese
port1283,males,87,FALSE,Portuguese
port1283,requisite,87,FALSE,Portuguese
roma1327,continent,87,TRUE,Romanian
roma1327,export,87,TRUE,Romanian
roma1327,lame,87,FALSE,Romanian
roma1327,mineral,87,TRUE,Romanian
roma1327,precedent,87,TRUE,Romanian
roma1327,protector,87,TRUE,Romanian
scot1243,brick,87,FALSE,Scots
scot1243,tube,87,FALSE,Scots
sout1528,arena,87,TRUE,Serbian-Croatian-Bosnian
sout1528,artist,87,TRUE,Serbian-Croatian-Bosnian
sout1528,atom,87,TRUE,Serbian-Croatian-Bosnian
sout1528,site,87,TRUE,Serbian-Croatian-Bosnian
stan1288,mousse,87,TRUE,Spanish
stan1288,psi,87,TRUE,Spanish
stan1288,validate,87,TRUE,Spanish
stan1290,cadets,87,FALSE,French
stan1290,justifies,87,FALSE,French
stan1306,museum,87,TRUE,Standard Malay
swed1254,item,87,TRUE,Swedish
swed1254,malt,87,TRUE,Swedish
swed1254,rival,87,TRUE,Swedish
swed1254,stab,87,FALSE,Swedish
wels1247,pyramid,87,TRUE,Welsh
czec1258,baseball,86,TRUE,Czech
czec1258,vile,86,FALSE,Czech
dani1285,marked,86,FALSE,Danish
dani1285,patient,86,TRUE,Danish
dani1285,slave,86,TRUE,Danish
dani1285,tang,86,FALSE,Danish
dutc1256,appendix,86,TRUE,Dutch
dutc1256,chi,86,TRUE,Dutch
dutc1256,discreet,86,TRUE,Dutch
dutc1256,duet,86,TRUE,Dutch
dutc1256,medley,86,TRUE,Dutch
dutc1256,pony,86,TRUE,Dutch
dutc1256,snot,86,TRUE,Dutch
esto1258,seal,86,FALSE,Estonian
esto1258,tore,86,FALSE,Estonian
finn1318,jury,86,FALSE,Finnish
hung1274,turf,86,TRUE,Hungarian
indo1316,invalid,86,TRUE,Standard Indonesian
iris1253,tile,86,FALSE,Irish
ital1282,fauna,86,TRUE,Italian
ital1282,hangar,86,TRUE,Italian
ital1282,mango,86,TRUE,Italian
ital1282,sane,86,FALSE,Italian
lati1261,anathema,86,FALSE,Latin
lati1261,explode,86,FALSE,Latin
lati1261,hypothesis,86,TRUE,Latin
lati1261,quadrant,86,FALSE,Latin
lati1261,visor,86,FALSE,Latin
midd1317,doc,86,FALSE,Middle English
nucl1301,abide,86,FALSE,Turkish
poli1260,clown,86,TRUE,Polish
poli1260,leopard,86,TRUE,Polish
port1283,designer,86,TRUE,Portuguese
port1283,matrix,86,FALSE,Portuguese
port1283,menu,86,TRUE,Portuguese
roma1327,anterior,86,FALSE,Romanian
roma1327,colonel,86,TRUE,Romanian
roma1327,mutual,86,TRUE,Romanian
sout1528,idol,86,TRUE,Serbian-Croatian-Bosnian
sout1528,jar,86,FALSE,Serbian-Croatian-Bosnian
stan1288,bugs,86,FALSE,Spanish
stan1288,catering,86,TRUE,Spanish
stan1288,clutches,86,FALSE,Spanish
stan1290,cutters,86,FALSE,French
stan1290,intelligentsia,86,TRUE,French
stan1290,polenta,86,TRUE,French
stan1290,raids,86,FALSE,French
stan1295,immobile,86,FALSE,German
swed1254,assist,86,FALSE,Swedish
swed1254,bio,86,FALSE,Swedish
swed1254,mission,86,TRUE,Swedish
swed1254,rapport,86,TRUE,Swedish
swed1254,smoking,86,FALSE,Swedish
taga1270,bold,86,FALSE,Tagalog
tzot1259,pus,86,FALSE,Tzotzil
wels1247,cared,86,FALSE,Welsh
dani1285,pause,85,TRUE,Danish
dani1285,stole,85,TRUE,Danish
dutc1256,butler,85,TRUE,Dutch
dutc1256,diagram,85,TRUE,Dutch
dutc1256,equator,85,TRUE,Dutch
hung1274,script,85,TRUE,Hungarian
icel1247,list,85,FALSE,Icelandic
icel1247,sofa,85,FALSE,Icelandic
indo1316,din,85,FALSE,Standard Indonesian
indo1316,flu,85,TRUE,Standard Indonesian
indo1316,margin,85,TRUE,Standard Indonesian
indo1316,radar,85,TRUE,Standard Indonesian
iris1253,anchor,85,FALSE,Irish
iris1253,frog,85,TRUE,Irish
ital1282,arse,85,FALSE,Italian
ital1282,clandestine,85,TRUE,Italian
ital1282,perpetuate,85,FALSE,Italian
lati1261,auto,85,FALSE,Latin
lati1261,collide,85,FALSE,Latin
lati1261,renovate,85,FALSE,Latin
lati1261,reptile,85,TRUE,Latin
lati1261,solvent,85,FALSE,Latin
latv1249,post,85,FALSE,Latvian
manx1243,beg,85,FALSE,Manx
nucl1301,transit,85,TRUE,Turkish
oldf1239,bone,85,FALSE,Old French (842-ca. 1400)
oldf1239,top,85,TRUE,Old French (842-ca. 1400)
poli1260,legion,85,TRUE,Polish
poli1260,pens,85,FALSE,Polish
port1283,adore,85,TRUE,Portuguese
port1283,curling,85,TRUE,Portuguese
port1283,ego,85,TRUE,Portuguese
port1283,phase,85,FALSE,Portuguese
roma1327,background,85,TRUE,Romanian
roma1327,caustic,85,TRUE,Romanian
roma1327,context,85,TRUE,Romanian
roma1327,inch,85,TRUE,Romanian
roma1327,novice,85,TRUE,Romanian
scot1243,affront,85,TRUE,Scots
slov1268,ski,85,FALSE,Slovenian
sout1528,stud,85,FALSE,Serbian-Croatian-Bosnian
stan1288,denim,85,TRUE,Spanish
stan1288,examines,85,FALSE,Spanish
stan1288,solved,85,FALSE,Spanish
stan1288,tests,85,FALSE,Spanish
stan1290,argues,85,FALSE,French
stan1290,bangs,85,FALSE,French
stan1290,cranial,85,TRUE,French
stan1290,imaginations,85,FALSE,French
stan1290,relocation,85,TRUE,French
stan1290,tendons,85,FALSE,French
swah1253,soda,85,TRUE,Swahili
swed1254,font,85,TRUE,Swedish
swed1254,glimmer,85,FALSE,Swedish
swed1254,index,85,TRUE,Swedish
swed1254,kiss,85,FALSE,Swedish
swed1254,studies,85,FALSE,Swedish
swed1254,tags,85,FALSE,Swedish
czec1258,lava,84,FALSE,Czech
czec1258,revolver,84,TRUE,Czech
dani1285,baby,84,TRUE,Danish
dani1285,fancy,84,TRUE,Danish
dani1285,fork,84,TRUE,Danish
dani1285,passer,84,FALSE,Danish
dutc1256,blink,84,TRUE,Dutch
dutc1256,caravan,84,TRUE,Dutch
dutc1256,coup,84,TRUE,Dutch
dutc1256,deem,84,FALSE,Dutch
dutc1256,poster,84,TRUE,Dutch
icel1247,parts,84,FALSE,Icelandic
indo1316,abdomen,84,TRUE,Standard Indonesian
iris1253,gaol,84,FALSE,Irish
ital1282,chef,84,TRUE,Italian
ital1282,dispenser,84,TRUE,Italian
lati1261,conserve,84,FALSE,Latin
lati1261,merge,84,FALSE,Latin
lati1261,regalia,84,TRUE,Latin
manx1243,feed,84,FALSE,Manx
midd1317,god,84,TRUE,Middle English
nucl1301,poker,84,TRUE,Turkish
nucl1301,tempo,84,TRUE,Turkish
oldf1239,pro,84,FALSE,Old French (842-ca. 1400)
oldn1244,leg,84,FALSE,Old Norse
poli1260,premier,84,TRUE,Polish
poli1260,turban,84,TRUE,Polish
port1283,asses,84,FALSE,Portuguese
port1283,chorus,84,TRUE,Portuguese
port1283,duo,84,TRUE,Portuguese
port1283,marital,84,TRUE,Portuguese
port1283,radar,84,TRUE,Portuguese
roma1327,cub,84,FALSE,Romanian
roma1327,experiment,84,TRUE,Romanian
roma1327,gem,84,FALSE,Romanian
roma1327,sap,84,FALSE,Romanian
scot1243,caddie,84,TRUE,Scots
scot1245,film,84,TRUE,Scottish Gaelic
sout1528,cent,84,TRUE,Serbian-Croatian-Bosnian
stan1288,casts,84,FALSE,Spanish
stan1288,inescapable,84,TRUE,Spanish
stan1288,resale,84,FALSE,Spanish
stan1290,adobe,84,TRUE,French
stan1290,aural,84,TRUE,French
stan1290,descriptions,84,FALSE,French
stan1290,empires,84,FALSE,French
stan1290,multinational,84,TRUE,French
stan1290,rationalize,84,FALSE,French
stan1306,laden,84,FALSE,Standard Malay
swed1254,fatal,84,TRUE,Swedish
swed1254,humor,84,TRUE,Swedish
swed1254,panel,84,TRUE,Swedish
czec1258,festival,83,TRUE,Czech
czec1258,slam,83,FALSE,Czech
czec1258,temperament,83,TRUE,Czech
dani1285,fort,83,TRUE,Danish
dani1285,institution,83,TRUE,Danish
dutc1256,chant,83,FALSE,Dutch
dutc1256,clubs,83,FALSE,Dutch
dutc1256,focus,83,TRUE,Dutch
esto1258,transport,83,TRUE,Estonian
finn1318,spray,83,TRUE,Finnish
hung1274,junk,83,FALSE,Hungarian
hung1274,robot,83,TRUE,Hungarian
iban1264,ajar,83,FALSE,Iban
indo1316,linen,83,TRUE,Standard Indonesian
ital1282,legislature,83,TRUE,Italian
ital1282,tornado,83,TRUE,Italian
ital1282,vegetative,83,TRUE,Italian
lati1261,explorer,83,FALSE,Latin
lati1261,logos,83,FALSE,Latin
loui1240,gain,83,FALSE,Louisiana Creole French
manx1243,mill,83,FALSE,Manx
olde1238,port,83,TRUE,Old English (ca. 450-1100)
olde1238,torn,83,FALSE,Old English (ca. 450-1100)
oldf1239,male,83,FALSE,Old French (842-ca. 1400)
oldn1244,dust,83,TRUE,Old Norse
poli1260,administrator,83,TRUE,Polish
poli1260,aluminium,83,TRUE,Polish
poli1260,parking,83,TRUE,Polish
poli1260,rugby,83,TRUE,Polish
port1283,global,83,TRUE,Portuguese
port1283,limbo,83,TRUE,Portuguese
port1283,rating,83,TRUE,Portuguese
roma1327,nun,83,FALSE,Romanian
roma1327,piano,83,TRUE,Romanian
roma1327,sticks,83,FALSE,Romanian
roma1327,temporal,83,TRUE,Romanian
roma1327,vacuum,83,TRUE,Romanian
roma1327,zoo,83,TRUE,Romanian
scot1243,accent,83,TRUE,Scots
scot1245,iris,83,FALSE,Scottish Gaelic
sout1528,meteor,83,TRUE,Serbian-Croatian-Bosnian
stan1288,leggings,83,TRUE,Spanish
stan1288,macro,83,TRUE,Spanish
stan1290,capita,83,FALSE,French
stan1290,romances,83,FALSE,French
stan1295,disruptive,83,FALSE,German
sume1241,bar,83,FALSE,Sumerian
swed1254,angel,83,FALSE,Swedish
swed1254,binder,83,FALSE,Swedish
swed1254,football,83,TRUE,Swedish
swed1254,goat,83,FALSE,Swedish
swed1254,hed,83,FALSE,Swedish
swed1254,monument,83,TRUE,Swedish
swed1254,navigation,83,TRUE,Swedish
toke1240,pea,83,FALSE,Tokelau
afri1274,waters,82,FALSE,Afrikaans
cebu1242,drama,82,TRUE,Cebuano
czec1258,bastard,82,TRUE,Czech
czec1258,resort,82,FALSE,Czech
czec1258,tenor,82,TRUE,Czech
dani1285,hug,82,FALSE,Danish
dani1285,lift,82,FALSE,Danish
dani1285,original,82,TRUE,Danish
dani1285,plaster,82,TRUE,Danish
dutc1256,dump,82,FALSE,Dutch
dutc1256,matrix,82,TRUE,Dutch
dutc1256,taxi,82,TRUE,Dutch
finn1318,purse,82,FALSE,Finnish
hung1274,mama,82,TRUE,Hungarian
indo1316,lava,82,TRUE,Standard Indonesian
indo1316,radial,82,TRUE,Standard Indonesian
ital1282,eliminate,82,FALSE,Italian
ital1282,troll,82,TRUE,Italian
lati1261,arches,82,FALSE,Latin
lati1261,caveat,82,FALSE,Latin
lati1261,compete,82,FALSE,Latin
lati1261,concurrent,82,FALSE,Latin
lati1261,describes,82,FALSE,Latin
lati1261,discriminate,82,FALSE,Latin
lati1261,metro,82,TRUE,Latin
midd1317,odd,82,FALSE,Middle English
oldf1239,nature,82,TRUE,Old French (842-ca. 1400)
oldn1244,fit,82,FALSE,Old Norse
poli1260,emu,82,TRUE,Polish
port1283,abdominal,82,TRUE,Portuguese
port1283,nostalgia,82,TRUE,Portuguese
port1283,retina,82,TRUE,Portuguese
port1283,rides,82,FALSE,Portuguese
roma1327,arid,82,TRUE,Romanian
roma1327,calendar,82,TRUE,Romanian
roma1327,festival,82,TRUE,Romanian
roma1327,pregnant,82,FALSE,Romanian
roma1327,violet,82,TRUE,Romanian
scot1243,wield,82,FALSE,Scots
soma1255,deg,82,FALSE,Somali
sout1528,bake,82,TRUE,Serbian-Croatian-Bosnian
stan1288,condone,82,FALSE,Spanish
stan1288,fashions,82,FALSE,Spanish
stan1290,artefact,82,TRUE,French
stan1290,consultations,82,FALSE,French
stan1290,sculptures,82,FALSE,French
stan1295,disparate,82,FALSE,German
swed1254,soda,82,TRUE,Swedish
taga1270,gala,82,FALSE,Tagalog
tahi1242,mate,82,FALSE,Tahitian
tokp1240,rum,82,FALSE,Tok Pisin
cebu1242,maid,81,FALSE,Cebuano
dani1285,fund,81,FALSE,Danish
dani1285,joke,81,TRUE,Danish
dani1285,rid,81,FALSE,Danish
dutc1256,administrator,81,TRUE,Dutch
dutc1256,dandy,81,TRUE,Dutch
dutc1256,essay,81,TRUE,Dutch
dutc1256,heft,81,FALSE,Dutch
dutc1256,mom,81,FALSE,Dutch
esto1258,hull,81,FALSE,Estonian
esto1258,lift,81,FALSE,Estonian
hung1274,gallon,81,TRUE,Hungarian
hung1274,taps,81,FALSE,Hungarian
iris1253,chat,81,FALSE,Irish
iris1253,cheap,81,FALSE,Irish
ital1282,locate,81,FALSE,Italian
ital1282,slogan,81,TRUE,Italian
lati1261,crystalline,81,FALSE,Latin
lati1261,molar,81,FALSE,Latin
lati1261,removes,81,FALSE,Latin
latv1249,suns,81,FALSE,Latvian
midd1317,made,81,FALSE,Middle English
nucl1301,harem,81,TRUE,Turkish
nucl1301,imam,81,TRUE,Turkish
nucl1643,heroin,81,FALSE,Japanese
oldf1239,lit,81,FALSE,Old French (842-ca. 1400)
oldn1244,saga,81,TRUE,Old Norse
poli1260,font,81,TRUE,Polish
poli1260,menu,81,TRUE,Polish
poli1260,pigment,81,TRUE,Polish
port1283,explore,81,TRUE,Portuguese
port1283,ministerial,81,TRUE,Portuguese
port1283,monitor,81,TRUE,Portuguese
port1283,projector,81,TRUE,Portuguese
port1283,protege,81,FALSE,Portuguese
port1283,remedies,81,FALSE,Portuguese
roma1327,compare,81,TRUE,Romanian
roma1327,cult,81,TRUE,Romanian
roma1327,fluid,81,TRUE,Romanian
roma1327,lament,81,FALSE,Romanian
roma1327,nap,81,FALSE,Romanian
slov1268,sit,81,FALSE,Slovenian
sout1528,bob,81,FALSE,Serbian-Croatian-Bosnian
sout1528,mute,81,FALSE,Serbian-Croatian-Bosnian
stan1288,caddie,81,TRUE,Spanish
stan1288,chefs,81,FALSE,Spanish
stan1288,moles,81,FALSE,Spanish
stan1288,tortillas,81,FALSE,Spanish
stan1290,adolescents,81,FALSE,French
stan1290,invasive,81,TRUE,French
stan1290,ravioli,81,TRUE,French
swed1254,packet,81,FALSE,Swedish
swed1254,spark,81,FALSE,Swedish
swed1254,speaker,81,FALSE,Swedish
swed1254,symbol,81,TRUE,Swedish
wels1247,hydrogen,81,TRUE,Welsh
yoru1245,ore,81,FALSE,Yoruba
czec1258,boxer,80,TRUE,Czech
dani1285,gives,80,FALSE,Danish
dani1285,hint,80,TRUE,Danish
dani1285,sold,80,FALSE,Danish
dani1285,tennis,80,TRUE,Danish
dutc1256,bands,80,FALSE,Dutch
dutc1256,cruise,80,TRUE,Dutch
finn1318,data,80,TRUE,Finnish
hung1274,gondola,80,TRUE,Hungarian
icel1247,fund,80,FALSE,Icelandic
icel1247,storm,80,TRUE,Icelandic
indo1316,bum,80,FALSE,Standard Indonesian
indo1316,lateral,80,TRUE,Standard Indonesian
iris1253,goin,80,FALSE,Irish
ital1282,crate,80,FALSE,Italian
ital1282,gorilla,80,TRUE,Italian
ital1282,inverse,80,TRUE,Italian
ital1282,pancreas,80,TRUE,Italian
ital1282,saga,80,TRUE,Italian
lati1261,ballet,80,FALSE,Latin
lati1261,declares,80,FALSE,Latin
oldf1239,chief,80,TRUE,Old French (842-ca. 1400)
oldf1239,hors,80,FALSE,Old French (842-ca. 1400)
poli1260,diagonal,80,TRUE,Polish
port1283,genial,80,TRUE,Portuguese
port1283,mentor,80,TRUE,Portuguese
port1283,perfumes,80,FALSE,Portuguese
port1283,supervisor,80,TRUE,Portuguese
port1283,wafer,80,TRUE,Portuguese
port1283,workshop,80,TRUE,Portuguese
roma1327,atomic,80,TRUE,Romanian
roma1327,client,80,TRUE,Romanian
roma1327,mortar,80,TRUE,Romanian
roma1327,regiment,80,TRUE,Romanian
slov1269,pole,80,FALSE,Slovak
sout1528,ventilator,80,TRUE,Serbian-Croatian-Bosnian
stan1288,curses,80,FALSE,Spanish
stan1288,rehabilitate,80,TRUE,Spanish
stan1288,remedies,80,FALSE,Spanish
stan1288,scores,80,FALSE,Spanish
stan1288,smog,80,TRUE,Spanish
stan1288,snacks,80,FALSE,Spanish
stan1290,archive,80,TRUE,French
stan1290,continuum,80,TRUE,French
stan1290,peso,80,TRUE,French
stan1290,velum,80,TRUE,French
sume1241,gal,80,FALSE,Sumerian
swed1254,charter,80,TRUE,Swedish
swed1254,gala,80,TRUE,Swedish
swed1254,grip,80,FALSE,Swedish
swed1254,liter,80,TRUE,Swedish
swed1254,rap,80,TRUE,Swedish
swed1254,relations,80,FALSE,Swedish
swed1254,revolution,80,TRUE,Swedish
chuu1238,ran,79,FALSE,Chuukese
czec1258,proved,79,FALSE,Czech
dani1285,central,79,TRUE,Danish
dani1285,hop,79,FALSE,Danish
dani1285,total,79,TRUE,Danish
dutc1256,dunk,79,TRUE,Dutch
dutc1256,sits,79,FALSE,Dutch
esto1258,lend,79,FALSE,Estonian
hung1274,workshop,79,TRUE,Hungarian
indo1316,hop,79,TRUE,Standard Indonesian
indo1316,liberal,79,TRUE,Standard Indonesian
ital1282,discriminate,79,FALSE,Italian
ital1282,disseminate,79,FALSE,Italian
ital1282,evasive,79,TRUE,Italian
ital1282,inventive,79,TRUE,Italian
ital1282,marketing,79,TRUE,Italian
midd1317,part,79,TRUE,Middle English
nucl1301,aft,79,FALSE,Turkish
olde1238,nest,79,TRUE,Old English (ca. 450-1100)
poli1260,regulator,79,TRUE,Polish
port1283,autos,79,FALSE,Portuguese
port1283,gales,79,FALSE,Portuguese
port1283,quiz,79,TRUE,Portuguese
port1283,valet,79,TRUE,Portuguese
roma1327,bang,79,TRUE,Romanian
roma1327,bee,79,FALSE,Romanian
roma1327,competent,79,TRUE,Romanian
roma1327,editorial,79,TRUE,Romanian
roma1327,mobile,79,FALSE,Romanian
roma1327,monument,79,TRUE,Romanian
roma1327,polar,79,TRUE,Romanian
roma1327,rack,79,TRUE,Romanian
roma1327,raft,79,FALSE,Romanian
roma1327,rum,79,FALSE,Romanian
roma1327,shopping,79,TRUE,Romanian
sout1528,pest,79,FALSE,Serbian-Croatian-Bosnian
stan1288,bacterial,79,TRUE,Spanish
stan1288,blender,79,TRUE,Spanish
stan1288,roaming,79,TRUE,Spanish
stan1288,tours,79,FALSE,Spanish
stan1289,con,79,FALSE,Catalan
stan1290,floriculture,79,TRUE,French
stan1290,indexes,79,FALSE,French
swed1254,mas,79,FALSE,Swedish
swed1254,troll,79,TRUE,Swedish
wels1247,anti,79,FALSE,Welsh
wels1247,drown,79,FALSE,Welsh
czec1258,vary,78,FALSE,Czech
dani1285,dine,78,FALSE,Danish
dutc1256,cider,78,TRUE,Dutch
dutc1256,correspondent,78,TRUE,Dutch
dutc1256,glaze,78,FALSE,Dutch
dutc1256,kitten,78,TRUE,Dutch
finn1318,tension,78,TRUE,Finnish
hung1274,strand,78,FALSE,Hungarian
indo1316,cape,78,FALSE,Standard Indonesian
indo1316,dollar,78,FALSE,Standard Indonesian
ital1282,acne,78,TRUE,Italian
ital1282,colossal,78,FALSE,Italian
ital1282,impulsive,78,FALSE,Italian
ital1282,timer,78,TRUE,Italian
ital1282,ultimate,78,FALSE,Italian
ital1282,uterine,78,TRUE,Italian
lati1261,compares,78,FALSE,Latin
lati1261,participant,78,FALSE,Latin
lati1261,proportionate,78,FALSE,Latin
olde1238,camp,78,FALSE,Old English (ca. 450-1100)
olde1238,won,78,FALSE,Old English (ca. 450-1100)
poli1260,sterling,78,FALSE,Polish
port1283,beta,78,TRUE,Portuguese
port1283,insular,78,TRUE,Portuguese
port1283,limo,78,FALSE,Portuguese
port1283,modular,78,TRUE,Portuguese
port1283,renal,78,TRUE,Portuguese
port1283,tablet,78,TRUE,Portuguese
roma1327,fibre,78,FALSE,Romanian
roma1327,instant,78,TRUE,Romanian
roma1327,panel,78,TRUE,Romanian
roma1327,prefer,78,TRUE,Romanian
roma1327,puzzle,78,TRUE,Romanian
roma1327,reporter,78,TRUE,Romanian
roma1327,summit,78,TRUE,Romanian
roma1327,verdict,78,TRUE,Romanian
scot1243,banner,78,TRUE,Scots
slov1268,drug,78,FALSE,Slovenian
sout1528,paprika,78,TRUE,Serbian-Croatian-Bosnian
stan1288,laureate,78,FALSE,Spanish
stan1288,mates,78,FALSE,Spanish
stan1288,okra,78,TRUE,Spanish
stan1288,template,78,FALSE,Spanish
stan1289,des,78,FALSE,Catalan
stan1290,audiences,78,FALSE,French
stan1290,champions,78,FALSE,French
stan1306,magnet,78,TRUE,Standard Malay
swed1254,fundamental,78,TRUE,Swedish
swed1254,lame,78,FALSE,Swedish
swed1254,mantel,78,TRUE,Swedish
swed1254,planet,78,TRUE,Swedish
swed1254,snack,78,FALSE,Swedish
swed1254,spade,78,TRUE,Swedish
swed1254,sports,78,FALSE,Swedish
tokp1240,banana,78,TRUE,Tok Pisin
yoru1245,eye,78,FALSE,Yoruba
clas1250,pan,77,FALSE,Classical Nahuatl
czec1258,raft,77,TRUE,Czech
dani1285,cigar,77,TRUE,Danish
dani1285,establishment,77,TRUE,Danish
dani1285,parcel,77,TRUE,Danish
dutc1256,alpine,77,FALSE,Dutch
dutc1256,brigade,77,TRUE,Dutch
dutc1256,chips,77,FALSE,Dutch
dutc1256,interview,77,TRUE,Dutch
dutc1256,racer,77,TRUE,Dutch
dutc1256,trend,77,TRUE,Dutch
dutc1256,veto,77,TRUE,Dutch
finn1318,rabbit,77,FALSE,Finnish
hung1274,cal,77,FALSE,Hungarian
hung1274,formula,77,TRUE,Hungarian
hung1274,propaganda,77,TRUE,Hungarian
icel1247,sum,77,FALSE,Icelandic
indo1316,diet,77,TRUE,Standard Indonesian
indo1316,lung,77,FALSE,Standard Indonesian
indo1316,piston,77,TRUE,Standard Indonesian
ital1282,cappuccino,77,TRUE,Italian
ital1282,copyright,77,TRUE,Italian
ital1282,herpes,77,TRUE,Italian
ital1282,irate,77,FALSE,Italian
ital1282,mecca,77,TRUE,Italian
ital1282,migrate,77,FALSE,Italian
ital1282,optional,77,TRUE,Italian
ital1282,placenta,77,TRUE,Italian
ital1282,plaid,77,FALSE,Italian
ital1282,priori,77,FALSE,Italian
ital1282,scooter,77,TRUE,Italian
ital1282,tandem,77,TRUE,Italian
kach1280,bat,77,FALSE,Southern Jinghpaw
lati1261,phosphorus,77,TRUE,Latin
manx1243,fine,77,FALSE,Manx
midd1317,day,77,TRUE,Middle English
midd1317,word,77,TRUE,Middle English
oldf1239,grain,77,TRUE,Old French (842-ca. 1400)
oldf1239,main,77,FALSE,Old French (842-ca. 1400)
pali1273,vase,77,FALSE,Pali
poli1260,appendix,77,TRUE,Polish
poli1260,propaganda,77,TRUE,Polish
port1283,genital,77,TRUE,Portuguese
port1283,incidental,77,TRUE,Portuguese
roma1327,bulb,77,TRUE,Romanian
roma1327,duel,77,TRUE,Romanian
roma1327,exclude,77,TRUE,Romanian
roma1327,hazard,77,TRUE,Romanian
roma1327,pub,77,TRUE,Romanian
roma1327,tropical,77,TRUE,Romanian
stan1288,hippie,77,TRUE,Spanish
stan1288,packs,77,FALSE,Spanish
stan1288,premiere,77,FALSE,Spanish
stan1288,runners,77,FALSE,Spanish
stan1290,capsules,77,FALSE,French
stan1290,holdings,77,FALSE,French
stan1290,karma,77,TRUE,French
stan1290,quotas,77,FALSE,French
swah1253,malaria,77,TRUE,Swahili
swed1254,bacon,77,TRUE,Swedish
swed1254,cancer,77,TRUE,Swedish
swed1254,inflammation,77,TRUE,Swedish
swed1254,intention,77,TRUE,Swedish
swed1254,route,77,FALSE,Swedish
swed1254,spat,77,FALSE,Swedish
taga1270,boss,77,FALSE,Tagalog
cebu1242,hospital,76,TRUE,Cebuano
czec1258,halt,76,FALSE,Czech
czec1258,reflex,76,TRUE,Czech
czec1258,taxi,76,TRUE,Czech
dani1285,arts,76,FALSE,Danish
dani1285,halt,76,FALSE,Danish
dani1285,mage,76,FALSE,Danish
dani1285,nation,76,TRUE,Danish
dani1285,tight,76,TRUE,Danish
dutc1256,drummer,76,TRUE,Dutch
dutc1256,jargon,76,TRUE,Dutch
dutc1256,lab,76,TRUE,Dutch
dutc1256,patronage,76,TRUE,Dutch
dutc1256,rover,76,FALSE,Dutch
finn1318,flare,76,FALSE,Finnish
finn1318,mission,76,TRUE,Finnish
finn1318,mode,76,FALSE,Finnish
indo1316,format,76,TRUE,Standard Indonesian
iris1253,sip,76,FALSE,Irish
ital1282,aggressive,76,FALSE,Italian
ital1282,cactus,76,TRUE,Italian
ital1282,evergreen,76,TRUE,Italian
ital1282,premier,76,TRUE,Italian
ital1282,ranch,76,TRUE,Italian
ital1282,sherry,76,TRUE,Italian
ital1282,transistor,76,TRUE,Italian
lati1261,derivative,76,FALSE,Latin
lati1261,incipient,76,FALSE,Latin
lati1261,nape,76,FALSE,Latin
manx1243,tree,76,FALSE,Manx
nucl1643,bikini,76,FALSE,Japanese
nucl1643,tsunami,76,FALSE,Japanese
olde1238,toll,76,TRUE,Old English (ca. 450-1100)
oldf1239,certain,76,TRUE,Old French (842-ca. 1400)
poli1260,bluff,76,TRUE,Polish
poli1260,generator,76,TRUE,Polish
poli1260,nylon,76,TRUE,Polish
poli1260,quiz,76,TRUE,Polish
poli1260,studio,76,TRUE,Polish
poli1260,terminal,76,TRUE,Polish
port1283,adjectives,76,FALSE,Portuguese
port1283,anti,76,TRUE,Portuguese
port1283,clearance,76,TRUE,Portuguese
port1283,diabetes,76,TRUE,Portuguese
port1283,notebook,76,TRUE,Portuguese
port1283,trailer,76,TRUE,Portuguese
port1283,tubular,76,TRUE,Portuguese
roma1327,album,76,TRUE,Romanian
roma1327,brandy,76,TRUE,Romanian
roma1327,closet,76,TRUE,Romanian
roma1327,combine,76,TRUE,Romanian
roma1327,fuse,76,FALSE,Romanian
roma1327,proverb,76,TRUE,Romanian
roma1327,reel,76,FALSE,Romanian
roma1327,reproduce,76,TRUE,Romanian
scot1243,hover,76,TRUE,Scots
soma1255,keen,76,FALSE,Somali
sout1528,administrator,76,TRUE,Serbian-Croatian-Bosnian
sout1528,grunt,76,FALSE,Serbian-Croatian-Bosnian
stan1288,dribbling,76,TRUE,Spanish
stan1288,fellows,76,FALSE,Spanish
stan1288,lacrosse,76,TRUE,Spanish
stan1288,locus,76,TRUE,Spanish
stan1288,nightclub,76,TRUE,Spanish
stan1288,observes,76,FALSE,Spanish
stan1288,openings,76,FALSE,Spanish
stan1289,est,76,FALSE,Catalan
stan1290,alternatives,76,FALSE,French
stan1290,dispatcher,76,FALSE,French
stan1290,identifiable,76,TRUE,French
stan1290,variants,76,FALSE,French
stan1306,pencil,76,FALSE,Standard Malay
swah1253,tango,76,FALSE,Swahili
swed1254,crawl,76,TRUE,Swedish
swed1254,gay,76,TRUE,Swedish
swed1254,plank,76,FALSE,Swedish
swed1254,spill,76,TRUE,Swedish
taga1270,mama,76,FALSE,Tagalog
taga1270,sermon,76,TRUE,Tagalog
tokp1240,wet,76,TRUE,Tok Pisin
cebu1242,insert,75,FALSE,Cebuano
czec1258,experiment,75,TRUE,Czech
czec1258,gay,75,TRUE,Czech
czec1258,sediment,75,TRUE,Czech
dani1285,base,75,TRUE,Danish
dani1285,lid,75,FALSE,Danish
dutc1256,email,75,TRUE,Dutch
dutc1256,harder,75,FALSE,Dutch
dutc1256,lava,75,TRUE,Dutch
dutc1256,lone,75,FALSE,Dutch
dutc1256,papa,75,TRUE,Dutch
dutc1256,sentiment,75,TRUE,Dutch
dutc1256,snort,75,FALSE,Dutch
dutc1256,trainer,75,TRUE,Dutch
finn1318,depression,75,FALSE,Finnish
indo1316,slogan,75,TRUE,Standard Indonesian
indo1316,soak,75,FALSE,Standard Indonesian
iris1253,gas,75,FALSE,Irish
iris1253,plump,75,FALSE,Irish
ital1282,astute,75,FALSE,Italian
ital1282,bunker,75,TRUE,Italian
ital1282,contemplative,75,FALSE,Italian
ital1282,distaste,75,FALSE,Italian
ital1282,merge,75,FALSE,Italian
lati1261,vendor,75,FALSE,Latin
manx1243,point,75,FALSE,Manx
mara1404,taro,75,FALSE,Maranao
mara1404,wan,75,FALSE,Maranao
midd1317,comp,75,FALSE,Middle English
nort2671,hit,75,FALSE,North Saami
olde1238,cyst,75,FALSE,Old English (ca. 450-1100)
poli1260,gem,75,FALSE,Polish
poli1260,glut,75,FALSE,Polish
port1283,aura,75,TRUE,Portuguese
port1283,diesel,75,TRUE,Portuguese
port1283,internet,75,TRUE,Portuguese
port1283,racial,75,TRUE,Portuguese
port1283,tore,75,FALSE,Portuguese
roma1327,costume,75,TRUE,Romanian
roma1327,determine,75,TRUE,Romanian
roma1327,gal,75,FALSE,Romanian
roma1327,gentleman,75,TRUE,Romanian
roma1327,manifest,75,TRUE,Romanian
roma1327,pun,75,FALSE,Romanian
roma1327,sarcastic,75,TRUE,Romanian
roma1327,studio,75,TRUE,Romanian
roma1327,tonic,75,TRUE,Romanian
stan1288,amino,75,TRUE,Spanish
stan1288,blazer,75,TRUE,Spanish
stan1288,donate,75,TRUE,Spanish
stan1288,flaps,75,FALSE,Spanish
stan1288,inning,75,TRUE,Spanish
stan1288,samples,75,FALSE,Spanish
stan1290,imagines,75,FALSE,French
stan1290,replies,75,FALSE,French
stan1295,submarines,75,FALSE,German
swed1254,absurd,75,TRUE,Swedish
swed1254,filter,75,TRUE,Swedish
swed1254,grill,75,TRUE,Swedish
swed1254,sank,75,FALSE,Swedish
czec1258,fragment,74,TRUE,Czech
czec1258,infant,74,FALSE,Czech
dani1285,moral,74,TRUE,Danish
dani1285,solid,74,TRUE,Danish
dutc1256,commando,74,TRUE,Dutch
dutc1256,drums,74,FALSE,Dutch
dutc1256,folder,74,FALSE,Dutch
dutc1256,pointer,74,TRUE,Dutch
dutc1256,precedent,74,TRUE,Dutch
dutc1256,salon,74,TRUE,Dutch
dutc1256,solo,74,TRUE,Dutch
indo1316,abdominal,74,FALSE,Standard Indonesian
ital1282,clone,74,TRUE,Italian
ital1282,doc,74,FALSE,Italian
ital1282,inaccurate,74,FALSE,Italian
lati1261,appellate,74,FALSE,Latin
lati1261,consolidate,74,FALSE,Latin
midd1317,college,74,FALSE,Middle English
nava1243,pop,74,FALSE,Navajo
nort2671,don,74,FALSE,North Saami
oldf1239,fix,74,FALSE,Old French (842-ca. 1400)
oldf1239,general,74,TRUE,Old French (842-ca. 1400)
oldf1239,metal,74,TRUE,Old French (842-ca. 1400)
pali1273,sent,74,FALSE,Pali
poli1260,nostalgia,74,TRUE,Polish
port1283,chile,74,FALSE,Portuguese
port1283,clique,74,TRUE,Portuguese
port1283,dope,74,FALSE,Portuguese
port1283,hobby,74,TRUE,Portuguese
port1283,rode,74,FALSE,Portuguese
port1283,sedan,74,TRUE,Portuguese
roma1327,abandon,74,TRUE,Romanian
roma1327,folk,74,TRUE,Romanian
roma1327,regal,74,TRUE,Romanian
roma1327,site,74,TRUE,Romanian
shon1251,hope,74,FALSE,Shona
sout1528,deficit,74,TRUE,Serbian-Croatian-Bosnian
sout1528,magnet,74,TRUE,Serbian-Croatian-Bosnian
stan1288,dealers,74,FALSE,Spanish
stan1288,describes,74,FALSE,Spanish
stan1288,resides,74,FALSE,Spanish
stan1290,levers,74,FALSE,French
stan1290,olfaction,74,TRUE,French
stan1290,salons,74,FALSE,French
stan1290,trusts,74,FALSE,French
stan1295,woken,74,FALSE,German
swed1254,driven,74,TRUE,Swedish
swed1254,illusion,74,TRUE,Swedish
swed1254,merit,74,TRUE,Swedish
swed1254,proposition,74,TRUE,Swedish
swed1254,taxi,74,TRUE,Swedish
wels1247,onion,74,FALSE,Welsh
yoru1245,ale,74,FALSE,Yoruba
czec1258,ignorant,73,TRUE,Czech
czec1258,robe,73,FALSE,Czech
czec1258,steak,73,TRUE,Czech
dani1285,alter,73,FALSE,Danish
dani1285,gale,73,FALSE,Danish
dani1285,link,73,TRUE,Danish
dani1285,mineral,73,TRUE,Danish
dutc1256,album,73,TRUE,Dutch
dutc1256,blister,73,TRUE,Dutch
dutc1256,cakes,73,FALSE,Dutch
dutc1256,flask,73,FALSE,Dutch
dutc1256,info,73,TRUE,Dutch
dutc1256,intern,73,FALSE,Dutch
esto1258,laid,73,FALSE,Estonian
finn1318,gray,73,TRUE,Finnish
finn1318,info,73,TRUE,Finnish
icel1247,bull,73,FALSE,Icelandic
icel1247,leg,73,FALSE,Icelandic
indo1316,iris,73,TRUE,Standard Indonesian
indo1316,junior,73,TRUE,Standard Indonesian
iris1253,lifting,73,FALSE,Irish
ital1282,amino,73,FALSE,Italian
ital1282,audio,73,TRUE,Italian
ital1282,laser,73,TRUE,Italian
ital1282,navigate,73,TRUE,Italian
ital1282,omelette,73,TRUE,Italian
lati1261,approximate,73,FALSE,Latin
lati1261,assumes,73,FALSE,Latin
lati1261,vases,73,FALSE,Latin
midd1317,est,73,FALSE,Middle English
midd1317,sir,73,FALSE,Middle English
midd1317,verse,73,FALSE,Middle English
nucl1301,dad,73,FALSE,Turkish
nucl1301,grip,73,FALSE,Turkish
nucl1301,sofa,73,FALSE,Turkish
oldf1239,feel,73,FALSE,Old French (842-ca. 1400)
oldf1239,mon,73,FALSE,Old French (842-ca. 1400)
oldn1244,ask,73,FALSE,Old Norse
poli1260,alibi,73,TRUE,Polish
poli1260,wrestling,73,TRUE,Polish
port1283,deem,73,FALSE,Portuguese
port1283,fumes,73,FALSE,Portuguese
port1283,parole,73,FALSE,Portuguese
port1283,utopia,73,TRUE,Portuguese
port1283,vagina,73,TRUE,Portuguese
port1283,vernacular,73,TRUE,Portuguese
roma1327,deficit,73,TRUE,Romanian
roma1327,dialect,73,TRUE,Romanian
roma1327,erect,73,TRUE,Romanian
roma1327,marina,73,FALSE,Romanian
roma1327,minimum,73,TRUE,Romanian
roma1327,nominal,73,TRUE,Romanian
roma1327,shocking,73,TRUE,Romanian
roma1327,tragic,73,TRUE,Romanian
roma1327,zinc,73,TRUE,Romanian
samo1305,tuna,73,FALSE,Samoan
stan1288,noodles,73,FALSE,Spanish
stan1290,flashes,73,FALSE,French
stan1290,hacker,73,TRUE,French
stan1290,mentions,73,FALSE,French
stan1295,regressive,73,FALSE,German
swed1254,dollar,73,TRUE,Swedish
swed1254,hymn,73,TRUE,Swedish
swed1254,marginal,73,FALSE,Swedish
viet1252,bro,73,TRUE,Vietnamese
wels1247,coma,73,FALSE,Welsh
wels1247,magnet,73,TRUE,Welsh
wels1247,melon,73,TRUE,Welsh
czec1258,chaos,72,TRUE,Czech
dani1285,dug,72,FALSE,Danish
dani1285,pilot,72,TRUE,Danish
dani1285,smoking,72,FALSE,Danish
dutc1256,tact,72,TRUE,Dutch
dutc1256,zebra,72,TRUE,Dutch
esto1258,mere,72,FALSE,Estonian
indo1316,testing,72,TRUE,Standard Indonesian
lati1261,evolve,72,FALSE,Latin
lati1261,placentas,72,FALSE,Latin
nucl1643,amino,72,FALSE,Japanese
olde1238,ears,72,FALSE,Old English (ca. 450-1100)
oldf1239,dire,72,FALSE,Old French (842-ca. 1400)
poli1260,mini,72,TRUE,Polish
poli1260,wary,72,FALSE,Polish
port1283,dais,72,FALSE,Portuguese
port1283,gases,72,FALSE,Portuguese
port1283,lobby,72,FALSE,Portuguese
port1283,piles,72,FALSE,Portuguese
port1283,pneumonia,72,TRUE,Portuguese
port1283,receptor,72,FALSE,Portuguese
roma1327,corporal,72,TRUE,Romanian
roma1327,debit,72,TRUE,Romanian
roma1327,hem,72,FALSE,Romanian
roma1327,junior,72,TRUE,Romanian
roma1327,reflux,72,TRUE,Romanian
slov1268,sin,72,FALSE,Slovenian
slov1269,brat,72,FALSE,Slovak
sout1528,incident,72,TRUE,Serbian-Croatian-Bosnian
sout1528,lies,72,FALSE,Serbian-Croatian-Bosnian
stan1288,debates,72,FALSE,Spanish
stan1288,misses,72,FALSE,Spanish
stan1290,examines,72,FALSE,French
stan1290,lodges,72,FALSE,French
stan1290,pamphlets,72,FALSE,French
sume1241,gin,72,FALSE,Sumerian
swed1254,aversion,72,TRUE,Swedish
swed1254,drags,72,FALSE,Swedish
swed1254,explosion,72,TRUE,Swedish
swed1254,flank,72,TRUE,Swedish
swed1254,ideal,72,TRUE,Swedish
tbol1240,fat,72,FALSE,Tboli
tedi1235,bang,72,FALSE,Tedim Chin
toke1240,toe,72,FALSE,Tokelau
tokp1240,lap,72,FALSE,Tok Pisin
tokp1240,taro,72,TRUE,Tok Pisin
wels1247,flows,72,FALSE,Welsh
afri1274,mane,71,TRUE,Afrikaans
afri1274,museum,71,TRUE,Afrikaans
afri1274,spoke,71,FALSE,Afrikaans
cebu1242,mayor,71,TRUE,Cebuano
dani1285,persons,71,FALSE,Danish
dutc1256,beats,71,FALSE,Dutch
dutc1256,complex,71,TRUE,Dutch
dutc1256,demon,71,TRUE,Dutch
dutc1256,journalist,71,TRUE,Dutch
dutc1256,roots,71,TRUE,Dutch
dutc1256,thesis,71,TRUE,Dutch
esto1258,salt,71,FALSE,Estonian
esto1258,valve,71,FALSE,Estonian
hung1274,zebra,71,TRUE,Hungarian
indo1316,diameter,71,TRUE,Standard Indonesian
indo1316,fungi,71,TRUE,Standard Indonesian
ital1282,caste,71,TRUE,Italian
ital1282,infertile,71,TRUE,Italian
ital1282,preclude,71,FALSE,Italian
ital1282,roulette,71,TRUE,Italian
ital1282,vaccine,71,TRUE,Italian
lati1261,expectant,71,FALSE,Latin
lati1261,graduate,71,FALSE,Latin
lati1261,indeterminate,71,FALSE,Latin
olde1238,lent,71,FALSE,Old English (ca. 450-1100)
olde1238,nose,71,FALSE,Old English (ca. 450-1100)
olde1238,sex,71,FALSE,Old English (ca. 450-1100)
oldf1239,table,71,TRUE,Old French (842-ca. 1400)
poli1260,bastion,71,TRUE,Polish
poli1260,gon,71,FALSE,Polish
poli1260,impotent,71,TRUE,Polish
poli1260,lobby,71,TRUE,Polish
port1283,pedigree,71,TRUE,Portuguese
port1283,terrier,71,TRUE,Portuguese
roma1327,accidental,71,TRUE,Romanian
roma1327,basin,71,FALSE,Romanian
roma1327,dependent,71,TRUE,Romanian
roma1327,dominant,71,TRUE,Romanian
roma1327,intact,71,TRUE,Romanian
roma1327,jug,71,FALSE,Romanian
roma1327,orbit,71,FALSE,Romanian
roma1327,premier,71,TRUE,Romanian
roma1327,ritual,71,TRUE,Romanian
sout1528,golf,71,TRUE,Serbian-Croatian-Bosnian
sout1528,sediment,71,TRUE,Serbian-Croatian-Bosnian
stan1288,dictum,71,TRUE,Spanish
stan1288,distal,71,TRUE,Spanish
stan1288,dugout,71,TRUE,Spanish
stan1288,expertise,71,TRUE,Spanish
stan1288,feedback,71,TRUE,Spanish
stan1288,ranking,71,TRUE,Spanish
stan1288,surfing,71,TRUE,Spanish
stan1290,plastics,71,FALSE,French
stan1290,prescriptive,71,FALSE,French
stan1290,standardisation,71,TRUE,French
stan1295,optimal,71,TRUE,German
swed1254,presentation,71,TRUE,Swedish
swed1254,stride,71,FALSE,Swedish
afri1274,sending,70,FALSE,Afrikaans
cham1312,hit,70,FALSE,Chamorro
czec1258,poker,70,TRUE,Czech
czec1258,rode,70,FALSE,Czech
dani1285,ark,70,TRUE,Danish
dani1285,fingers,70,FALSE,Danish
dani1285,finish,70,TRUE,Danish
dani1285,tank,70,TRUE,Danish
dutc1256,diesel,70,TRUE,Dutch
dutc1256,node,70,FALSE,Dutch
esto1258,protest,70,TRUE,Estonian
finn1318,bee,70,TRUE,Finnish
finn1318,sauna,70,TRUE,Finnish
finn1318,seeing,70,TRUE,Finnish
hung1274,und,70,FALSE,Hungarian
indo1316,fetus,70,TRUE,Standard Indonesian
indo1316,seminar,70,TRUE,Standard Indonesian
iris1253,litre,70,TRUE,Irish
iris1253,rite,70,FALSE,Irish
ital1282,beta,70,TRUE,Italian
ital1282,designate,70,FALSE,Italian
ital1282,emulate,70,FALSE,Italian
ital1282,hub,70,TRUE,Italian
ital1282,jogging,70,TRUE,Italian
ital1282,ornate,70,FALSE,Italian
kawi1241,sore,70,FALSE,Kawi
lati1261,determines,70,FALSE,Latin
lati1261,informant,70,FALSE,Latin
lati1261,petite,70,FALSE,Latin
lati1261,reduces,70,FALSE,Latin
lati1261,scrotum,70,TRUE,Latin
midd1317,were,70,FALSE,Middle English
olde1238,linen,70,TRUE,Old English (ca. 450-1100)
oldf1239,able,70,FALSE,Old French (842-ca. 1400)
poli1260,mister,70,FALSE,Polish
poli1260,pub,70,TRUE,Polish
poli1260,veto,70,TRUE,Polish
port1283,compressor,70,TRUE,Portuguese
port1283,ferry,70,TRUE,Portuguese
port1283,focal,70,TRUE,Portuguese
port1283,volumes,70,FALSE,Portuguese
roma1327,biscuit,70,TRUE,Romanian
roma1327,carton,70,FALSE,Romanian
roma1327,observe,70,TRUE,Romanian
roma1327,strategic,70,TRUE,Romanian
roma1327,vacant,70,FALSE,Romanian
roma1327,verse,70,FALSE,Romanian
sout1528,status,70,TRUE,Serbian-Croatian-Bosnian
stan1289,font,70,TRUE,Catalan
stan1289,hem,70,FALSE,Catalan
stan1290,accommodations,70,FALSE,French
stan1290,interrogations,70,FALSE,French
stan1290,mates,70,FALSE,French
stan1290,sympathise,70,FALSE,French
swah1253,opera,70,TRUE,Swahili
swed1254,museum,70,TRUE,Swedish
swed1254,separation,70,TRUE,Swedish
taga1270,mall,70,TRUE,Tagalog
wels1247,grid,70,TRUE,Welsh
afri1274,broom,69,FALSE,Afrikaans
afri1274,magistrate,69,FALSE,Afrikaans
afri1274,rape,69,FALSE,Afrikaans
czec1258,budget,69,FALSE,Czech
czec1258,finance,69,FALSE,Czech
dani1285,bro,69,FALSE,Danish
dani1285,reel,69,TRUE,Danish
dani1285,terror,69,TRUE,Danish
dutc1256,abundant,69,TRUE,Dutch
dutc1256,airs,69,FALSE,Dutch
dutc1256,bust,69,FALSE,Dutch
dutc1256,flip,69,FALSE,Dutch
dutc1256,hens,69,FALSE,Dutch
dutc1256,hobby,69,TRUE,Dutch
dutc1256,rapport,69,FALSE,Dutch
dutc1256,records,69,FALSE,Dutch
dutc1256,revolver,69,TRUE,Dutch
dutc1256,spurt,69,TRUE,Dutch
dutc1256,wars,69,FALSE,Dutch
finn1318,eve,69,FALSE,Finnish
indo1316,vitamin,69,TRUE,Standard Indonesian
ital1282,indoor,69,TRUE,Italian
ital1282,max,69,FALSE,Italian
lati1261,pores,69,FALSE,Latin
lati1261,tolerant,69,FALSE,Latin
midd1317,have,69,FALSE,Middle English
midd1317,writers,69,FALSE,Middle English
nucl1301,madam,69,TRUE,Turkish
olde1238,leaf,69,TRUE,Old English (ca. 450-1100)
oldf1239,cure,69,FALSE,Old French (842-ca. 1400)
oldf1239,justice,69,FALSE,Old French (842-ca. 1400)
oldf1239,pot,69,TRUE,Old French (842-ca. 1400)
pali1273,hare,69,FALSE,Pali
poli1260,polo,69,TRUE,Polish
port1283,define,69,TRUE,Portuguese
port1283,hiatus,69,FALSE,Portuguese
port1283,legalize,69,TRUE,Portuguese
port1283,memo,69,FALSE,Portuguese
port1283,saga,69,TRUE,Portuguese
port1283,trope,69,FALSE,Portuguese
roma1327,adopt,69,TRUE,Romanian
roma1327,induce,69,TRUE,Romanian
roma1327,kit,69,TRUE,Romanian
roma1327,operator,69,TRUE,Romanian
roma1327,provincial,69,TRUE,Romanian
roma1327,radar,69,TRUE,Romanian
roma1327,valid,69,TRUE,Romanian
scot1243,manifest,69,TRUE,Scots
sout1528,ignorant,69,TRUE,Serbian-Croatian-Bosnian
sout1528,pant,69,FALSE,Serbian-Croatian-Bosnian
sout1528,veteran,69,TRUE,Serbian-Croatian-Bosnian
stan1288,industries,69,FALSE,Spanish
stan1288,remedial,69,TRUE,Spanish
stan1288,skates,69,FALSE,Spanish
stan1288,teas,69,FALSE,Spanish
stan1288,thriller,69,TRUE,Spanish
stan1290,excavations,69,FALSE,French
stan1290,incursions,69,FALSE,French
stan1290,photon,69,TRUE,French
stan1290,trails,69,FALSE,French
stan1295,emergent,69,TRUE,German
stan1306,dot,69,FALSE,Standard Malay
swed1254,tradition,69,TRUE,Swedish
tokp1240,ran,69,FALSE,Tok Pisin
tokp1240,tin,69,TRUE,Tok Pisin
wels1247,stigma,69,TRUE,Welsh
cebu1242,motor,68,FALSE,Cebuano
dani1285,hue,68,FALSE,Danish
dutc1256,bunker,68,TRUE,Dutch
dutc1256,films,68,FALSE,Dutch
dutc1256,keyboard,68,TRUE,Dutch
dutc1256,premier,68,TRUE,Dutch
dutc1256,tempo,68,TRUE,Dutch
dutc1256,trio,68,TRUE,Dutch
esto1258,pale,68,FALSE,Estonian
esto1258,sad,68,FALSE,Estonian
esto1258,torn,68,FALSE,Estonian
hung1274,album,68,TRUE,Hungarian
hung1274,humor,68,TRUE,Hungarian
indo1316,helm,68,FALSE,Standard Indonesian
ital1282,converge,68,FALSE,Italian
ital1282,furtive,68,FALSE,Italian
ital1282,responsive,68,FALSE,Italian
ital1282,termite,68,TRUE,Italian
ital1282,utopia,68,TRUE,Italian
lati1261,faeces,68,TRUE,Latin
lati1261,ventilator,68,FALSE,Latin
midd1317,other,68,TRUE,Middle English
olde1238,ripe,68,TRUE,Old English (ca. 450-1100)
oldf1239,ore,68,FALSE,Old French (842-ca. 1400)
oldf1239,violent,68,TRUE,Old French (842-ca. 1400)
poli1260,domino,68,TRUE,Polish
port1283,tuning,68,TRUE,Portuguese
port1283,visa,68,TRUE,Portuguese
port1283,vistas,68,FALSE,Portuguese
roma1327,blond,68,TRUE,Romanian
roma1327,boxer,68,TRUE,Romanian
roma1327,imperative,68,FALSE,Romanian
roma1327,impersonal,68,TRUE,Romanian
roma1327,integral,68,TRUE,Romanian
roma1327,perpendicular,68,TRUE,Romanian
roma1327,persistent,68,TRUE,Romanian
roma1327,planet,68,FALSE,Romanian
roma1327,tactic,68,FALSE,Romanian
roma1327,temperament,68,TRUE,Romanian
roma1327,visa,68,FALSE,Romanian
soma1255,bus,68,FALSE,Somali
sout1528,bum,68,FALSE,Serbian-Croatian-Bosnian
sout1528,demon,68,TRUE,Serbian-Croatian-Bosnian
sout1528,hazard,68,TRUE,Serbian-Croatian-Bosnian
sout1528,torpedo,68,TRUE,Serbian-Croatian-Bosnian
stan1288,topless,68,TRUE,Spanish
stan1290,accuses,68,FALSE,French
stan1290,admires,68,FALSE,French
stan1290,cheddar,68,TRUE,French
stan1290,clusters,68,FALSE,French
stan1290,pubs,68,FALSE,French
stan1290,showroom,68,TRUE,French
swed1254,scout,68,TRUE,Swedish
swed1254,series,68,FALSE,Swedish
swed1254,telegram,68,TRUE,Swedish
swed1254,whisky,68,TRUE,Swedish
taga1270,metro,68,TRUE,Tagalog
cahu1264,wet,67,FALSE,Cahuilla
cebu1242,garden,67,FALSE,Cebuano
dani1285,medium,67,TRUE,Danish
dani1285,slot,67,FALSE,Danish
dutc1256,app,67,TRUE,Dutch
dutc1256,reflex,67,TRUE,Dutch
dutc1256,serene,67,FALSE,Dutch
esto1258,sat,67,FALSE,Estonian
hung1274,fart,67,FALSE,Hungarian
hung1274,influenza,67,TRUE,Hungarian
hung1274,primer,67,FALSE,Hungarian
indo1316,dealer,67,TRUE,Standard Indonesian
indo1316,pal,67,TRUE,Standard Indonesian
indo1316,stadium,67,TRUE,Standard Indonesian
iris1253,punt,67,FALSE,Irish
ital1282,alcove,67,TRUE,Italian
ital1282,competitive,67,FALSE,Italian
ital1282,manicure,67,TRUE,Italian
lati1261,assimilate,67,FALSE,Latin
lati1261,coherent,67,FALSE,Latin
lati1261,congregate,67,FALSE,Latin
lati1261,intermittent,67,FALSE,Latin
lati1261,reserves,67,FALSE,Latin
lati1261,savior,67,FALSE,Latin
lati1261,varies,67,FALSE,Latin
olde1238,grim,67,FALSE,Old English (ca. 450-1100)
penn1240,gut,67,FALSE,Pennsylvania German
poli1260,husky,67,TRUE,Polish
poli1260,slogan,67,TRUE,Polish
port1283,boxer,67,TRUE,Portuguese
port1283,impasse,67,TRUE,Portuguese
port1283,torso,67,TRUE,Portuguese
roma1327,cement,67,TRUE,Romanian
roma1327,clearing,67,TRUE,Romanian
roma1327,pact,67,TRUE,Romanian
roma1327,pavilion,67,TRUE,Romanian
roma1327,socialism,67,TRUE,Romanian
roma1327,sofa,67,TRUE,Romanian
slov1269,film,67,TRUE,Slovak
sout1528,dogma,67,TRUE,Serbian-Croatian-Bosnian
stan1288,intrigues,67,FALSE,Spanish
stan1288,sprinter,67,TRUE,Spanish
stan1288,tablets,67,FALSE,Spanish
stan1288,viral,67,TRUE,Spanish
stan1290,abstractions,67,FALSE,French
stan1290,aspirations,67,FALSE,French
stan1290,plugs,67,FALSE,French
swed1254,mall,67,FALSE,Swedish
swed1254,minimum,67,TRUE,Swedish
swed1254,reprimand,67,TRUE,Swedish
swed1254,rotation,67,TRUE,Swedish
swed1254,trend,67,TRUE,Swedish
taga1270,rumor,67,TRUE,Tagalog
tetu1245,halo,67,FALSE,Tetum
west2615,big,67,FALSE,Western Apache
yoru1245,age,67,FALSE,Yoruba
dani1285,violin,66,TRUE,Danish
dutc1256,alert,66,TRUE,Dutch
dutc1256,loops,66,FALSE,Dutch
dutc1256,maximum,66,TRUE,Dutch
dutc1256,pus,66,TRUE,Dutch
dutc1256,stigma,66,TRUE,Dutch
dutc1256,tablet,66,TRUE,Dutch
finn1318,version,66,TRUE,Finnish
icel1247,smell,66,FALSE,Icelandic
icel1247,una,66,FALSE,Icelandic
indo1316,halo,66,TRUE,Standard Indonesian
indo1316,propaganda,66,TRUE,Standard Indonesian
iris1253,bang,66,FALSE,Irish
iris1253,staid,66,FALSE,Irish
ital1282,bomber,66,TRUE,Italian
ladi1251,una,66,FALSE,Ladino
lati1261,bison,66,TRUE,Latin
lati1261,cactus,66,TRUE,Latin
lati1261,cholera,66,TRUE,Latin
lati1261,effluvium,66,FALSE,Latin
luxe1241,den,66,FALSE,Moselle Franconian
mans1262,book,66,FALSE,Mansaka
manx1243,fir,66,FALSE,Manx
manx1243,king,66,FALSE,Manx
nucl1301,bun,66,FALSE,Turkish
olde1238,rind,66,TRUE,Old English (ca. 450-1100)
olde1238,sec,66,FALSE,Old English (ca. 450-1100)
oldf1239,honour,66,FALSE,Old French (842-ca. 1400)
poli1260,legend,66,TRUE,Polish
poli1260,mama,66,TRUE,Polish
poli1260,pup,66,FALSE,Polish
port1283,apologize,66,FALSE,Portuguese
port1283,clan,66,FALSE,Portuguese
port1283,cult,66,TRUE,Portuguese
port1283,distaste,66,FALSE,Portuguese
port1283,guise,66,FALSE,Portuguese
port1283,nude,66,TRUE,Portuguese
roma1327,admire,66,TRUE,Romanian
roma1327,adolescent,66,TRUE,Romanian
roma1327,dragon,66,TRUE,Romanian
roma1327,eminent,66,FALSE,Romanian
roma1327,energetic,66,TRUE,Romanian
roma1327,instinct,66,TRUE,Romanian
roma1327,jazz,66,TRUE,Romanian
roma1327,noble,66,FALSE,Romanian
roma1327,prospect,66,FALSE,Romanian
roma1327,rap,66,TRUE,Romanian
slov1268,lose,66,FALSE,Slovenian
sout1528,formula,66,TRUE,Serbian-Croatian-Bosnian
sout1528,oral,66,FALSE,Serbian-Croatian-Bosnian
sout1528,trend,66,TRUE,Serbian-Croatian-Bosnian
stan1288,escapes,66,FALSE,Spanish
stan1288,factual,66,TRUE,Spanish
stan1288,indices,66,FALSE,Spanish
stan1288,postponed,66,FALSE,Spanish
stan1288,reactive,66,FALSE,Spanish
stan1290,urines,66,FALSE,French
swed1254,banal,66,TRUE,Swedish
swed1254,depression,66,TRUE,Swedish
swed1254,silt,66,TRUE,Swedish
taga1270,tore,66,FALSE,Tagalog
cebu1242,model,65,TRUE,Cebuano
corn1251,try,65,FALSE,Cornish
czec1258,album,65,TRUE,Czech
czec1258,pros,65,FALSE,Czech
dani1285,grim,65,FALSE,Danish
dani1285,render,65,FALSE,Danish
dani1285,sex,65,TRUE,Danish
dani1285,talent,65,TRUE,Danish
dutc1256,absurd,65,TRUE,Dutch
dutc1256,advent,65,TRUE,Dutch
dutc1256,agenda,65,TRUE,Dutch
dutc1256,bastion,65,TRUE,Dutch
dutc1256,capsule,65,TRUE,Dutch
dutc1256,immense,65,TRUE,Dutch
dutc1256,joints,65,FALSE,Dutch
dutc1256,loser,65,TRUE,Dutch
dutc1256,radiator,65,TRUE,Dutch
esto1258,aim,65,FALSE,Estonian
esto1258,vast,65,FALSE,Estonian
finn1318,folk,65,TRUE,Finnish
icel1247,aka,65,FALSE,Icelandic
icel1247,arm,65,TRUE,Icelandic
indo1316,vital,65,TRUE,Standard Indonesian
iris1253,bras,65,FALSE,Irish
ital1282,ammo,65,FALSE,Italian
ital1282,austerity,65,TRUE,Italian
ital1282,crunch,65,TRUE,Italian
ital1282,cumulative,65,TRUE,Italian
ital1282,elusive,65,FALSE,Italian
ital1282,integrate,65,FALSE,Italian
ital1282,linoleum,65,TRUE,Italian
ital1282,meditative,65,TRUE,Italian
ital1282,referendum,65,TRUE,Italian
ital1282,regalia,65,TRUE,Italian
ital1282,zoom,65,TRUE,Italian
lati1261,aquarium,65,TRUE,Latin
lati1261,herpes,65,TRUE,Latin
lati1261,immune,65,FALSE,Latin
lati1261,mundane,65,FALSE,Latin
lati1261,philtrum,65,FALSE,Latin
malt1254,din,65,FALSE,Maltese
manx1243,hug,65,FALSE,Manx
nucl1301,malt,65,TRUE,Turkish
nucl1347,doom,65,FALSE,Wolof
oldf1239,confusion,65,FALSE,Old French (842-ca. 1400)
oldf1239,servant,65,TRUE,Old French (842-ca. 1400)
oldn1244,aka,65,FALSE,Old Norse
poli1260,interpreter,65,TRUE,Polish
poli1260,jazz,65,TRUE,Polish
poli1260,mediator,65,TRUE,Polish
poli1260,serum,65,TRUE,Polish
port1283,ancestral,65,TRUE,Portuguese
port1283,arse,65,FALSE,Portuguese
port1283,cowboy,65,TRUE,Portuguese
port1283,equatorial,65,TRUE,Portuguese
port1283,inaugural,65,TRUE,Portuguese
roma1327,cerebral,65,TRUE,Romanian
roma1327,compliment,65,TRUE,Romanian
roma1327,horror,65,TRUE,Romanian
roma1327,temple,65,TRUE,Romanian
roma1327,tuna,65,FALSE,Romanian
scot1243,accommodation,65,TRUE,Scots
scot1243,flair,65,FALSE,Scots
slov1268,bled,65,FALSE,Slovenian
slov1269,sad,65,FALSE,Slovak
sout1528,atlas,65,TRUE,Serbian-Croatian-Bosnian
sout1528,dental,65,TRUE,Serbian-Croatian-Bosnian
sout1528,memorandum,65,TRUE,Serbian-Croatian-Bosnian
sout1528,patriot,65,TRUE,Serbian-Croatian-Bosnian
stan1288,activate,65,TRUE,Spanish
stan1288,determines,65,FALSE,Spanish
stan1288,paced,65,FALSE,Spanish
stan1290,ballots,65,FALSE,French
stan1290,basal,65,TRUE,French
stan1290,crossover,65,TRUE,French
stan1290,managers,65,FALSE,French
stan1290,triplets,65,FALSE,French
swed1254,flak,65,FALSE,Swedish
swed1254,gets,65,FALSE,Swedish
swed1254,kinder,65,FALSE,Swedish
swed1254,offensive,65,FALSE,Swedish
swed1254,profane,65,FALSE,Swedish
swed1254,rings,65,FALSE,Swedish
swed1254,tame,65,FALSE,Swedish
tokp1240,bet,65,TRUE,Tok Pisin
west2721,bona,65,FALSE,West Central Oromo
czec1258,opium,64,TRUE,Czech
czec1258,penis,64,TRUE,Czech
czec1258,slut,64,FALSE,Czech
dani1285,arrangement,64,TRUE,Danish
dani1285,basis,64,TRUE,Danish
dani1285,pat,64,FALSE,Danish
dani1285,restaurant,64,TRUE,Danish
dutc1256,cholera,64,TRUE,Dutch
dutc1256,funk,64,TRUE,Dutch
dutc1256,intense,64,TRUE,Dutch
dutc1256,minimum,64,TRUE,Dutch
dutc1256,producer,64,TRUE,Dutch
dutc1256,studies,64,FALSE,Dutch
dutc1256,video,64,TRUE,Dutch
hung1274,regiment,64,TRUE,Hungarian
icel1247,box,64,TRUE,Icelandic
icel1247,gras,64,FALSE,Icelandic
indo1316,slot,64,TRUE,Standard Indonesian
ital1282,forum,64,TRUE,Italian
ital1282,leadership,64,TRUE,Italian
ital1282,robot,64,TRUE,Italian
ital1282,royalty,64,TRUE,Italian
lati1261,aggressor,64,TRUE,Latin
lati1261,antiques,64,FALSE,Latin
lati1261,domes,64,FALSE,Latin
lati1261,syllabus,64,TRUE,Latin
latv1249,maizes,64,FALSE,Latvian
manx1243,moon,64,FALSE,Manx
nucl1301,amber,64,FALSE,Turkish
olde1238,box,64,TRUE,Old English (ca. 450-1100)
olde1238,ore,64,FALSE,Old English (ca. 450-1100)
poli1260,delirium,64,TRUE,Polish
poli1260,neutron,64,TRUE,Polish
port1283,excites,64,FALSE,Portuguese
port1283,floral,64,TRUE,Portuguese
port1283,pores,64,FALSE,Portuguese
roma1327,concurs,64,FALSE,Romanian
roma1327,cordial,64,TRUE,Romanian
roma1327,lunatic,64,TRUE,Romanian
roma1327,postal,64,FALSE,Romanian
roma1327,select,64,TRUE,Romanian
roma1327,terminal,64,TRUE,Romanian
roma1327,weekend,64,TRUE,Romanian
scot1243,accidental,64,TRUE,Scots
sout1528,album,64,TRUE,Serbian-Croatian-Bosnian
stan1288,bats,64,FALSE,Spanish
stan1288,derives,64,FALSE,Spanish
stan1288,drags,64,FALSE,Spanish
stan1288,grades,64,FALSE,Spanish
stan1288,mores,64,FALSE,Spanish
stan1290,confessions,64,FALSE,French
stan1290,excites,64,FALSE,French
stan1290,immunisation,64,TRUE,French
stan1290,radon,64,TRUE,French
stan1290,rationalisation,64,TRUE,French
stan1295,positives,64,FALSE,German
swed1254,cylinder,64,TRUE,Swedish
swed1254,demonstration,64,TRUE,Swedish
swed1254,journal,64,TRUE,Swedish
swed1254,nations,64,FALSE,Swedish
swed1254,pillar,64,FALSE,Swedish
swed1254,pink,64,FALSE,Swedish
tzot1259,sob,64,FALSE,Tzotzil
afri1274,patron,63,TRUE,Afrikaans
bret1244,war,63,FALSE,Breton
cebu1242,boxer,63,FALSE,Cebuano
cebu1242,print,63,TRUE,Cebuano
corn1251,den,63,FALSE,Cornish
czec1258,transparent,63,FALSE,Czech
dani1285,absence,63,FALSE,Danish
dani1285,queer,63,TRUE,Danish
dutc1256,ambulance,63,TRUE,Dutch
dutc1256,bouquet,63,TRUE,Dutch
dutc1256,client,63,TRUE,Dutch
dutc1256,coke,63,TRUE,Dutch
dutc1256,embryo,63,TRUE,Dutch
dutc1256,shows,63,FALSE,Dutch
dutc1256,spies,63,FALSE,Dutch
esto1258,load,63,FALSE,Estonian
esto1258,park,63,TRUE,Estonian
hung1274,mid,63,FALSE,Hungarian
indo1316,brim,63,TRUE,Standard Indonesian
indo1316,debit,63,TRUE,Standard Indonesian
indo1316,visa,63,TRUE,Standard Indonesian
iris1253,hung,63,FALSE,Irish
ital1282,grizzly,63,TRUE,Italian
lati1261,alumni,63,FALSE,Latin
lati1261,insurgent,63,FALSE,Latin
lati1261,nodes,63,FALSE,Latin
lati1261,pristine,63,FALSE,Latin
lati1261,replete,63,FALSE,Latin
lati1261,taxa,63,FALSE,Latin
lati1261,taxi,63,FALSE,Latin
lati1261,visas,63,FALSE,Latin
manx1243,fee,63,FALSE,Manx
nucl1301,site,63,TRUE,Turkish
poli1260,folder,63,TRUE,Polish
poli1260,linoleum,63,TRUE,Polish
port1283,monumental,63,TRUE,Portuguese
port1283,outlet,63,TRUE,Portuguese
port1283,prepares,63,FALSE,Portuguese
port1283,ups,63,FALSE,Portuguese
roma1327,alert,63,TRUE,Romanian
roma1327,bait,63,FALSE,Romanian
roma1327,excite,63,TRUE,Romanian
roma1327,experimental,63,FALSE,Romanian
roma1327,extract,63,TRUE,Romanian
roma1327,impact,63,TRUE,Romanian
roma1327,indulgent,63,TRUE,Romanian
roma1327,oriental,63,TRUE,Romanian
roma1327,ornamental,63,TRUE,Romanian
roma1327,prosper,63,FALSE,Romanian
roma1327,reflex,63,TRUE,Romanian
roma1327,sacrifice,63,TRUE,Romanian
roma1327,strung,63,FALSE,Romanian
roma1327,taxa,63,FALSE,Romanian
sout1528,fluid,63,TRUE,Serbian-Croatian-Bosnian
sout1528,gusto,63,FALSE,Serbian-Croatian-Bosnian
sout1528,menu,63,FALSE,Serbian-Croatian-Bosnian
stan1288,avatar,63,TRUE,Spanish
stan1288,extracurricular,63,TRUE,Spanish
stan1288,roles,63,FALSE,Spanish
stan1290,ligaments,63,FALSE,French
swah1253,drama,63,TRUE,Swahili
swed1254,agitation,63,TRUE,Swedish
swed1254,ammunition,63,TRUE,Swedish
swed1254,bluff,63,TRUE,Swedish
swed1254,dividend,63,TRUE,Swedish
swed1254,flint,63,FALSE,Swedish
swed1254,manual,63,TRUE,Swedish
swed1254,martyr,63,TRUE,Swedish
swed1254,positive,63,FALSE,Swedish
swed1254,sock,63,TRUE,Swedish
swed1254,tunnel,63,TRUE,Swedish
yoru1245,win,63,FALSE,Yoruba
bisl1239,red,62,TRUE,Bislama
chuu1238,sense,62,FALSE,Chuukese
czec1258,pate,62,FALSE,Czech
czec1258,studio,62,TRUE,Czech
dani1285,international,62,TRUE,Danish
dutc1256,dilemma,62,TRUE,Dutch
dutc1256,dogma,62,TRUE,Dutch
dutc1256,flora,62,TRUE,Dutch
dutc1256,holster,62,TRUE,Dutch
dutc1256,mane,62,TRUE,Dutch
dutc1256,pallet,62,TRUE,Dutch
dutc1256,ratio,62,TRUE,Dutch
dutc1256,songs,62,FALSE,Dutch
dutc1256,types,62,FALSE,Dutch
esto1258,pink,62,FALSE,Estonian
finn1318,anti,62,FALSE,Finnish
finn1318,status,62,TRUE,Finnish
finn1318,tom,62,TRUE,Finnish
hung1274,western,62,TRUE,Hungarian
icel1247,grey,62,FALSE,Icelandic
indo1316,fatal,62,TRUE,Standard Indonesian
indo1316,posterior,62,TRUE,Standard Indonesian
indo1316,radius,62,TRUE,Standard Indonesian
indo1316,reservoir,62,TRUE,Standard Indonesian
indo1316,sip,62,FALSE,Standard Indonesian
ital1282,hamburger,62,TRUE,Italian
ital1282,intuitive,62,FALSE,Italian
lati1261,pasta,62,TRUE,Latin
lati1261,reunite,62,FALSE,Latin
latv1249,top,62,FALSE,Latvian
midd1317,royal,62,TRUE,Middle English
nucl1301,penis,62,TRUE,Turkish
olde1238,rose,62,TRUE,Old English (ca. 450-1100)
oldn1244,net,62,TRUE,Old Norse
poli1260,adept,62,TRUE,Polish
port1283,camping,62,TRUE,Portuguese
port1283,dances,62,FALSE,Portuguese
port1283,deficit,62,TRUE,Portuguese
port1283,freezer,62,TRUE,Portuguese
port1283,globular,62,TRUE,Portuguese
port1283,handicap,62,TRUE,Portuguese
port1283,rectangular,62,TRUE,Portuguese
roma1327,consistent,62,TRUE,Romanian
roma1327,creator,62,TRUE,Romanian
roma1327,empire,62,FALSE,Romanian
roma1327,optimist,62,TRUE,Romanian
roma1327,regional,62,TRUE,Romanian
roma1327,seduce,62,TRUE,Romanian
scot1243,gaunt,62,FALSE,Scots
sout1528,arsenal,62,TRUE,Serbian-Croatian-Bosnian
sout1528,brine,62,FALSE,Serbian-Croatian-Bosnian
sout1528,mama,62,FALSE,Serbian-Croatian-Bosnian
sout1528,planet,62,TRUE,Serbian-Croatian-Bosnian
sout1528,reporter,62,TRUE,Serbian-Croatian-Bosnian
stan1288,balances,62,FALSE,Spanish
stan1288,clone,62,TRUE,Spanish
stan1288,placebo,62,TRUE,Spanish
stan1288,salaries,62,FALSE,Spanish
stan1288,trove,62,FALSE,Spanish
stan1289,verbs,62,FALSE,Catalan
stan1290,manifestations,62,FALSE,French
stan1290,placebo,62,TRUE,French
stan1290,populations,62,FALSE,French
stan1290,taxa,62,FALSE,French
stan1290,variables,62,FALSE,French
stan1295,bipolar,62,TRUE,German
swed1254,legend,62,TRUE,Swedish
swed1254,nasal,62,TRUE,Swedish
swed1254,pest,62,TRUE,Swedish
swed1254,spray,62,TRUE,Swedish
taga1270,peg,62,FALSE,Tagalog
taga1270,tumor,62,TRUE,Tagalog
toke1240,mate,62,FALSE,Tokelau
wels1247,piston,62,TRUE,Welsh
yuca1254,teen,62,FALSE,Yucatec Maya
chuu1238,pun,61,FALSE,Chuukese
corn1251,map,61,FALSE,Cornish
corn1251,tan,61,FALSE,Cornish
dani1285,chef,61,TRUE,Danish
dani1285,lime,61,TRUE,Danish
dani1285,meter,61,TRUE,Danish
dani1285,peg,61,FALSE,Danish
dani1285,score,61,TRUE,Danish
dani1285,stab,61,FALSE,Danish
dutc1256,machines,61,FALSE,Dutch
dutc1256,skins,61,FALSE,Dutch
dutc1256,status,61,TRUE,Dutch
esto1258,vein,61,FALSE,Estonian
finn1318,gay,61,TRUE,Finnish
haus1257,safe,61,FALSE,Hausa
icel1247,ask,61,FALSE,Icelandic
indo1316,madam,61,FALSE,Standard Indonesian
ital1282,coordinate,61,TRUE,Italian
ital1282,pristine,61,FALSE,Italian
ital1282,suggestive,61,FALSE,Italian
ital1282,thriller,61,TRUE,Italian
ital1282,waterproof,61,TRUE,Italian
lati1261,excise,61,FALSE,Latin
lati1261,mittens,61,FALSE,Latin
midd1317,holy,61,TRUE,Middle English
olde1238,bolt,61,TRUE,Old English (ca. 450-1100)
olde1238,dumb,61,TRUE,Old English (ca. 450-1100)
oldf1239,con,61,FALSE,Old French (842-ca. 1400)
oldf1239,proper,61,FALSE,Old French (842-ca. 1400)
poli1260,hangar,61,TRUE,Polish
port1283,elite,61,TRUE,Portuguese
port1283,jogging,61,TRUE,Portuguese
port1283,marina,61,TRUE,Portuguese
port1283,script,61,TRUE,Portuguese
roma1327,absorb,61,TRUE,Romanian
roma1327,bile,61,FALSE,Romanian
roma1327,boss,61,TRUE,Romanian
roma1327,engineering,61,TRUE,Romanian
roma1327,fanatic,61,TRUE,Romanian
roma1327,genetic,61,TRUE,Romanian
roma1327,glacial,61,TRUE,Romanian
roma1327,iris,61,TRUE,Romanian
roma1327,mouse,61,TRUE,Romanian
roma1327,rustic,61,TRUE,Romanian
roma1327,saliva,61,FALSE,Romanian
roma1327,superb,61,TRUE,Romanian
roma1327,trivial,61,TRUE,Romanian
sout1528,deli,61,FALSE,Serbian-Croatian-Bosnian
sout1528,lava,61,TRUE,Serbian-Croatian-Bosnian
sout1528,leopard,61,TRUE,Serbian-Croatian-Bosnian
stan1288,apartheid,61,TRUE,Spanish
stan1288,borderline,61,TRUE,Spanish
stan1288,flashback,61,TRUE,Spanish
stan1288,invites,61,FALSE,Spanish
stan1288,labs,61,FALSE,Spanish
stan1289,can,61,FALSE,Catalan
stan1290,blacks,61,FALSE,French
stan1290,consumes,61,FALSE,French
stan1290,panels,61,FALSE,French
stan1290,primates,61,TRUE,French
stan1306,den,61,FALSE,Standard Malay
swed1254,cricket,61,FALSE,Swedish
swed1254,genuine,61,FALSE,Swedish
swed1254,media,61,FALSE,Swedish
swed1254,stadium,61,FALSE,Swedish
wels1247,pipes,61,FALSE,Welsh
west2354,fan,61,FALSE,Western Frisian
chuu1238,met,60,FALSE,Chuukese
czec1258,trans,60,FALSE,Czech
dani1285,bug,60,FALSE,Danish
dani1285,hid,60,FALSE,Danish
dani1285,rim,60,FALSE,Danish
dutc1256,compressor,60,TRUE,Dutch
dutc1256,delirium,60,TRUE,Dutch
dutc1256,ecstasy,60,TRUE,Dutch
dutc1256,schema,60,FALSE,Dutch
finn1318,ape,60,FALSE,Finnish
finn1318,mania,60,FALSE,Finnish
finn1318,stout,60,TRUE,Finnish
hawa1245,mile,60,TRUE,Hawaiian
ital1282,risotto,60,TRUE,Italian
lati1261,computer,60,FALSE,Latin
lati1261,macro,60,FALSE,Latin
lati1261,proficient,60,FALSE,Latin
lati1261,satellite,60,FALSE,Latin
latv1249,bet,60,FALSE,Latvian
nucl1301,element,60,TRUE,Turkish
olde1238,team,60,TRUE,Old English (ca. 450-1100)
poli1260,fart,60,FALSE,Polish
poli1260,forum,60,TRUE,Polish
poli1260,malaria,60,TRUE,Polish
poli1260,sprint,60,TRUE,Polish
poli1260,trance,60,TRUE,Polish
poli1260,ultimatum,60,TRUE,Polish
port1283,cheques,60,FALSE,Portuguese
port1283,fauna,60,TRUE,Portuguese
port1283,salsa,60,TRUE,Portuguese
port1283,unilateral,60,TRUE,Portuguese
roma1327,concept,60,TRUE,Romanian
roma1327,fox,60,TRUE,Romanian
roma1327,grape,60,FALSE,Romanian
roma1327,instructor,60,TRUE,Romanian
roma1327,mister,60,FALSE,Romanian
roma1327,muscular,60,TRUE,Romanian
roma1327,poll,60,TRUE,Romanian
roma1327,replica,60,FALSE,Romanian
roma1327,serial,60,TRUE,Romanian
slov1268,primer,60,FALSE,Slovenian
slov1268,sod,60,FALSE,Slovenian
sout1528,admiral,60,TRUE,Serbian-Croatian-Bosnian
sout1528,banana,60,TRUE,Serbian-Croatian-Bosnian
sout1528,propaganda,60,TRUE,Serbian-Croatian-Bosnian
sout1528,spas,60,FALSE,Serbian-Croatian-Bosnian
sout2856,mat,60,FALSE,Nafsan
stan1288,chives,60,FALSE,Spanish
stan1288,packaging,60,TRUE,Spanish
stan1288,royalties,60,TRUE,Spanish
stan1288,sauces,60,FALSE,Spanish
stan1288,tapes,60,FALSE,Spanish
stan1289,cap,60,FALSE,Catalan
stan1290,booms,60,FALSE,French
stan1290,transformations,60,FALSE,French
stan1306,skim,60,FALSE,Standard Malay
stan1306,stadium,60,TRUE,Standard Malay
swed1254,arrogant,60,TRUE,Swedish
swed1254,diverse,60,FALSE,Swedish
swed1254,filling,60,FALSE,Swedish
swed1254,madam,60,FALSE,Swedish
swed1254,oval,60,TRUE,Swedish
swed1254,super,60,TRUE,Swedish
arom1237,bat,59,FALSE,Aromanian
czec1258,diplomat,59,TRUE,Czech
czec1258,stave,59,FALSE,Czech
czec1258,tuna,59,FALSE,Czech
dutc1256,accountant,59,TRUE,Dutch
dutc1256,camping,59,TRUE,Dutch
dutc1256,grill,59,TRUE,Dutch
dutc1256,nectar,59,TRUE,Dutch
finn1318,fade,59,TRUE,Finnish
hung1274,meteor,59,TRUE,Hungarian
hung1274,premier,59,FALSE,Hungarian
icel1247,dust,59,TRUE,Icelandic
icel1247,sent,59,FALSE,Icelandic
indo1316,hanger,59,TRUE,Standard Indonesian
indo1316,serial,59,TRUE,Standard Indonesian
indo1316,stimulus,59,TRUE,Standard Indonesian
ital1282,assassinate,59,FALSE,Italian
ital1282,gadget,59,TRUE,Italian
ital1282,permissive,59,TRUE,Italian
ital1282,putative,59,FALSE,Italian
ital1282,refrigerate,59,FALSE,Italian
ital1282,skipper,59,TRUE,Italian
ital1282,taro,59,FALSE,Italian
ital1282,vulva,59,TRUE,Italian
lati1261,linens,59,FALSE,Latin
lati1261,militant,59,FALSE,Latin
latv1249,pasta,59,FALSE,Latvian
malt1254,bad,59,FALSE,Maltese
midd1317,new,59,FALSE,Middle English
nucl1301,puzzle,59,TRUE,Turkish
olde1238,bill,59,FALSE,Old English (ca. 450-1100)
olde1238,bliss,59,TRUE,Old English (ca. 450-1100)
olde1238,martyr,59,TRUE,Old English (ca. 450-1100)
oldf1239,fruit,59,TRUE,Old French (842-ca. 1400)
oldf1239,prison,59,TRUE,Old French (842-ca. 1400)
pala1344,bail,59,FALSE,Palauan
poli1260,interview,59,TRUE,Polish
port1283,anemia,59,TRUE,Portuguese
port1283,causal,59,TRUE,Portuguese
port1283,euro,59,TRUE,Portuguese
port1283,humane,59,FALSE,Portuguese
port1283,placenta,59,TRUE,Portuguese
roma1327,banking,59,TRUE,Romanian
roma1327,baseball,59,TRUE,Romanian
roma1327,elf,59,TRUE,Romanian
roma1327,fad,59,FALSE,Romanian
roma1327,municipal,59,TRUE,Romanian
roma1327,piston,59,TRUE,Romanian
roma1327,spray,59,TRUE,Romanian
roma1327,tort,59,FALSE,Romanian
roma1327,toxic,59,TRUE,Romanian
roma1327,virus,59,TRUE,Romanian
scot1243,champ,59,FALSE,Scots
sout1528,hors,59,FALSE,Serbian-Croatian-Bosnian
sout1528,pasta,59,FALSE,Serbian-Croatian-Bosnian
sout1528,sled,59,FALSE,Serbian-Croatian-Bosnian
stan1288,clubhouse,59,TRUE,Spanish
stan1288,latitudes,59,FALSE,Spanish
stan1288,motivate,59,TRUE,Spanish
stan1288,rifles,59,FALSE,Spanish
stan1290,alliances,59,FALSE,French
stan1290,altitudes,59,FALSE,French
stan1290,assassins,59,FALSE,French
stan1290,constellations,59,FALSE,French
stan1290,drapes,59,FALSE,French
stan1290,urbanisation,59,TRUE,French
stan1295,interstellar,59,TRUE,German
swah1253,visa,59,FALSE,Swahili
swed1254,donation,59,TRUE,Swedish
swed1254,dragon,59,FALSE,Swedish
swed1254,pang,59,FALSE,Swedish
swed1254,repetition,59,TRUE,Swedish
swed1254,supporter,59,TRUE,Swedish
swed1254,variation,59,TRUE,Swedish
area1240,mane,58,FALSE,'Are'are
cebu1242,target,58,TRUE,Cebuano
corn1251,meth,58,FALSE,Cornish
czec1258,minimum,58,TRUE,Czech
czec1258,oral,58,FALSE,Czech
czec1258,pony,58,TRUE,Czech
dani1285,blanket,58,FALSE,Danish
dani1285,mile,58,TRUE,Danish
dutc1256,botanist,58,TRUE,Dutch
dutc1256,consequent,58,TRUE,Dutch
dutc1256,consistent,58,TRUE,Dutch
dutc1256,crucifix,58,TRUE,Dutch
dutc1256,dentist,58,TRUE,Dutch
dutc1256,pollen,58,TRUE,Dutch
dutc1256,putter,58,TRUE,Dutch
dutc1256,sonnet,58,TRUE,Dutch
dutc1256,starter,58,TRUE,Dutch
hung1274,dad,58,FALSE,Hungarian
indo1316,admiral,58,TRUE,Standard Indonesian
indo1316,federal,58,TRUE,Standard Indonesian
indo1316,pasta,58,TRUE,Standard Indonesian
ital1282,sauna,58,TRUE,Italian
ital1282,smog,58,TRUE,Italian
lati1261,uvula,58,TRUE,Latin
mand1415,update,58,TRUE,Mandarin Chinese
manx1243,arm,58,TRUE,Manx
manx1243,vie,58,FALSE,Manx
midd1317,des,58,FALSE,Middle English
midd1317,time,58,FALSE,Middle English
nort2961,win,58,FALSE,Northwestern Ojibwa
oldf1239,forest,58,TRUE,Old French (842-ca. 1400)
oldn1244,bent,58,FALSE,Old Norse
penn1240,hole,58,FALSE,Pennsylvania German
poli1260,fauna,58,TRUE,Polish
poli1260,memorandum,58,TRUE,Polish
poli1260,modem,58,TRUE,Polish
poli1260,portfolio,58,TRUE,Polish
port1283,avalanche,58,TRUE,Portuguese
port1283,bowling,58,FALSE,Portuguese
port1283,coincide,58,TRUE,Portuguese
port1283,cures,58,FALSE,Portuguese
port1283,memorize,58,TRUE,Portuguese
port1283,molecular,58,TRUE,Portuguese
port1283,shorts,58,FALSE,Portuguese
roma1327,conclude,58,TRUE,Romanian
roma1327,fluent,58,TRUE,Romanian
roma1327,gland,58,FALSE,Romanian
roma1327,maniac,58,FALSE,Romanian
roma1327,optic,58,TRUE,Romanian
roma1327,pastor,58,TRUE,Romanian
roma1327,telegram,58,FALSE,Romanian
roma1327,turbulent,58,TRUE,Romanian
stan1288,aerobic,58,FALSE,Spanish
stan1288,cheesecake,58,TRUE,Spanish
stan1288,declares,58,FALSE,Spanish
stan1288,flashes,58,FALSE,Spanish
stan1288,neural,58,TRUE,Spanish
stan1290,chutney,58,TRUE,French
stan1290,connotations,58,FALSE,French
stan1290,dealers,58,FALSE,French
stan1290,obscures,58,FALSE,French
stan1290,spires,58,FALSE,French
swed1254,games,58,FALSE,Swedish
swed1254,jurist,58,TRUE,Swedish
swed1254,pastor,58,TRUE,Swedish
swed1254,pedal,58,TRUE,Swedish
swed1254,rider,58,FALSE,Swedish
swed1254,shopping,58,TRUE,Swedish
swed1254,sober,58,FALSE,Swedish
swed1254,stint,58,FALSE,Swedish
taga1270,brutal,58,TRUE,Tagalog
wels1247,gala,58,FALSE,Welsh
wels1247,nitrogen,58,TRUE,Welsh
bamb1269,fin,57,FALSE,Bambara
czec1258,dogma,57,TRUE,Czech
czec1258,editor,57,TRUE,Czech
czec1258,panic,57,FALSE,Czech
dani1285,brag,57,FALSE,Danish
dani1285,juice,57,TRUE,Danish
dani1285,museum,57,TRUE,Danish
dani1285,timer,57,TRUE,Danish
dutc1256,bled,57,FALSE,Dutch
dutc1256,bonus,57,TRUE,Dutch
dutc1256,ceremonies,57,FALSE,Dutch
dutc1256,commune,57,TRUE,Dutch
dutc1256,etiquette,57,TRUE,Dutch
dutc1256,inconsistent,57,TRUE,Dutch
dutc1256,omelet,57,TRUE,Dutch
dutc1256,penis,57,TRUE,Dutch
dutc1256,pockets,57,FALSE,Dutch
dutc1256,stadium,57,TRUE,Dutch
esto1258,sink,57,FALSE,Estonian
finn1318,trading,57,FALSE,Finnish
hung1274,kernel,57,TRUE,Hungarian
hung1274,vitamin,57,TRUE,Hungarian
indo1316,bonus,57,TRUE,Standard Indonesian
ital1282,cabaret,57,TRUE,Italian
ital1282,formulate,57,FALSE,Italian
ital1282,weekend,57,TRUE,Italian
lati1261,curves,57,FALSE,Latin
lati1261,dispenser,57,FALSE,Latin
lati1261,literate,57,FALSE,Latin
mand1415,condom,57,TRUE,Mandarin Chinese
mara1404,pat,57,FALSE,Maranao
mars1254,jet,57,FALSE,Marshallese
nucl1301,dogma,57,TRUE,Turkish
oldf1239,guide,57,TRUE,Old French (842-ca. 1400)
pedi1238,mare,57,FALSE,Pedi
poli1260,delta,57,TRUE,Polish
poli1260,monarchy,57,FALSE,Polish
poli1260,proton,57,TRUE,Polish
port1283,bases,57,FALSE,Portuguese
port1283,crescendo,57,TRUE,Portuguese
port1283,detector,57,TRUE,Portuguese
port1283,melodrama,57,TRUE,Portuguese
port1283,rote,57,FALSE,Portuguese
port1283,whisky,57,TRUE,Portuguese
roma1327,atom,57,TRUE,Romanian
roma1327,bust,57,TRUE,Romanian
roma1327,lunar,57,TRUE,Romanian
roma1327,oval,57,TRUE,Romanian
roma1327,participant,57,TRUE,Romanian
scot1243,advised,57,TRUE,Scots
scot1245,cargo,57,FALSE,Scottish Gaelic
slov1268,drag,57,FALSE,Slovenian
slov1269,jar,57,FALSE,Slovak
sout1528,halo,57,TRUE,Serbian-Croatian-Bosnian
sout1528,idiom,57,TRUE,Serbian-Croatian-Bosnian
sout1528,temperament,57,TRUE,Serbian-Croatian-Bosnian
sout1528,zebra,57,TRUE,Serbian-Croatian-Bosnian
stan1288,banners,57,FALSE,Spanish
stan1288,centers,57,FALSE,Spanish
stan1288,jets,57,TRUE,Spanish
stan1288,responses,57,FALSE,Spanish
stan1288,scouts,57,FALSE,Spanish
stan1290,fugitives,57,FALSE,French
stan1290,implications,57,FALSE,French
swah1253,diploma,57,TRUE,Swahili
swed1254,maritime,57,FALSE,Swedish
swed1254,marks,57,FALSE,Swedish
swed1254,pretext,57,TRUE,Swedish
taga1270,mate,57,FALSE,Tagalog
taus1251,bud,57,FALSE,Tausug
bisl1239,dog,56,TRUE,Bislama
cebu1242,mate,56,FALSE,Cebuano
corn1251,bras,56,FALSE,Cornish
czec1258,blond,56,TRUE,Czech
czec1258,maximum,56,TRUE,Czech
czec1258,veto,56,TRUE,Czech
dani1285,bands,56,FALSE,Danish
dani1285,barometer,56,TRUE,Danish
dani1285,edition,56,FALSE,Danish
dani1285,hind,56,TRUE,Danish
dani1285,loft,56,FALSE,Danish
dani1285,mon,56,FALSE,Danish
dani1285,parallel,56,TRUE,Danish
dutc1256,aluminium,56,TRUE,Dutch
dutc1256,episode,56,TRUE,Dutch
dutc1256,hockey,56,TRUE,Dutch
dutc1256,inhale,56,FALSE,Dutch
dutc1256,killer,56,FALSE,Dutch
dutc1256,menu,56,TRUE,Dutch
dutc1256,rotor,56,TRUE,Dutch
esto1258,pill,56,TRUE,Estonian
finn1318,helmet,56,FALSE,Finnish
finn1318,wrap,56,TRUE,Finnish
icel1247,grip,56,TRUE,Icelandic
icel1247,salt,56,TRUE,Icelandic
indo1316,bumper,56,TRUE,Standard Indonesian
indo1316,frank,56,TRUE,Standard Indonesian
indo1316,primer,56,TRUE,Standard Indonesian
indo1316,zebra,56,TRUE,Standard Indonesian
ital1282,cooperate,56,FALSE,Italian
ital1282,evolve,56,FALSE,Italian
ital1282,gangster,56,TRUE,Italian
ital1282,giraffe,56,TRUE,Italian
ital1282,illustrative,56,FALSE,Italian
ital1282,trauma,56,TRUE,Italian
lati1261,defense,56,FALSE,Latin
lati1261,digestive,56,FALSE,Latin
lati1261,natures,56,FALSE,Latin
midd1317,cant,56,FALSE,Middle English
midd1317,men,56,FALSE,Middle English
olde1238,bald,56,FALSE,Old English (ca. 450-1100)
oldf1239,base,56,TRUE,Old French (842-ca. 1400)
oldf1239,dance,56,TRUE,Old French (842-ca. 1400)
oldf1239,grieve,56,FALSE,Old French (842-ca. 1400)
oldf1239,pale,56,TRUE,Old French (842-ca. 1400)
poli1260,asparagus,56,TRUE,Polish
poli1260,funk,56,TRUE,Polish
poli1260,neon,56,TRUE,Polish
port1283,app,56,TRUE,Portuguese
port1283,expresses,56,FALSE,Portuguese
roma1327,bastard,56,TRUE,Romanian
roma1327,bum,56,FALSE,Romanian
roma1327,coral,56,TRUE,Romanian
roma1327,jargon,56,TRUE,Romanian
roma1327,organic,56,TRUE,Romanian
roma1327,predominant,56,TRUE,Romanian
scot1243,lessons,56,FALSE,Scots
scot1245,lice,56,FALSE,Scottish Gaelic
scot1245,shin,56,FALSE,Scottish Gaelic
slov1269,lift,56,TRUE,Slovak
sout1528,kite,56,FALSE,Serbian-Croatian-Bosnian
stan1288,comics,56,FALSE,Spanish
stan1288,diplomas,56,FALSE,Spanish
stan1290,hues,56,FALSE,French
stan1290,occurrences,56,FALSE,French
stan1290,plantations,56,FALSE,French
stan1290,recycle,56,TRUE,French
stan1290,reporters,56,FALSE,French
swed1254,fiber,56,TRUE,Swedish
swed1254,gal,56,FALSE,Swedish
swed1254,magnet,56,TRUE,Swedish
swed1254,veto,56,TRUE,Swedish
afri1274,aluminium,55,TRUE,Afrikaans
czec1258,halo,55,TRUE,Czech
czec1258,monopoly,55,TRUE,Czech
dani1285,blink,55,TRUE,Danish
dani1285,brat,55,FALSE,Danish
dani1285,division,55,TRUE,Danish
dani1285,reform,55,TRUE,Danish
dani1285,vie,55,FALSE,Danish
dani1285,whisky,55,TRUE,Danish
dutc1256,brat,55,FALSE,Dutch
dutc1256,controller,55,TRUE,Dutch
dutc1256,gymnasium,55,FALSE,Dutch
dutc1256,jurist,55,TRUE,Dutch
dutc1256,pages,55,FALSE,Dutch
dutc1256,sec,55,FALSE,Dutch
dutc1256,sector,55,TRUE,Dutch
dutc1256,stunt,55,TRUE,Dutch
esto1258,mail,55,FALSE,Estonian
hmon1333,log,55,FALSE,Hmong Daw
hung1274,neutron,55,TRUE,Hungarian
icel1247,fold,55,FALSE,Icelandic
icel1247,sink,55,FALSE,Icelandic
icel1247,tin,55,TRUE,Icelandic
indo1316,diagnosis,55,TRUE,Standard Indonesian
indo1316,flop,55,TRUE,Standard Indonesian
indo1316,linear,55,TRUE,Standard Indonesian
indo1316,papa,55,FALSE,Standard Indonesian
ital1282,cooperative,55,TRUE,Italian
lati1261,cores,55,FALSE,Latin
lati1261,examines,55,FALSE,Latin
lati1261,phase,55,FALSE,Latin
lati1261,plumber,55,FALSE,Latin
latv1249,tie,55,FALSE,Latvian
nucl1301,organize,55,FALSE,Turkish
nucl1301,reel,55,FALSE,Turkish
nucl1643,karaoke,55,FALSE,Japanese
oldf1239,corner,55,FALSE,Old French (842-ca. 1400)
oldf1239,saint,55,TRUE,Old French (842-ca. 1400)
poli1260,gondola,55,TRUE,Polish
poli1260,sinus,55,TRUE,Polish
port1283,chore,55,FALSE,Portuguese
port1283,debates,55,FALSE,Portuguese
port1283,neon,55,TRUE,Portuguese
roma1327,gel,55,TRUE,Romanian
roma1327,idol,55,TRUE,Romanian
roma1327,inert,55,TRUE,Romanian
roma1327,magnet,55,TRUE,Romanian
roma1327,periodic,55,TRUE,Romanian
roma1327,porter,55,TRUE,Romanian
roma1327,tractor,55,TRUE,Romanian
scot1245,feud,55,FALSE,Scottish Gaelic
sout1528,salon,55,FALSE,Serbian-Croatian-Bosnian
sout1528,tumor,55,TRUE,Serbian-Croatian-Bosnian
stan1288,graffiti,55,TRUE,Spanish
stan1288,neutrino,55,TRUE,Spanish
stan1290,corrects,55,FALSE,French
stan1290,discriminant,55,TRUE,French
stan1290,niches,55,FALSE,French
stan1295,paranoid,55,TRUE,German
swed1254,barns,55,FALSE,Swedish
swed1254,blond,55,TRUE,Swedish
swed1254,fragment,55,TRUE,Swedish
swed1254,potter,55,FALSE,Swedish
swed1254,specialist,55,TRUE,Swedish
swed1254,western,55,TRUE,Swedish
taga1270,magnet,55,TRUE,Tagalog
toho1245,ban,55,FALSE,Tohono O'odham
viet1252,cocktail,55,TRUE,Vietnamese
yoru1245,owe,55,FALSE,Yoruba
afri1274,violet,54,TRUE,Afrikaans
czec1258,interpret,54,FALSE,Czech
dani1285,bandage,54,TRUE,Danish
dani1285,bureau,54,TRUE,Danish
dani1285,charm,54,TRUE,Danish
dani1285,disposition,54,FALSE,Danish
dani1285,finder,54,TRUE,Danish
dani1285,gut,54,TRUE,Danish
dani1285,zone,54,TRUE,Danish
dutc1256,browse,54,FALSE,Dutch
dutc1256,delinquent,54,FALSE,Dutch
dutc1256,fungus,54,TRUE,Dutch
dutc1256,planning,54,TRUE,Dutch
dutc1256,sinus,54,TRUE,Dutch
dutc1256,spades,54,FALSE,Dutch
dutc1256,steak,54,TRUE,Dutch
finn1318,suggestion,54,TRUE,Finnish
hait1244,bay,54,FALSE,Haitian
hung1274,veranda,54,TRUE,Hungarian
icel1247,frost,54,TRUE,Icelandic
indo1316,brigade,54,TRUE,Standard Indonesian
indo1316,cam,54,FALSE,Standard Indonesian
indo1316,digital,54,TRUE,Standard Indonesian
indo1316,web,54,TRUE,Standard Indonesian
ital1282,camper,54,TRUE,Italian
ital1282,cocaine,54,TRUE,Italian
ital1282,jeep,54,TRUE,Italian
lati1261,curricula,54,FALSE,Latin
lati1261,immaculate,54,FALSE,Latin
lati1261,offense,54,FALSE,Latin
midd1317,place,54,TRUE,Middle English
midd1317,ser,54,FALSE,Middle English
oldf1239,grace,54,TRUE,Old French (842-ca. 1400)
oldf1239,oil,54,FALSE,Old French (842-ca. 1400)
oldf1239,violence,54,TRUE,Old French (842-ca. 1400)
pali1273,gave,54,FALSE,Pali
papi1253,tin,54,FALSE,Papiamento
plat1254,lay,54,FALSE,Plateau Malagasy
poli1260,chips,54,FALSE,Polish
poli1260,enigma,54,TRUE,Polish
poli1260,rumor,54,FALSE,Polish
port1283,cooler,54,TRUE,Portuguese
port1283,hangar,54,TRUE,Portuguese
port1283,sane,54,FALSE,Portuguese
port1283,supervise,54,TRUE,Portuguese
roma1327,abdomen,54,TRUE,Romanian
roma1327,boar,54,FALSE,Romanian
roma1327,boiler,54,FALSE,Romanian
roma1327,doc,54,FALSE,Romanian
roma1327,sceptic,54,TRUE,Romanian
roma1327,vomit,54,TRUE,Romanian
slov1268,dim,54,FALSE,Slovenian
slov1269,pat,54,FALSE,Slovak
sout1528,amber,54,TRUE,Serbian-Croatian-Bosnian
sout1528,printer,54,FALSE,Serbian-Croatian-Bosnian
sout1528,ritual,54,TRUE,Serbian-Croatian-Bosnian
sout1528,studio,54,TRUE,Serbian-Croatian-Bosnian
sout1528,tempo,54,TRUE,Serbian-Croatian-Bosnian
stan1288,boutique,54,TRUE,Spanish
stan1288,cowboys,54,FALSE,Spanish
stan1288,halls,54,FALSE,Spanish
stan1288,shocks,54,FALSE,Spanish
stan1288,tunes,54,FALSE,Spanish
stan1289,has,54,FALSE,Catalan
stan1290,flutes,54,FALSE,French
stan1290,grenades,54,FALSE,French
stan1290,marries,54,FALSE,French
stan1290,microbes,54,FALSE,French
stan1290,reggae,54,TRUE,French
stan1295,assertive,54,FALSE,German
sume1241,dug,54,FALSE,Sumerian
swed1254,alert,54,TRUE,Swedish
swed1254,barren,54,FALSE,Swedish
swed1254,mon,54,FALSE,Swedish
swed1254,norm,54,TRUE,Swedish
swed1254,pill,54,FALSE,Swedish
swed1254,stink,54,FALSE,Swedish
swed1254,sus,54,FALSE,Swedish
taga1270,pastor,54,TRUE,Tagalog
tetu1245,hare,54,FALSE,Tetum
afri1274,chaos,53,TRUE,Afrikaans
akaw1239,tuna,53,FALSE,Akawaio-Ingariko
cahu1264,pal,53,FALSE,Cahuilla
cebu1242,bold,53,FALSE,Cebuano
chim1302,man,53,FALSE,Bolivar-North Chimborazo Highland Quichua
dani1285,accent,53,TRUE,Danish
dani1285,bat,53,TRUE,Danish
dani1285,elegant,53,TRUE,Danish
dani1285,monument,53,TRUE,Danish
dani1285,neutral,53,TRUE,Danish
dani1285,revolution,53,TRUE,Danish
dani1285,spy,53,FALSE,Danish
dutc1256,antecedent,53,TRUE,Dutch
dutc1256,clan,53,TRUE,Dutch
dutc1256,diner,53,FALSE,Dutch
dutc1256,militant,53,TRUE,Dutch
dutc1256,pact,53,TRUE,Dutch
dutc1256,prestige,53,TRUE,Dutch
dutc1256,privacy,53,TRUE,Dutch
dutc1256,procedure,53,TRUE,Dutch
dutc1256,provider,53,TRUE,Dutch
dutc1256,segment,53,TRUE,Dutch
dutc1256,souvenir,53,TRUE,Dutch
dutc1256,tanker,53,FALSE,Dutch
dutc1256,veins,53,FALSE,Dutch
dutc1256,yell,53,TRUE,Dutch
esto1258,lame,53,FALSE,Estonian
finn1318,torpedo,53,TRUE,Finnish
finn1318,video,53,TRUE,Finnish
hung1274,aroma,53,TRUE,Hungarian
hung1274,baseball,53,TRUE,Hungarian
hung1274,cowboy,53,TRUE,Hungarian
hung1274,tripod,53,TRUE,Hungarian
indo1316,diabetes,53,TRUE,Standard Indonesian
indo1316,pivot,53,TRUE,Standard Indonesian
ital1282,asset,53,TRUE,Italian
ital1282,blues,53,TRUE,Italian
ital1282,calorie,53,TRUE,Italian
ital1282,delete,53,FALSE,Italian
ital1282,electron,53,TRUE,Italian
ital1282,meteorite,53,TRUE,Italian
lati1261,accuses,53,FALSE,Latin
lati1261,biles,53,FALSE,Latin
lati1261,designer,53,FALSE,Latin
lati1261,euros,53,FALSE,Latin
latv1249,bite,53,FALSE,Latvian
midd1317,been,53,FALSE,Middle English
midd1317,court,53,TRUE,Middle English
nucl1301,provoke,53,FALSE,Turkish
nucl1301,tendon,53,TRUE,Turkish
oldn1244,brim,53,FALSE,Old Norse
pala1344,charm,53,FALSE,Palauan
poli1260,baton,53,TRUE,Polish
poli1260,designer,53,TRUE,Polish
poli1260,racy,53,FALSE,Polish
poli1260,radar,53,TRUE,Polish
port1283,boxes,53,FALSE,Portuguese
port1283,delete,53,TRUE,Portuguese
port1283,franchise,53,TRUE,Portuguese
port1283,playground,53,TRUE,Portuguese
port1283,radial,53,TRUE,Portuguese
port1283,slogan,53,TRUE,Portuguese
roma1327,baron,53,TRUE,Romanian
roma1327,cant,53,TRUE,Romanian
roma1327,ceremonial,53,TRUE,Romanian
roma1327,didactic,53,TRUE,Romanian
roma1327,divers,53,FALSE,Romanian
roma1327,drastic,53,TRUE,Romanian
roma1327,fiscal,53,TRUE,Romanian
roma1327,gigantic,53,TRUE,Romanian
roma1327,helicopter,53,FALSE,Romanian
roma1327,implicit,53,TRUE,Romanian
roma1327,medieval,53,TRUE,Romanian
roma1327,relevant,53,TRUE,Romanian
roma1327,sediment,53,TRUE,Romanian
roma1327,slang,53,TRUE,Romanian
slov1268,general,53,TRUE,Slovenian
slov1268,god,53,FALSE,Slovenian
slov1269,cap,53,FALSE,Slovak
sout1528,diver,53,FALSE,Serbian-Croatian-Bosnian
sout1528,interpreter,53,TRUE,Serbian-Croatian-Bosnian
stan1288,brownie,53,TRUE,Spanish
stan1288,collage,53,TRUE,Spanish
stan1288,debacle,53,TRUE,Spanish
stan1288,holdings,53,FALSE,Spanish
stan1288,rookie,53,TRUE,Spanish
stan1288,waiver,53,TRUE,Spanish
stan1290,comics,53,FALSE,French
stan1290,distal,53,TRUE,French
stan1290,flamenco,53,TRUE,French
stan1306,uvula,53,TRUE,Standard Malay
swed1254,baron,53,TRUE,Swedish
swed1254,drip,53,TRUE,Swedish
swed1254,houses,53,FALSE,Swedish
swed1254,likes,53,FALSE,Swedish
swed1254,melon,53,TRUE,Swedish
swed1254,oral,53,TRUE,Swedish
swed1254,skunk,53,TRUE,Swedish
swed1254,sub,53,FALSE,Swedish
swed1254,transmission,53,TRUE,Swedish
taga1270,ire,53,FALSE,Tagalog
taga1270,papaya,53,TRUE,Tagalog
taga1270,polo,53,TRUE,Tagalog
afri1274,lone,52,FALSE,Afrikaans
corn1251,howl,52,FALSE,Cornish
czec1258,ambulance,52,TRUE,Czech
czec1258,cite,52,FALSE,Czech
dani1285,administration,52,TRUE,Danish
dani1285,basket,52,FALSE,Danish
dani1285,bomb,52,TRUE,Danish
dani1285,hunger,52,FALSE,Danish
dani1285,laps,52,FALSE,Danish
dani1285,lens,52,FALSE,Danish
dani1285,malt,52,FALSE,Danish
dani1285,toilet,52,TRUE,Danish
dutc1256,cheers,52,TRUE,Dutch
dutc1256,details,52,TRUE,Dutch
esto1258,hell,52,FALSE,Estonian
esto1258,lava,52,FALSE,Estonian
finn1318,pus,52,TRUE,Finnish
hung1274,mink,52,FALSE,Hungarian
icel1247,lamb,52,TRUE,Icelandic
ital1282,amnesia,52,TRUE,Italian
ital1282,decorative,52,FALSE,Italian
ital1282,marijuana,52,TRUE,Italian
ital1282,punitive,52,FALSE,Italian
ital1282,puree,52,FALSE,Italian
lati1261,carcinoma,52,TRUE,Latin
lati1261,criterion,52,TRUE,Latin
lati1261,delete,52,FALSE,Latin
lati1261,morale,52,FALSE,Latin
latv1249,gals,52,FALSE,Latvian
lith1251,brisk,52,FALSE,Lithuanian
male1292,new,52,FALSE,Malecite-Passamaquoddy
midd1317,law,52,FALSE,Middle English
midd1317,tale,52,FALSE,Middle English
olde1238,ban,52,FALSE,Old English (ca. 450-1100)
oldf1239,enclosure,52,TRUE,Old French (842-ca. 1400)
oldf1239,trial,52,TRUE,Old French (842-ca. 1400)
plai1258,win,52,FALSE,Plains Cree
plat1254,vary,52,FALSE,Plateau Malagasy
poli1260,embargo,52,TRUE,Polish
poli1260,panorama,52,TRUE,Polish
poli1260,survival,52,TRUE,Polish
port1283,archipelago,52,FALSE,Portuguese
port1283,cartoon,52,TRUE,Portuguese
port1283,domino,52,FALSE,Portuguese
port1283,habitat,52,TRUE,Portuguese
roma1327,component,52,TRUE,Romanian
roma1327,explicit,52,TRUE,Romanian
roma1327,infect,52,FALSE,Romanian
roma1327,secular,52,TRUE,Romanian
roma1327,veteran,52,TRUE,Romanian
scot1243,afflicted,52,TRUE,Scots
scot1243,career,52,TRUE,Scots
sout1528,aroma,52,TRUE,Serbian-Croatian-Bosnian
sout1528,pup,52,FALSE,Serbian-Croatian-Bosnian
sout1528,senator,52,TRUE,Serbian-Croatian-Bosnian
sout1528,solar,52,FALSE,Serbian-Croatian-Bosnian
stan1288,showroom,52,TRUE,Spanish
stan1288,zones,52,FALSE,Spanish
stan1289,general,52,TRUE,Catalan
stan1290,contractions,52,FALSE,French
stan1290,gangs,52,FALSE,French
stan1290,necks,52,FALSE,French
stan1290,zucchini,52,TRUE,French
swed1254,abrupt,52,TRUE,Swedish
swed1254,dill,52,TRUE,Swedish
swed1254,grove,52,FALSE,Swedish
swed1254,motto,52,TRUE,Swedish
swed1254,negative,52,FALSE,Swedish
swed1254,siren,52,TRUE,Swedish
swed1254,solo,52,TRUE,Swedish
taga1270,abdomen,52,TRUE,Tagalog
taga1270,ideal,52,TRUE,Tagalog
tokp1240,wait,52,FALSE,Tok Pisin
tson1249,lava,52,FALSE,Tsonga
viet1252,neon,52,TRUE,Vietnamese
corn1251,chi,51,FALSE,Cornish
czec1258,advent,51,FALSE,Czech
czec1258,gymnasium,51,FALSE,Czech
czec1258,polka,51,TRUE,Czech
dani1285,legs,51,FALSE,Danish
dani1285,mug,51,FALSE,Danish
dani1285,rust,51,TRUE,Danish
dani1285,slang,51,TRUE,Danish
dani1285,stupid,51,TRUE,Danish
dani1285,teen,51,FALSE,Danish
dani1285,truck,51,FALSE,Danish
dutc1256,ammonia,51,TRUE,Dutch
dutc1256,bazaar,51,TRUE,Dutch
dutc1256,sandwich,51,TRUE,Dutch
esto1258,lust,51,TRUE,Estonian
esto1258,sail,51,FALSE,Estonian
fiji1243,saga,51,FALSE,Fijian
finn1318,tag,51,TRUE,Finnish
hung1274,modem,51,TRUE,Hungarian
iban1264,saut,51,FALSE,Iban
icel1247,port,51,FALSE,Icelandic
icel1247,von,51,FALSE,Icelandic
indo1316,administrator,51,TRUE,Standard Indonesian
indo1316,altar,51,TRUE,Standard Indonesian
indo1316,distributor,51,TRUE,Standard Indonesian
ital1282,brunette,51,TRUE,Italian
ital1282,supermarket,51,TRUE,Italian
lati1261,collegiate,51,FALSE,Latin
lati1261,delinquent,51,FALSE,Latin
lati1261,fella,51,FALSE,Latin
lati1261,referendum,51,TRUE,Latin
latv1249,soda,51,TRUE,Latvian
latv1249,students,51,FALSE,Latvian
luxe1241,man,51,FALSE,Moselle Franconian
manx1243,goo,51,FALSE,Manx
manx1243,valley,51,FALSE,Manx
manx1243,walk,51,FALSE,Manx
midd1317,full,51,FALSE,Middle English
nort2961,way,51,FALSE,Northwestern Ojibwa
nucl1301,define,51,FALSE,Turkish
nucl1301,kettle,51,TRUE,Turkish
nucl1301,sperm,51,TRUE,Turkish
olde1238,brand,51,FALSE,Old English (ca. 450-1100)
poli1260,ecstasy,51,TRUE,Polish
poli1260,harem,51,TRUE,Polish
poli1260,penis,51,TRUE,Polish
poli1260,trio,51,TRUE,Polish
port1283,bouquet,51,FALSE,Portuguese
port1283,plasma,51,TRUE,Portuguese
port1283,react,51,FALSE,Portuguese
port1283,tractor,51,TRUE,Portuguese
port1283,vascular,51,TRUE,Portuguese
roma1327,brace,51,FALSE,Romanian
roma1327,cosmic,51,TRUE,Romanian
roma1327,drops,51,FALSE,Romanian
roma1327,epic,51,TRUE,Romanian
roma1327,extras,51,FALSE,Romanian
roma1327,segment,51,TRUE,Romanian
roma1327,sordid,51,TRUE,Romanian
roma1327,spasm,51,TRUE,Romanian
scot1243,boiler,51,FALSE,Scots
sout1528,minimum,51,TRUE,Serbian-Croatian-Bosnian
sout1528,poker,51,TRUE,Serbian-Croatian-Bosnian
stan1288,appliances,51,FALSE,Spanish
stan1288,defenses,51,FALSE,Spanish
stan1288,embraces,51,FALSE,Spanish
stan1288,trivia,51,TRUE,Spanish
stan1290,bullshit,51,TRUE,French
stan1290,chocolates,51,FALSE,French
stan1290,disciplines,51,FALSE,French
stan1290,playback,51,FALSE,French
stan1290,pressures,51,FALSE,French
stan1290,prompts,51,FALSE,French
stan1290,superstar,51,TRUE,French
stan1295,fades,51,FALSE,German
stan1295,fetal,51,TRUE,German
stan1295,invasive,51,FALSE,German
stan1295,viral,51,TRUE,German
swed1254,brat,51,FALSE,Swedish
swed1254,garage,51,TRUE,Swedish
swed1254,grape,51,FALSE,Swedish
swed1254,killing,51,FALSE,Swedish
swed1254,ritual,51,TRUE,Swedish
swed1254,semester,51,FALSE,Swedish
swed1254,slipper,51,FALSE,Swedish
swed1254,video,51,TRUE,Swedish
basq1248,bat,50,FALSE,Basque
basq1248,min,50,FALSE,Basque
chuu1238,win,50,TRUE,Chuukese
dani1285,element,50,TRUE,Danish
dani1285,event,50,TRUE,Danish
dani1285,kit,50,TRUE,Danish
dani1285,lands,50,FALSE,Danish
dani1285,node,50,FALSE,Danish
dani1285,region,50,TRUE,Danish
dani1285,stolen,50,FALSE,Danish
dani1285,tyre,50,TRUE,Danish
dutc1256,designer,50,TRUE,Dutch
dutc1256,financier,50,TRUE,Dutch
dutc1256,honing,50,FALSE,Dutch
dutc1256,jus,50,FALSE,Dutch
dutc1256,mama,50,TRUE,Dutch
dutc1256,paradox,50,TRUE,Dutch
dutc1256,rabbi,50,TRUE,Dutch
dutc1256,reflector,50,TRUE,Dutch
dutc1256,scalp,50,TRUE,Dutch
dutc1256,shampoo,50,TRUE,Dutch
dutc1256,specialist,50,TRUE,Dutch
dutc1256,tumor,50,TRUE,Dutch
dutc1256,warmer,50,FALSE,Dutch
hait1244,man,50,FALSE,Haitian
hung1274,algebra,50,TRUE,Hungarian
hung1274,neon,50,TRUE,Hungarian
indo1316,pastor,50,TRUE,Standard Indonesian
ital1282,cameo,50,TRUE,Italian
ital1282,congregate,50,FALSE,Italian
ital1282,iceberg,50,TRUE,Italian
ital1282,overdose,50,TRUE,Italian
ital1282,patchwork,50,TRUE,Italian
ital1282,quantum,50,TRUE,Italian
ital1282,remake,50,TRUE,Italian
lati1261,consultant,50,FALSE,Latin
lati1261,ignite,50,FALSE,Latin
loui1240,pair,50,FALSE,Louisiana Creole French
magu1243,gay,50,FALSE,Maguindanao
malt1254,dawn,50,FALSE,Maltese
midd1317,art,50,FALSE,Middle English
nucl1301,banker,50,TRUE,Turkish
nucl1301,metres,50,FALSE,Turkish
olde1238,turf,50,TRUE,Old English (ca. 450-1100)
oldf1239,humble,50,FALSE,Old French (842-ca. 1400)
oldf1239,wage,50,FALSE,Old French (842-ca. 1400)
poli1260,agenda,50,TRUE,Polish
poli1260,camping,50,FALSE,Polish
poli1260,decorum,50,TRUE,Polish
poli1260,flaming,50,FALSE,Polish
port1283,babe,50,FALSE,Portuguese
port1283,copies,50,FALSE,Portuguese
port1283,grime,50,TRUE,Portuguese
port1283,hub,50,TRUE,Portuguese
port1283,offset,50,TRUE,Portuguese
port1283,trauma,50,TRUE,Portuguese
port1283,tribal,50,TRUE,Portuguese
port1283,vulva,50,TRUE,Portuguese
roma1327,capitalist,50,TRUE,Romanian
roma1327,cartel,50,TRUE,Romanian
roma1327,coincide,50,TRUE,Romanian
roma1327,dictator,50,TRUE,Romanian
roma1327,exotic,50,TRUE,Romanian
roma1327,gay,50,TRUE,Romanian
roma1327,incompetent,50,TRUE,Romanian
roma1327,memorial,50,TRUE,Romanian
roma1327,tolerant,50,TRUE,Romanian
roma1327,transplant,50,TRUE,Romanian
scot1245,drama,50,FALSE,Scottish Gaelic
slov1269,vie,50,FALSE,Slovak
sout1528,died,50,FALSE,Serbian-Croatian-Bosnian
sout1528,outfit,50,TRUE,Serbian-Croatian-Bosnian
sout1528,portal,50,TRUE,Serbian-Croatian-Bosnian
sout1528,segment,50,TRUE,Serbian-Croatian-Bosnian
stan1288,clips,50,FALSE,Spanish
stan1288,exacerbate,50,TRUE,Spanish
stan1288,juveniles,50,FALSE,Spanish
stan1288,mapping,50,TRUE,Spanish
stan1288,touchdown,50,TRUE,Spanish
stan1289,part,50,TRUE,Catalan
stan1290,activation,50,TRUE,French
stan1290,analyses,50,FALSE,French
stan1290,fractures,50,FALSE,French
stan1290,infections,50,FALSE,French
stan1290,stresses,50,FALSE,French
stan1306,monitor,50,TRUE,Standard Malay
swah1253,tomato,50,TRUE,Swahili
swah1253,video,50,TRUE,Swahili
swed1254,bands,50,FALSE,Swedish
swed1254,cab,50,TRUE,Swedish
swed1254,intelligent,50,TRUE,Swedish
swed1254,maxim,50,TRUE,Swedish
swed1254,muck,50,FALSE,Swedish
swed1254,operator,50,TRUE,Swedish
swed1254,radar,50,TRUE,Swedish
swed1254,reflex,50,TRUE,Swedish
cebu1242,helper,49,FALSE,Cebuano
czec1258,deficit,49,TRUE,Czech
czec1258,idiom,49,TRUE,Czech
czec1258,shone,49,FALSE,Czech
dani1285,beholder,49,FALSE,Danish
dani1285,panel,49,TRUE,Danish
dani1285,stride,49,FALSE,Danish
dani1285,stud,49,FALSE,Danish
dutc1256,alibi,49,TRUE,Dutch
dutc1256,aroma,49,TRUE,Dutch
dutc1256,brochure,49,TRUE,Dutch
dutc1256,cascade,49,TRUE,Dutch
dutc1256,cocktail,49,TRUE,Dutch
dutc1256,context,49,TRUE,Dutch
dutc1256,covers,49,FALSE,Dutch
dutc1256,duo,49,TRUE,Dutch
dutc1256,hazel,49,TRUE,Dutch
dutc1256,propaganda,49,TRUE,Dutch
dutc1256,protocol,49,TRUE,Dutch
dutc1256,senator,49,TRUE,Dutch
dutc1256,services,49,FALSE,Dutch
dutc1256,shit,49,TRUE,Dutch
dutc1256,ultimatum,49,TRUE,Dutch
finn1318,provision,49,FALSE,Finnish
hung1274,producer,49,TRUE,Hungarian
indo1316,trailer,49,TRUE,Standard Indonesian
iris1253,bloc,49,FALSE,Irish
ital1282,e-mail,49,TRUE,Italian
ital1282,indiscriminate,49,FALSE,Italian
ital1282,intrusive,49,TRUE,Italian
ital1282,jab,49,TRUE,Italian
ital1282,troupe,49,TRUE,Italian
ital1282,yoga,49,TRUE,Italian
lati1261,alligator,49,TRUE,Latin
lati1261,decade,49,FALSE,Latin
lati1261,eclipses,49,FALSE,Latin
lati1261,fleas,49,FALSE,Latin
lati1261,malaria,49,TRUE,Latin
lati1261,memorabilia,49,FALSE,Latin
latv1249,bar,49,FALSE,Latvian
midd1317,can,49,FALSE,Middle English
midd1317,lay,49,FALSE,Middle English
midd1317,taken,49,FALSE,Middle English
nort2961,end,49,FALSE,Northwestern Ojibwa
oldf1239,cost,49,TRUE,Old French (842-ca. 1400)
oldf1239,habit,49,FALSE,Old French (842-ca. 1400)
oldf1239,public,49,TRUE,Old French (842-ca. 1400)
pali1273,site,49,FALSE,Pali
poli1260,fest,49,FALSE,Polish
poli1260,narrator,49,TRUE,Polish
port1283,converge,49,FALSE,Portuguese
port1283,diva,49,TRUE,Portuguese
port1283,jumper,49,TRUE,Portuguese
roma1327,abject,49,TRUE,Romanian
roma1327,adjunct,49,TRUE,Romanian
roma1327,banana,49,FALSE,Romanian
roma1327,boom,49,TRUE,Romanian
roma1327,continental,49,TRUE,Romanian
roma1327,crab,49,TRUE,Romanian
roma1327,diagonal,49,TRUE,Romanian
roma1327,feud,49,FALSE,Romanian
roma1327,feudal,49,TRUE,Romanian
roma1327,impediment,49,TRUE,Romanian
roma1327,invite,49,TRUE,Romanian
roma1327,militant,49,TRUE,Romanian
roma1327,pastoral,49,TRUE,Romanian
roma1327,pivot,49,TRUE,Romanian
roma1327,pneumatic,49,TRUE,Romanian
roma1327,static,49,TRUE,Romanian
roma1327,steward,49,TRUE,Romanian
roma1327,virtual,49,TRUE,Romanian
slov1268,bar,49,TRUE,Slovenian
slov1268,vest,49,FALSE,Slovenian
stan1288,caucus,49,TRUE,Spanish
stan1288,playback,49,FALSE,Spanish
stan1288,teenager,49,TRUE,Spanish
stan1288,transfers,49,FALSE,Spanish
stan1289,nominal,49,TRUE,Catalan
stan1290,acquisitions,49,FALSE,French
stan1290,carnivores,49,FALSE,French
stan1290,eagles,49,FALSE,French
swed1254,anal,49,TRUE,Swedish
swed1254,clown,49,TRUE,Swedish
swed1254,fusion,49,TRUE,Swedish
swed1254,gifts,49,FALSE,Swedish
swed1254,mule,49,FALSE,Swedish
swed1254,plans,49,FALSE,Swedish
swed1254,polar,49,FALSE,Swedish
swed1254,potent,49,TRUE,Swedish
swed1254,robust,49,TRUE,Swedish
tokp1240,lip,49,FALSE,Tok Pisin
tokp1240,song,49,TRUE,Tok Pisin
wels1247,poster,49,TRUE,Welsh
yoru1245,din,49,FALSE,Yoruba
afri1274,restaurant,48,TRUE,Afrikaans
arom1237,leg,48,FALSE,Aromanian
corn1251,lost,48,FALSE,Cornish
czec1258,interview,48,TRUE,Czech
czec1258,kale,48,FALSE,Czech
czec1258,posed,48,FALSE,Czech
dani1285,depression,48,FALSE,Danish
dani1285,professor,48,TRUE,Danish
dani1285,rug,48,FALSE,Danish
dani1285,spiral,48,TRUE,Danish
dani1285,statue,48,TRUE,Danish
dani1285,stress,48,TRUE,Danish
dutc1256,angels,48,FALSE,Dutch
dutc1256,census,48,TRUE,Dutch
dutc1256,duffel,48,TRUE,Dutch
dutc1256,franchise,48,TRUE,Dutch
dutc1256,fresco,48,TRUE,Dutch
dutc1256,pep,48,FALSE,Dutch
dutc1256,reactor,48,TRUE,Dutch
dutc1256,silt,48,TRUE,Dutch
dutc1256,socialist,48,TRUE,Dutch
esto1258,hinge,48,FALSE,Estonian
esto1258,sees,48,FALSE,Estonian
finn1318,proposition,48,FALSE,Finnish
hung1274,versed,48,FALSE,Hungarian
icel1247,blind,48,TRUE,Icelandic
icel1247,grand,48,FALSE,Icelandic
icel1247,hem,48,FALSE,Icelandic
indo1316,barber,48,TRUE,Standard Indonesian
indo1316,karate,48,TRUE,Standard Indonesian
indo1316,literal,48,TRUE,Standard Indonesian
indo1316,moderator,48,TRUE,Standard Indonesian
indo1316,transit,48,TRUE,Standard Indonesian
iris1253,normal,48,TRUE,Irish
ital1282,commemorative,48,FALSE,Italian
ital1282,gasoline,48,TRUE,Italian
lati1261,dominate,48,FALSE,Latin
lati1261,donor,48,FALSE,Latin
lati1261,larvae,48,FALSE,Latin
lati1261,operator,48,TRUE,Latin
lati1261,salient,48,FALSE,Latin
midd1317,name,48,TRUE,Middle English
nucl1301,gale,48,FALSE,Turkish
nucl1301,teller,48,FALSE,Turkish
olde1238,gear,48,FALSE,Old English (ca. 450-1100)
olde1238,sprang,48,FALSE,Old English (ca. 450-1100)
oldf1239,difference,48,TRUE,Old French (842-ca. 1400)
poli1260,keyboard,48,TRUE,Polish
poli1260,matrix,48,TRUE,Polish
poli1260,snowy,48,FALSE,Polish
poli1260,terrier,48,FALSE,Polish
port1283,relates,48,FALSE,Portuguese
port1283,rugby,48,TRUE,Portuguese
port1283,saline,48,FALSE,Portuguese
port1283,textual,48,TRUE,Portuguese
port1283,wireless,48,TRUE,Portuguese
roma1327,broker,48,TRUE,Romanian
roma1327,clinic,48,FALSE,Romanian
roma1327,cute,48,FALSE,Romanian
roma1327,cutter,48,TRUE,Romanian
roma1327,emblem,48,FALSE,Romanian
roma1327,exorbitant,48,TRUE,Romanian
roma1327,frugal,48,TRUE,Romanian
roma1327,homosexual,48,TRUE,Romanian
roma1327,neutral,48,TRUE,Romanian
roma1327,optimism,48,TRUE,Romanian
roma1327,pup,48,FALSE,Romanian
roma1327,realist,48,TRUE,Romanian
roma1327,tendon,48,TRUE,Romanian
roma1327,tenor,48,TRUE,Romanian
roma1327,veto,48,TRUE,Romanian
scot1243,constitute,48,TRUE,Scots
slov1268,beg,48,FALSE,Slovenian
slov1269,sky,48,FALSE,Slovak
stan1288,blitz,48,TRUE,Spanish
stan1288,combines,48,FALSE,Spanish
stan1288,decides,48,FALSE,Spanish
stan1288,introduces,48,FALSE,Spanish
stan1288,laptop,48,TRUE,Spanish
stan1288,spins,48,FALSE,Spanish
stan1290,occupants,48,FALSE,French
stan1290,speeds,48,FALSE,French
swed1254,grader,48,FALSE,Swedish
swed1254,idol,48,TRUE,Swedish
swed1254,redo,48,FALSE,Swedish
swed1254,spleen,48,TRUE,Swedish
swed1254,springs,48,FALSE,Swedish
swed1254,status,48,TRUE,Swedish
swed1254,summit,48,FALSE,Swedish
swed1254,visitation,48,TRUE,Swedish
tokp1240,animal,48,TRUE,Tok Pisin
tokp1240,main,48,FALSE,Tok Pisin
wels1247,canes,48,FALSE,Welsh
afri1274,bye,47,FALSE,Afrikaans
cebu1242,gang,47,TRUE,Cebuano
choc1276,foe,47,FALSE,Choctaw
chuu1238,won,47,FALSE,Chuukese
czec1258,hobby,47,TRUE,Czech
czec1258,maze,47,FALSE,Czech
czec1258,pasta,47,FALSE,Czech
czec1258,preference,47,TRUE,Czech
dani1285,angst,47,TRUE,Danish
dani1285,pest,47,FALSE,Danish
dani1285,torn,47,FALSE,Danish
dutc1256,abrupt,47,TRUE,Dutch
dutc1256,adjunct,47,TRUE,Dutch
dutc1256,analyse,47,FALSE,Dutch
dutc1256,delta,47,TRUE,Dutch
dutc1256,gems,47,FALSE,Dutch
dutc1256,hits,47,FALSE,Dutch
dutc1256,images,47,FALSE,Dutch
dutc1256,parking,47,TRUE,Dutch
dutc1256,scooter,47,TRUE,Dutch
dutc1256,visa,47,TRUE,Dutch
esto1258,hunt,47,FALSE,Estonian
finn1318,hobby,47,FALSE,Finnish
finn1318,taut,47,FALSE,Finnish
finn1318,tradition,47,FALSE,Finnish
indo1316,bias,47,TRUE,Standard Indonesian
indo1316,daring,47,FALSE,Standard Indonesian
indo1316,gender,47,TRUE,Standard Indonesian
indo1316,salon,47,TRUE,Standard Indonesian
indo1316,tablet,47,TRUE,Standard Indonesian
iris1253,snag,47,FALSE,Irish
ital1282,allocate,47,FALSE,Italian
ital1282,anemia,47,TRUE,Italian
ital1282,collaborate,47,TRUE,Italian
ital1282,disparate,47,FALSE,Italian
ital1282,ignite,47,FALSE,Italian
lati1261,affidavit,47,FALSE,Latin
lati1261,consumes,47,FALSE,Latin
lati1261,perpetrator,47,FALSE,Latin
lati1261,progressive,47,FALSE,Latin
lati1261,sternum,47,TRUE,Latin
latv1249,salt,47,FALSE,Latvian
manx1243,glass,47,FALSE,Manx
manx1243,tar,47,FALSE,Manx
midd1317,cloth,47,TRUE,Middle English
midd1317,item,47,FALSE,Middle English
nort2671,mon,47,FALSE,North Saami
nucl1301,bitten,47,FALSE,Turkish
olde1238,beard,47,TRUE,Old English (ca. 450-1100)
olde1238,bred,47,FALSE,Old English (ca. 450-1100)
olde1238,swan,47,TRUE,Old English (ca. 450-1100)
oldf1239,air,47,TRUE,Old French (842-ca. 1400)
oldn1244,send,47,TRUE,Old Norse
plau1238,root,47,FALSE,Plautdietsch
poli1260,beta,47,TRUE,Polish
poli1260,mango,47,TRUE,Polish
poli1260,serial,47,TRUE,Polish
poli1260,trailer,47,TRUE,Polish
poli1260,translator,47,TRUE,Polish
poli1260,vintage,47,TRUE,Polish
port1283,grid,47,TRUE,Portuguese
roma1327,advertising,47,TRUE,Romanian
roma1327,civic,47,TRUE,Romanian
roma1327,consult,47,FALSE,Romanian
roma1327,discord,47,FALSE,Romanian
roma1327,erotic,47,TRUE,Romanian
roma1327,literal,47,TRUE,Romanian
roma1327,mania,47,FALSE,Romanian
roma1327,metric,47,TRUE,Romanian
roma1327,picnic,47,TRUE,Romanian
roma1327,scotch,47,TRUE,Romanian
roma1327,smash,47,TRUE,Romanian
scot1243,abstract,47,FALSE,Scots
slov1268,met,47,FALSE,Slovenian
slov1269,pane,47,FALSE,Slovak
sout1528,radar,47,TRUE,Serbian-Croatian-Bosnian
stan1288,consumes,47,FALSE,Spanish
stan1288,domes,47,FALSE,Spanish
stan1288,mixes,47,FALSE,Spanish
stan1288,poses,47,FALSE,Spanish
stan1288,samurai,47,FALSE,Spanish
stan1288,sneaker,47,TRUE,Spanish
stan1288,trips,47,FALSE,Spanish
stan1288,tutorial,47,TRUE,Spanish
stan1289,errors,47,FALSE,Catalan
stan1290,arranges,47,FALSE,French
stan1290,homicides,47,FALSE,French
stan1290,palaces,47,FALSE,French
stan1290,translates,47,FALSE,French
stan1295,alternatives,47,FALSE,German
swah1253,studio,47,TRUE,Swahili
swed1254,bits,47,FALSE,Swedish
swed1254,dug,47,FALSE,Swedish
swed1254,pilgrim,47,TRUE,Swedish
swed1254,timid,47,TRUE,Swedish
swed1254,trivial,47,TRUE,Swedish
arom1237,bun,46,FALSE,Aromanian
cebu1242,pistol,46,FALSE,Cebuano
chuu1238,fat,46,FALSE,Chuukese
chuu1238,ton,46,FALSE,Chuukese
czec1258,patriot,46,TRUE,Czech
dani1285,fatal,46,TRUE,Danish
dani1285,musical,46,TRUE,Danish
dani1285,pupil,46,TRUE,Danish
dani1285,rare,46,FALSE,Danish
dani1285,supper,46,FALSE,Danish
dani1285,ton,46,TRUE,Danish
dutc1256,flats,46,FALSE,Dutch
dutc1256,mausoleum,46,TRUE,Dutch
dutc1256,panther,46,FALSE,Dutch
dutc1256,pats,46,FALSE,Dutch
dutc1256,prominent,46,TRUE,Dutch
dutc1256,tickets,46,FALSE,Dutch
dutc1256,virus,46,TRUE,Dutch
dutc1256,whisky,46,TRUE,Dutch
finn1318,aura,46,TRUE,Finnish
finn1318,mobile,46,TRUE,Finnish
hung1274,delta,46,TRUE,Hungarian
hung1274,labor,46,FALSE,Hungarian
icel1247,app,46,TRUE,Icelandic
icel1247,falls,46,TRUE,Icelandic
indo1316,episode,46,TRUE,Standard Indonesian
indo1316,void,46,TRUE,Standard Indonesian
iris1253,mama,46,FALSE,Irish
ital1282,genie,46,FALSE,Italian
ital1282,imam,46,TRUE,Italian
ital1282,nitrate,46,TRUE,Italian
ital1282,obese,46,TRUE,Italian
ital1282,slalom,46,TRUE,Italian
lati1261,improvise,46,FALSE,Latin
lati1261,invites,46,FALSE,Latin
lati1261,plethora,46,TRUE,Latin
lati1261,server,46,FALSE,Latin
latv1249,bars,46,FALSE,Latvian
lith1251,sodas,46,FALSE,Lithuanian
midd1317,lady,46,FALSE,Middle English
nucl1301,challenge,46,TRUE,Turkish
nucl1643,radon,46,FALSE,Japanese
olde1238,sure,46,FALSE,Old English (ca. 450-1100)
oldf1239,rein,46,FALSE,Old French (842-ca. 1400)
oldn1244,brand,46,FALSE,Old Norse
oldn1244,ham,46,FALSE,Old Norse
poli1260,abdomen,46,TRUE,Polish
poli1260,beret,46,TRUE,Polish
poli1260,manicure,46,TRUE,Polish
poli1260,outsider,46,TRUE,Polish
poli1260,recital,46,TRUE,Polish
port1283,acres,46,FALSE,Portuguese
port1283,bowls,46,TRUE,Portuguese
port1283,confines,46,FALSE,Portuguese
port1283,copyright,46,TRUE,Portuguese
port1283,gene,46,TRUE,Portuguese
port1283,mosque,46,FALSE,Portuguese
port1283,redo,46,FALSE,Portuguese
port1283,taro,46,TRUE,Portuguese
roma1327,arsenal,46,TRUE,Romanian
roma1327,chat,46,TRUE,Romanian
roma1327,dentist,46,TRUE,Romanian
roma1327,focus,46,TRUE,Romanian
roma1327,herb,46,FALSE,Romanian
roma1327,patina,46,FALSE,Romanian
roma1327,posterior,46,TRUE,Romanian
roma1327,recipient,46,FALSE,Romanian
roma1327,unilateral,46,TRUE,Romanian
scot1243,actor,46,TRUE,Scots
scot1243,grime,46,FALSE,Scots
slov1268,bank,46,FALSE,Slovenian
slov1268,ran,46,FALSE,Slovenian
slov1268,rep,46,FALSE,Slovenian
sout1528,instrumental,46,TRUE,Serbian-Croatian-Bosnian
stan1288,booms,46,FALSE,Spanish
stan1288,chimes,46,FALSE,Spanish
stan1288,crossover,46,TRUE,Spanish
stan1288,dramas,46,FALSE,Spanish
stan1288,freelance,46,TRUE,Spanish
stan1288,melanoma,46,TRUE,Spanish
stan1288,parka,46,TRUE,Spanish
stan1288,ravioli,46,TRUE,Spanish
stan1289,pot,46,TRUE,Catalan
stan1290,corporations,46,FALSE,French
stan1290,exposes,46,FALSE,French
stan1290,linkage,46,TRUE,French
stan1290,protections,46,FALSE,French
stan1290,stewards,46,FALSE,French
stan1295,ambivalent,46,TRUE,German
stan1295,polymer,46,TRUE,German
stan1295,rarer,46,FALSE,German
swed1254,barometer,46,TRUE,Swedish
swed1254,champagne,46,TRUE,Swedish
swed1254,gulp,46,TRUE,Swedish
swed1254,lounge,46,TRUE,Swedish
swed1254,morals,46,FALSE,Swedish
swed1254,opinions,46,FALSE,Swedish
swed1254,spurt,46,TRUE,Swedish
swed1254,squash,46,TRUE,Swedish
taga1270,abnormal,46,TRUE,Tagalog
tetu1245,rain,46,FALSE,Tetum
afri1274,menu,45,TRUE,Afrikaans
bisl1239,bred,45,FALSE,Bislama
corn1251,know,45,FALSE,Cornish
dani1285,blunder,45,FALSE,Danish
dani1285,kid,45,TRUE,Danish
dani1285,mare,45,FALSE,Danish
dani1285,pistol,45,TRUE,Danish
dani1285,population,45,FALSE,Danish
dani1285,soda,45,TRUE,Danish
dutc1256,deals,45,FALSE,Dutch
dutc1256,decade,45,TRUE,Dutch
dutc1256,genus,45,TRUE,Dutch
dutc1256,informant,45,TRUE,Dutch
dutc1256,kiosk,45,TRUE,Dutch
dutc1256,locker,45,TRUE,Dutch
dutc1256,messing,45,FALSE,Dutch
dutc1256,phase,45,FALSE,Dutch
dutc1256,pigment,45,TRUE,Dutch
esto1258,mood,45,FALSE,Estonian
finn1318,hasten,45,FALSE,Finnish
finn1318,media,45,TRUE,Finnish
indo1316,atlas,45,TRUE,Standard Indonesian
indo1316,motif,45,TRUE,Standard Indonesian
ital1282,bikini,45,TRUE,Italian
ital1282,carcinoma,45,TRUE,Italian
ital1282,macro,45,TRUE,Italian
ital1282,repressive,45,TRUE,Italian
ital1282,safari,45,TRUE,Italian
lati1261,innovator,45,FALSE,Latin
lati1261,relevant,45,FALSE,Latin
lati1261,stringent,45,FALSE,Latin
lati1261,vultures,45,FALSE,Latin
latv1249,distance,45,TRUE,Latvian
lith1251,opera,45,TRUE,Lithuanian
manx1243,bio,45,FALSE,Manx
manx1243,key,45,FALSE,Manx
manx1243,oil,45,FALSE,Manx
manx1243,shin,45,FALSE,Manx
midd1317,has,45,FALSE,Middle English
midd1317,land,45,FALSE,Middle English
nucl1301,kayak,45,FALSE,Turkish
nucl1301,propaganda,45,TRUE,Turkish
nucl1301,rant,45,FALSE,Turkish
olde1238,lease,45,FALSE,Old English (ca. 450-1100)
oldf1239,rage,45,TRUE,Old French (842-ca. 1400)
poli1260,legislator,45,TRUE,Polish
poli1260,voucher,45,TRUE,Polish
port1283,cervical,45,TRUE,Portuguese
port1283,jeans,45,TRUE,Portuguese
port1283,marketing,45,TRUE,Portuguese
port1283,monologue,45,FALSE,Portuguese
port1283,outdoor,45,FALSE,Portuguese
port1283,preserves,45,FALSE,Portuguese
port1283,reactor,45,TRUE,Portuguese
roma1327,cardiac,45,TRUE,Romanian
roma1327,curry,45,TRUE,Romanian
roma1327,exempt,45,TRUE,Romanian
roma1327,mute,45,TRUE,Romanian
roma1327,protocol,45,TRUE,Romanian
roma1327,reflector,45,TRUE,Romanian
roma1327,salute,45,TRUE,Romanian
scot1245,snap,45,FALSE,Scottish Gaelic
slov1268,sad,45,FALSE,Slovenian
sout1528,angel,45,TRUE,Serbian-Croatian-Bosnian
sout1528,diplomat,45,TRUE,Serbian-Croatian-Bosnian
sout1528,monitor,45,TRUE,Serbian-Croatian-Bosnian
sout1528,slogan,45,TRUE,Serbian-Croatian-Bosnian
stan1288,brunch,45,TRUE,Spanish
stan1289,elements,45,TRUE,Catalan
stan1289,ment,45,FALSE,Catalan
stan1290,conservatives,45,FALSE,French
stan1290,engages,45,FALSE,French
stan1290,ensembles,45,FALSE,French
stan1290,exhibitions,45,FALSE,French
stan1290,irises,45,FALSE,French
stan1290,phones,45,FALSE,French
stan1290,retires,45,FALSE,French
stan1295,modular,45,TRUE,German
swed1254,banner,45,TRUE,Swedish
swed1254,destination,45,TRUE,Swedish
swed1254,hasten,45,FALSE,Swedish
swed1254,opium,45,TRUE,Swedish
swed1254,revision,45,TRUE,Swedish
swed1254,rote,45,FALSE,Swedish
swed1254,sprint,45,TRUE,Swedish
swed1254,veteran,45,TRUE,Swedish
wels1247,rabbi,45,FALSE,Welsh
wels1247,siren,45,FALSE,Welsh
cebu1242,harbor,44,FALSE,Cebuano
cebu1242,wanted,44,FALSE,Cebuano
chuu1238,pan,44,FALSE,Chuukese
czec1258,cholera,44,TRUE,Czech
czec1258,paprika,44,TRUE,Czech
dani1285,mole,44,TRUE,Danish
dani1285,tape,44,TRUE,Danish
dutc1256,blonde,44,TRUE,Dutch
dutc1256,catastrophe,44,FALSE,Dutch
dutc1256,evangelist,44,TRUE,Dutch
dutc1256,florist,44,FALSE,Dutch
dutc1256,halo,44,TRUE,Dutch
dutc1256,macaroni,44,TRUE,Dutch
dutc1256,nucleus,44,TRUE,Dutch
dutc1256,serum,44,TRUE,Dutch
dutc1256,sticker,44,TRUE,Dutch
esto1258,lapse,44,FALSE,Estonian
esto1258,pension,44,TRUE,Estonian
finn1318,pore,44,FALSE,Finnish
indo1316,idiom,44,TRUE,Standard Indonesian
indo1316,kimono,44,TRUE,Standard Indonesian
iris1253,chart,44,FALSE,Irish
ital1282,affiliate,44,FALSE,Italian
ital1282,assertive,44,FALSE,Italian
ital1282,crepe,44,TRUE,Italian
ital1282,demo,44,TRUE,Italian
ital1282,matte,44,TRUE,Italian
ital1282,spam,44,TRUE,Italian
ital1282,spate,44,FALSE,Italian
ital1282,totem,44,TRUE,Italian
ital1282,vignette,44,FALSE,Italian
kawi1241,bras,44,FALSE,Kawi
lati1261,confers,44,FALSE,Latin
lati1261,congruent,44,FALSE,Latin
lati1261,stares,44,FALSE,Latin
latv1249,plate,44,TRUE,Latvian
latv1249,puses,44,FALSE,Latvian
manx1243,cam,44,FALSE,Manx
midd1317,horse,44,FALSE,Middle English
midd1317,love,44,TRUE,Middle English
norw1258,stanza,44,FALSE,Norwegian
nucl1301,panel,44,FALSE,Turkish
olde1238,gram,44,FALSE,Old English (ca. 450-1100)
oldf1239,plain,44,TRUE,Old French (842-ca. 1400)
oldf1239,sale,44,FALSE,Old French (842-ca. 1400)
oldf1239,test,44,FALSE,Old French (842-ca. 1400)
poli1260,amalgam,44,TRUE,Polish
poli1260,aura,44,TRUE,Polish
poli1260,dominant,44,TRUE,Polish
poli1260,hardware,44,TRUE,Polish
poli1260,podium,44,TRUE,Polish
port1283,robes,44,FALSE,Portuguese
port1283,sexes,44,FALSE,Portuguese
port1283,soles,44,FALSE,Portuguese
port1283,tango,44,TRUE,Portuguese
port1283,vector,44,TRUE,Portuguese
roma1327,aristocratic,44,TRUE,Romanian
roma1327,avid,44,TRUE,Romanian
roma1327,construct,44,TRUE,Romanian
roma1327,debut,44,TRUE,Romanian
roma1327,dogmatic,44,TRUE,Romanian
roma1327,dominion,44,TRUE,Romanian
roma1327,economist,44,TRUE,Romanian
roma1327,epidemic,44,TRUE,Romanian
roma1327,hobby,44,TRUE,Romanian
roma1327,ignore,44,TRUE,Romanian
roma1327,revolver,44,TRUE,Romanian
roma1327,ulcer,44,TRUE,Romanian
sout1528,algebra,44,TRUE,Serbian-Croatian-Bosnian
sout1528,spat,44,FALSE,Serbian-Croatian-Bosnian
sout1528,tribunal,44,TRUE,Serbian-Croatian-Bosnian
sout2832,cam,44,FALSE,Southwestern Dinka
stan1288,doping,44,TRUE,Spanish
stan1288,emerged,44,FALSE,Spanish
stan1288,vestibular,44,TRUE,Spanish
stan1290,desserts,44,FALSE,French
stan1290,diaspora,44,TRUE,French
stan1290,pauses,44,FALSE,French
stan1290,risotto,44,TRUE,French
stan1295,adaptive,44,FALSE,German
stan1306,poster,44,TRUE,Standard Malay
swed1254,bolster,44,TRUE,Swedish
swed1254,defensive,44,FALSE,Swedish
swed1254,extravagant,44,TRUE,Swedish
swed1254,illegal,44,TRUE,Swedish
swed1254,sits,44,FALSE,Swedish
swed1254,vegetation,44,TRUE,Swedish
taga1270,opera,44,FALSE,Tagalog
taga1270,van,44,TRUE,Tagalog
tetu1245,teen,44,FALSE,Tetum
tokp1240,string,44,TRUE,Tok Pisin
wels1247,cont,44,FALSE,Welsh
cent2087,man,43,FALSE,Coastal-Naga Bikol
czec1258,status,43,TRUE,Czech
dani1285,miner,43,TRUE,Danish
dani1285,spark,43,FALSE,Danish
dani1285,tiger,43,TRUE,Danish
dutc1256,abject,43,TRUE,Dutch
dutc1256,anus,43,TRUE,Dutch
dutc1256,cactus,43,TRUE,Dutch
dutc1256,chauffeur,43,FALSE,Dutch
dutc1256,concurrent,43,TRUE,Dutch
dutc1256,dictator,43,TRUE,Dutch
dutc1256,oxide,43,TRUE,Dutch
dutc1256,para,43,TRUE,Dutch
dutc1256,perverse,43,TRUE,Dutch
dutc1256,pianist,43,TRUE,Dutch
dutc1256,pickles,43,FALSE,Dutch
dutc1256,plateau,43,TRUE,Dutch
dutc1256,smaller,43,FALSE,Dutch
dutc1256,spectrum,43,TRUE,Dutch
dutc1256,stereo,43,TRUE,Dutch
east2542,dash,43,FALSE,Eastern Ojibwa
finn1318,emit,43,FALSE,Finnish
finn1318,formula,43,FALSE,Finnish
finn1318,rugby,43,TRUE,Finnish
finn1318,suspension,43,TRUE,Finnish
hung1274,rabbi,43,TRUE,Hungarian
icel1247,drift,43,FALSE,Icelandic
indo1316,album,43,TRUE,Standard Indonesian
indo1316,diplomat,43,TRUE,Standard Indonesian
indo1316,resume,43,TRUE,Standard Indonesian
indo1316,teller,43,TRUE,Standard Indonesian
ital1282,margarine,43,TRUE,Italian
ital1282,nebula,43,TRUE,Italian
ital1282,ravioli,43,TRUE,Italian
ital1282,vodka,43,TRUE,Italian
lati1261,coccyx,43,TRUE,Latin
lati1261,converge,43,FALSE,Latin
lati1261,importer,43,FALSE,Latin
lati1261,mesa,43,FALSE,Latin
lati1261,rabbi,43,TRUE,Latin
latv1249,pat,43,FALSE,Latvian
latv1249,visa,43,FALSE,Latvian
lith1251,soda,43,TRUE,Lithuanian
midd1317,cross,43,TRUE,Middle English
nort2671,eat,43,FALSE,North Saami
olde1238,ate,43,FALSE,Old English (ca. 450-1100)
olde1238,felt,43,TRUE,Old English (ca. 450-1100)
oldf1239,enemy,43,FALSE,Old French (842-ca. 1400)
oldf1239,frequent,43,TRUE,Old French (842-ca. 1400)
oldf1239,ire,43,TRUE,Old French (842-ca. 1400)
oldf1239,passage,43,TRUE,Old French (842-ca. 1400)
oldf1239,temps,43,FALSE,Old French (842-ca. 1400)
oldf1239,tor,43,FALSE,Old French (842-ca. 1400)
olds1249,don,43,FALSE,Old Spanish
poli1260,ups,43,FALSE,Polish
port1283,erode,43,TRUE,Portuguese
port1283,pita,43,TRUE,Portuguese
roma1327,bacon,43,TRUE,Romanian
roma1327,canon,43,TRUE,Romanian
roma1327,cosmetic,43,TRUE,Romanian
roma1327,crucial,43,TRUE,Romanian
roma1327,depart,43,FALSE,Romanian
roma1327,diplomat,43,TRUE,Romanian
roma1327,hanger,43,FALSE,Romanian
roma1327,incandescent,43,TRUE,Romanian
roma1327,latent,43,TRUE,Romanian
roma1327,leopard,43,TRUE,Romanian
roma1327,organism,43,TRUE,Romanian
roma1327,prolific,43,TRUE,Romanian
roma1327,rectangular,43,TRUE,Romanian
roma1327,substantive,43,TRUE,Romanian
scot1243,messages,43,FALSE,Scots
scot1243,nave,43,FALSE,Scots
scot1243,spins,43,FALSE,Scots
scot1245,map,43,TRUE,Scottish Gaelic
sema1266,mat,43,FALSE,Semai
slov1268,tip,43,FALSE,Slovenian
slov1269,auto,43,TRUE,Slovak
sout1528,metropolis,43,TRUE,Serbian-Croatian-Bosnian
sout1528,tad,43,FALSE,Serbian-Croatian-Bosnian
stan1288,bagel,43,TRUE,Spanish
stan1288,barns,43,FALSE,Spanish
stan1288,compares,43,FALSE,Spanish
stan1288,della,43,FALSE,Spanish
stan1288,fatigues,43,FALSE,Spanish
stan1288,freestyle,43,TRUE,Spanish
stan1288,kosher,43,TRUE,Spanish
stan1288,proximal,43,TRUE,Spanish
stan1289,cases,43,FALSE,Catalan
stan1290,caches,43,FALSE,French
stan1290,captives,43,FALSE,French
stan1290,donations,43,FALSE,French
stan1290,encourages,43,FALSE,French
stan1290,inspires,43,FALSE,French
stan1290,labium,43,TRUE,French
stan1290,modernise,43,TRUE,French
stan1290,organisations,43,FALSE,French
swed1254,ambition,43,TRUE,Swedish
swed1254,devote,43,FALSE,Swedish
swed1254,falls,43,FALSE,Swedish
swed1254,jumper,43,TRUE,Swedish
swed1254,meditation,43,TRUE,Swedish
swed1254,omen,43,TRUE,Swedish
swed1254,rink,43,TRUE,Swedish
swed1254,variable,43,FALSE,Swedish
tetu1245,mane,43,FALSE,Tetum
czec1258,auditor,42,TRUE,Czech
czec1258,leopard,42,TRUE,Czech
czec1258,rally,42,TRUE,Czech
czec1258,squash,42,TRUE,Czech
czec1258,super,42,TRUE,Czech
czec1258,turban,42,TRUE,Czech
dani1285,cement,42,TRUE,Danish
dani1285,fundamental,42,TRUE,Danish
dani1285,generation,42,TRUE,Danish
dani1285,mist,42,FALSE,Danish
dani1285,slim,42,FALSE,Danish
dutc1256,alligator,42,TRUE,Dutch
dutc1256,arcade,42,TRUE,Dutch
dutc1256,flags,42,FALSE,Dutch
dutc1256,media,42,FALSE,Dutch
dutc1256,potent,42,TRUE,Dutch
dutc1256,succulent,42,TRUE,Dutch
dutc1256,yam,42,TRUE,Dutch
esto1258,roast,42,FALSE,Estonian
esto1258,tar,42,FALSE,Estonian
finn1318,historian,42,FALSE,Finnish
finn1318,villain,42,FALSE,Finnish
ilok1237,timid,42,FALSE,Iloko
indo1316,aluminium,42,TRUE,Standard Indonesian
indo1316,min,42,FALSE,Standard Indonesian
ital1282,thrilling,42,TRUE,Italian
lati1261,caucus,42,FALSE,Latin
lati1261,pies,42,FALSE,Latin
lith1251,rink,42,FALSE,Lithuanian
mara1404,delay,42,FALSE,Maranao
midd1317,short,42,FALSE,Middle English
nort2697,day,42,FALSE,North Azerbaijani
nucl1301,apron,42,TRUE,Turkish
nucl1301,gasp,42,FALSE,Turkish
nucl1301,saga,42,TRUE,Turkish
nucl1643,safari,42,FALSE,Japanese
olde1238,grin,42,FALSE,Old English (ca. 450-1100)
olde1238,hired,42,FALSE,Old English (ca. 450-1100)
olde1238,passion,42,FALSE,Old English (ca. 450-1100)
olde1238,rude,42,FALSE,Old English (ca. 450-1100)
oldf1239,chest,42,FALSE,Old French (842-ca. 1400)
oldf1239,officer,42,TRUE,Old French (842-ca. 1400)
oldf1239,space,42,FALSE,Old French (842-ca. 1400)
poli1260,smug,42,FALSE,Polish
poli1260,tuning,42,TRUE,Polish
port1283,avocado,42,FALSE,Portuguese
port1283,demo,42,TRUE,Portuguese
port1283,morgue,42,TRUE,Portuguese
port1283,plaque,42,FALSE,Portuguese
port1283,quantum,42,TRUE,Portuguese
port1283,tires,42,FALSE,Portuguese
roma1327,arctic,42,FALSE,Romanian
roma1327,baton,42,FALSE,Romanian
roma1327,beta,42,TRUE,Romanian
roma1327,ceramic,42,TRUE,Romanian
roma1327,chips,42,FALSE,Romanian
roma1327,flagrant,42,TRUE,Romanian
roma1327,gangster,42,TRUE,Romanian
roma1327,inspire,42,TRUE,Romanian
roma1327,instrumental,42,TRUE,Romanian
roma1327,memorandum,42,TRUE,Romanian
roma1327,patriotic,42,TRUE,Romanian
roma1327,performer,42,TRUE,Romanian
roma1327,poster,42,TRUE,Romanian
roma1327,sarcasm,42,TRUE,Romanian
roma1327,sill,42,TRUE,Romanian
roma1327,solo,42,TRUE,Romanian
slov1268,led,42,TRUE,Slovenian
slov1268,sum,42,FALSE,Slovenian
slov1269,hole,42,FALSE,Slovak
slov1269,idea,42,TRUE,Slovak
slov1269,sob,42,FALSE,Slovak
sout1528,harem,42,TRUE,Serbian-Croatian-Bosnian
sout1528,ultimatum,42,TRUE,Serbian-Croatian-Bosnian
sout2807,mane,42,FALSE,Southern Sotho
sout2832,pal,42,FALSE,Southwestern Dinka
stan1288,highlights,42,FALSE,Spanish
stan1288,joystick,42,TRUE,Spanish
stan1288,logos,42,FALSE,Spanish
stan1288,mantra,42,TRUE,Spanish
stan1288,predictor,42,TRUE,Spanish
stan1288,trusts,42,FALSE,Spanish
stan1288,twists,42,FALSE,Spanish
stan1288,vans,42,FALSE,Spanish
stan1290,cowboys,42,FALSE,French
stan1290,multiracial,42,TRUE,French
stan1290,steaks,42,FALSE,French
stan1306,program,42,TRUE,Standard Malay
stan1306,uterus,42,TRUE,Standard Malay
swed1254,batch,42,TRUE,Swedish
swed1254,emblem,42,TRUE,Swedish
swed1254,illustration,42,TRUE,Swedish
swed1254,mink,42,TRUE,Swedish
swed1254,modem,42,TRUE,Swedish
swed1254,rally,42,TRUE,Swedish
swed1254,relative,42,FALSE,Swedish
swed1254,rocks,42,FALSE,Swedish
taga1270,era,42,FALSE,Tagalog
taga1270,helmet,42,TRUE,Tagalog
taga1270,tango,42,FALSE,Tagalog
tetu1245,boot,42,FALSE,Tetum
tokp1240,tang,42,FALSE,Tok Pisin
tong1325,aka,42,FALSE,Tonga (Tonga Islands)
corn1251,torn,41,FALSE,Cornish
czec1258,dialog,41,TRUE,Czech
czec1258,farce,41,FALSE,Czech
czec1258,stigma,41,TRUE,Czech
dani1285,manifest,41,FALSE,Danish
dani1285,strand,41,FALSE,Danish
dani1285,tumult,41,TRUE,Danish
dutc1256,cabaret,41,TRUE,Dutch
dutc1256,caste,41,FALSE,Dutch
dutc1256,divers,41,FALSE,Dutch
dutc1256,giraffe,41,TRUE,Dutch
dutc1256,incompetent,41,TRUE,Dutch
dutc1256,malaria,41,TRUE,Dutch
dutc1256,massage,41,TRUE,Dutch
dutc1256,panorama,41,TRUE,Dutch
dutc1256,plots,41,FALSE,Dutch
dutc1256,prairie,41,TRUE,Dutch
dutc1256,rugby,41,TRUE,Dutch
dutc1256,stalling,41,FALSE,Dutch
dutc1256,tornado,41,TRUE,Dutch
esto1258,purse,41,FALSE,Estonian
finn1318,dilemma,41,TRUE,Finnish
finn1318,saloon,41,FALSE,Finnish
finn1318,studio,41,TRUE,Finnish
hung1274,dogma,41,TRUE,Hungarian
hung1274,retina,41,TRUE,Hungarian
indo1316,arid,41,TRUE,Standard Indonesian
indo1316,gay,41,TRUE,Standard Indonesian
indo1316,intern,41,FALSE,Standard Indonesian
indo1316,pastel,41,TRUE,Standard Indonesian
indo1316,tenor,41,TRUE,Standard Indonesian
indo1316,tripod,41,TRUE,Standard Indonesian
ital1282,banjo,41,TRUE,Italian
ital1282,inappropriate,41,FALSE,Italian
ital1282,nicotine,41,TRUE,Italian
ital1282,quantitative,41,FALSE,Italian
ital1282,validate,41,FALSE,Italian
lati1261,algebra,41,TRUE,Latin
lati1261,coroner,41,FALSE,Latin
lati1261,defiant,41,FALSE,Latin
lati1261,detergent,41,FALSE,Latin
lati1261,nuclei,41,FALSE,Latin
lati1261,pauses,41,FALSE,Latin
lati1261,probes,41,FALSE,Latin
lati1261,translucent,41,FALSE,Latin
latv1249,maize,41,FALSE,Latvian
latv1249,nest,41,FALSE,Latvian
latv1249,visas,41,FALSE,Latvian
midd1317,given,41,FALSE,Middle English
nucl1301,dominant,41,TRUE,Turkish
olde1238,cancer,41,TRUE,Old English (ca. 450-1100)
olde1238,lamp,41,FALSE,Old English (ca. 450-1100)
olde1238,steam,41,TRUE,Old English (ca. 450-1100)
oldf1239,market,41,TRUE,Old French (842-ca. 1400)
oldf1239,question,41,TRUE,Old French (842-ca. 1400)
oldf1239,residence,41,TRUE,Old French (842-ca. 1400)
oldn1244,bend,41,FALSE,Old Norse
oldn1244,sofa,41,FALSE,Old Norse
poli1260,gradient,41,TRUE,Polish
port1283,cookie,41,TRUE,Portuguese
port1283,evolve,41,FALSE,Portuguese
port1283,impeachment,41,TRUE,Portuguese
port1283,improvise,41,TRUE,Portuguese
port1283,intrigues,41,FALSE,Portuguese
port1283,proves,41,FALSE,Portuguese
port1283,reflector,41,FALSE,Portuguese
port1283,reorganize,41,TRUE,Portuguese
port1283,residual,41,TRUE,Portuguese
port1283,supra,41,FALSE,Portuguese
port1283,traces,41,FALSE,Portuguese
port1283,utilize,41,TRUE,Portuguese
roma1327,ardent,41,TRUE,Romanian
roma1327,brat,41,FALSE,Romanian
roma1327,crap,41,FALSE,Romanian
roma1327,decor,41,TRUE,Romanian
roma1327,genera,41,FALSE,Romanian
roma1327,generator,41,TRUE,Romanian
roma1327,impotent,41,TRUE,Romanian
roma1327,narcotic,41,TRUE,Romanian
roma1327,pianist,41,TRUE,Romanian
roma1327,reactor,41,TRUE,Romanian
roma1327,solvent,41,TRUE,Romanian
roma1327,sporadic,41,TRUE,Romanian
slov1268,sir,41,TRUE,Slovenian
sout1528,pub,41,FALSE,Serbian-Croatian-Bosnian
sout1528,starter,41,FALSE,Serbian-Croatian-Bosnian
sout2832,pan,41,FALSE,Southwestern Dinka
stan1288,coincidental,41,TRUE,Spanish
stan1288,hosts,41,FALSE,Spanish
stan1288,procedural,41,TRUE,Spanish
stan1288,sandwiches,41,FALSE,Spanish
stan1288,webs,41,FALSE,Spanish
stan1290,basins,41,FALSE,French
stan1290,mugs,41,FALSE,French
stan1290,subdivisions,41,FALSE,French
stan1295,distal,41,TRUE,German
stan1295,fastest,41,FALSE,German
stan1306,agenda,41,TRUE,Standard Malay
swed1254,advent,41,FALSE,Swedish
swed1254,center,41,FALSE,Swedish
swed1254,definition,41,TRUE,Swedish
swed1254,diagram,41,TRUE,Swedish
swed1254,hybrid,41,TRUE,Swedish
swed1254,invasion,41,TRUE,Swedish
swed1254,lessen,41,FALSE,Swedish
swed1254,nickel,41,TRUE,Swedish
swed1254,piercing,41,TRUE,Swedish
swed1254,profits,41,FALSE,Swedish
swed1254,ramp,41,TRUE,Swedish
swed1254,tee,41,TRUE,Swedish
turk1304,bag,41,FALSE,Turkmen
yoru1245,bun,41,FALSE,Yoruba
afri1274,branding,40,FALSE,Afrikaans
czec1258,cracker,40,FALSE,Czech
czec1258,sinus,40,TRUE,Czech
czec1258,uterus,40,TRUE,Czech
czec1258,virus,40,TRUE,Czech
dani1285,dessert,40,TRUE,Danish
dani1285,idiot,40,TRUE,Danish
dani1285,rave,40,FALSE,Danish
dani1285,vending,40,FALSE,Danish
dutc1256,chlorine,40,TRUE,Dutch
dutc1256,cognac,40,TRUE,Dutch
dutc1256,forum,40,TRUE,Dutch
dutc1256,handicap,40,TRUE,Dutch
dutc1256,harem,40,TRUE,Dutch
dutc1256,metropolis,40,TRUE,Dutch
dutc1256,quiz,40,TRUE,Dutch
dutc1256,sprint,40,TRUE,Dutch
dutc1256,starts,40,FALSE,Dutch
dutc1256,stereotype,40,TRUE,Dutch
esto1258,eel,40,FALSE,Estonian
finn1318,bonus,40,TRUE,Finnish
icel1247,bang,40,FALSE,Icelandic
icel1247,legs,40,FALSE,Icelandic
icel1247,sand,40,TRUE,Icelandic
indo1316,gala,40,FALSE,Standard Indonesian
indo1316,premium,40,TRUE,Standard Indonesian
indo1316,saga,40,TRUE,Standard Indonesian
indo1316,sensor,40,TRUE,Standard Indonesian
indo1316,skim,40,TRUE,Standard Indonesian
ital1282,bungalow,40,TRUE,Italian
ital1282,formative,40,FALSE,Italian
ital1282,guru,40,TRUE,Italian
ital1282,mascara,40,TRUE,Italian
ital1282,paranoia,40,TRUE,Italian
ital1282,sexy,40,TRUE,Italian
ladi1251,meter,40,FALSE,Ladino
lati1261,regulator,40,FALSE,Latin
lith1251,bare,40,FALSE,Lithuanian
midd1317,rob,40,FALSE,Middle English
midd1317,second,40,FALSE,Middle English
nucl1301,baron,40,TRUE,Turkish
nucl1301,flu,40,FALSE,Turkish
olde1238,deaf,40,TRUE,Old English (ca. 450-1100)
oldf1239,halt,40,FALSE,Old French (842-ca. 1400)
oldf1239,soul,40,FALSE,Old French (842-ca. 1400)
oldf1239,tenant,40,TRUE,Old French (842-ca. 1400)
poli1260,fantasy,40,TRUE,Polish
poli1260,okra,40,TRUE,Polish
poli1260,ruse,40,FALSE,Polish
poli1260,spinach,40,FALSE,Polish
poli1260,wiry,40,FALSE,Polish
port1283,module,40,FALSE,Portuguese
port1283,vaginal,40,TRUE,Portuguese
port1283,vampire,40,FALSE,Portuguese
roma1327,aroma,40,FALSE,Romanian
roma1327,candid,40,TRUE,Romanian
roma1327,capitalism,40,TRUE,Romanian
roma1327,decade,40,FALSE,Romanian
roma1327,deficient,40,TRUE,Romanian
roma1327,diesel,40,TRUE,Romanian
roma1327,enigmatic,40,TRUE,Romanian
roma1327,font,40,TRUE,Romanian
roma1327,global,40,TRUE,Romanian
roma1327,handicap,40,TRUE,Romanian
roma1327,melon,40,FALSE,Romanian
roma1327,metropolitan,40,TRUE,Romanian
roma1327,sculptor,40,TRUE,Romanian
roma1327,seminar,40,TRUE,Romanian
roma1327,specimen,40,TRUE,Romanian
roma1327,trend,40,TRUE,Romanian
roma1327,trio,40,TRUE,Romanian
sout1528,kale,40,FALSE,Serbian-Croatian-Bosnian
sout1528,panorama,40,TRUE,Serbian-Croatian-Bosnian
sout1528,sprint,40,TRUE,Serbian-Croatian-Bosnian
stan1288,aerobics,40,FALSE,Spanish
stan1288,conceded,40,FALSE,Spanish
stan1288,espresso,40,TRUE,Spanish
stan1288,performances,40,FALSE,Spanish
stan1288,wraps,40,FALSE,Spanish
stan1290,fictions,40,FALSE,French
stan1290,manipulations,40,FALSE,French
swah1253,rap,40,TRUE,Swahili
swed1254,ballast,40,FALSE,Swedish
swed1254,curry,40,TRUE,Swedish
swed1254,delirium,40,TRUE,Swedish
swed1254,fleece,40,TRUE,Swedish
swed1254,format,40,TRUE,Swedish
swed1254,growl,40,TRUE,Swedish
swed1254,hockey,40,TRUE,Swedish
swed1254,lava,40,TRUE,Swedish
swed1254,pages,40,FALSE,Swedish
swed1254,pants,40,FALSE,Swedish
swed1254,propaganda,40,TRUE,Swedish
swed1254,symptom,40,FALSE,Swedish
swed1254,tips,40,FALSE,Swedish
taga1270,aroma,40,TRUE,Tagalog
tetu1245,mate,40,FALSE,Tetum
tokp1240,spot,40,FALSE,Tok Pisin
vure1239,vet,40,FALSE,Vurës
wels1247,tractor,40,TRUE,Welsh
corn1251,post,39,TRUE,Cornish
czec1258,algebra,39,TRUE,Czech
dani1285,eagle,39,TRUE,Danish
dani1285,fade,39,FALSE,Danish
dani1285,filter,39,TRUE,Danish
dani1285,pave,39,FALSE,Danish
dani1285,sod,39,FALSE,Danish
dani1285,transmission,39,TRUE,Danish
dutc1256,clique,39,TRUE,Dutch
dutc1256,flagrant,39,TRUE,Dutch
dutc1256,lexicon,39,TRUE,Dutch
dutc1256,offers,39,FALSE,Dutch
dutc1256,vagina,39,TRUE,Dutch
dutc1256,wove,39,FALSE,Dutch
esto1258,major,39,TRUE,Estonian
esto1258,null,39,FALSE,Estonian
fiji1243,mama,39,FALSE,Fijian
gand1255,era,39,FALSE,Ganda
indo1316,aroma,39,TRUE,Standard Indonesian
indo1316,plasma,39,TRUE,Standard Indonesian
ital1282,bistro,39,FALSE,Italian
ital1282,commensurate,39,FALSE,Italian
ital1282,redo,39,FALSE,Italian
lati1261,communicative,39,FALSE,Latin
lati1261,imaginative,39,FALSE,Latin
lati1261,locate,39,FALSE,Latin
lati1261,matrices,39,FALSE,Latin
lati1261,migrant,39,FALSE,Latin
lati1261,rationale,39,FALSE,Latin
lati1261,retina,39,TRUE,Latin
latv1249,instruments,39,FALSE,Latvian
latv1249,paper,39,FALSE,Latvian
lith1251,para,39,FALSE,Lithuanian
luxe1241,fest,39,FALSE,Moselle Franconian
malt1254,sod,39,FALSE,Maltese
manx1243,glare,39,FALSE,Manx
midd1317,language,39,FALSE,Middle English
midd1317,net,39,TRUE,Middle English
midd1317,take,39,FALSE,Middle English
midd1317,young,39,FALSE,Middle English
olde1238,seam,39,TRUE,Old English (ca. 450-1100)
olde1238,tom,39,FALSE,Old English (ca. 450-1100)
oldf1239,beer,39,FALSE,Old French (842-ca. 1400)
oldf1239,vile,39,FALSE,Old French (842-ca. 1400)
poli1260,businessman,39,TRUE,Polish
poli1260,psyche,39,TRUE,Polish
poli1260,sequel,39,TRUE,Polish
port1283,ambient,39,TRUE,Portuguese
port1283,folder,39,FALSE,Portuguese
port1283,kerosene,39,FALSE,Portuguese
port1283,rates,39,TRUE,Portuguese
port1283,software,39,TRUE,Portuguese
roma1327,capitol,39,FALSE,Romanian
roma1327,catalog,39,TRUE,Romanian
roma1327,clan,39,TRUE,Romanian
roma1327,diligent,39,TRUE,Romanian
roma1327,eventual,39,TRUE,Romanian
roma1327,inconsistent,39,TRUE,Romanian
roma1327,mediator,39,TRUE,Romanian
roma1327,nude,39,TRUE,Romanian
roma1327,radiator,39,TRUE,Romanian
roma1327,ventilator,39,TRUE,Romanian
roma1327,waterproof,39,TRUE,Romanian
scot1245,snag,39,FALSE,Scottish Gaelic
slov1268,motor,39,TRUE,Slovenian
slov1268,par,39,TRUE,Slovenian
sout1528,alibi,39,TRUE,Serbian-Croatian-Bosnian
sout1528,turban,39,TRUE,Serbian-Croatian-Bosnian
stan1288,aromas,39,FALSE,Spanish
stan1288,detectable,39,TRUE,Spanish
stan1288,inspires,39,FALSE,Spanish
stan1288,microbial,39,TRUE,Spanish
stan1288,reverses,39,FALSE,Spanish
stan1288,skateboard,39,TRUE,Spanish
stan1288,yuan,39,TRUE,Spanish
stan1290,eruptions,39,FALSE,French
stan1290,geek,39,TRUE,French
stan1290,injustices,39,FALSE,French
stan1290,salsa,39,TRUE,French
stan1290,teenagers,39,FALSE,French
stan1306,abdomen,39,TRUE,Standard Malay
swed1254,embargo,39,TRUE,Swedish
swed1254,gem,39,FALSE,Swedish
swed1254,gruff,39,FALSE,Swedish
swed1254,jazz,39,TRUE,Swedish
swed1254,kinds,39,FALSE,Swedish
swed1254,pregnant,39,TRUE,Swedish
swed1254,transform,39,TRUE,Swedish
taga1270,dose,39,FALSE,Tagalog
taga1270,pita,39,FALSE,Tagalog
tokp1240,pot,39,FALSE,Tok Pisin
yuca1254,keep,39,FALSE,Yucatec Maya
afri1274,magnesium,38,TRUE,Afrikaans
afri1274,robot,38,TRUE,Afrikaans
czec1258,audit,38,TRUE,Czech
czec1258,divergence,38,TRUE,Czech
czec1258,matrix,38,TRUE,Czech
czec1258,skunk,38,TRUE,Czech
czec1258,tumor,38,TRUE,Czech
dani1285,arrogant,38,TRUE,Danish
dani1285,bachelor,38,FALSE,Danish
dani1285,bronze,38,TRUE,Danish
dani1285,cancer,38,TRUE,Danish
dani1285,magnet,38,TRUE,Danish
dani1285,manual,38,TRUE,Danish
dani1285,skid,38,FALSE,Danish
dutc1256,amplitude,38,TRUE,Dutch
dutc1256,bio,38,FALSE,Dutch
dutc1256,finale,38,TRUE,Dutch
dutc1256,kits,38,FALSE,Dutch
dutc1256,privileges,38,FALSE,Dutch
esto1258,lips,38,FALSE,Estonian
finn1318,charter,38,FALSE,Finnish
finn1318,jazz,38,TRUE,Finnish
finn1318,lied,38,TRUE,Finnish
finn1318,partition,38,FALSE,Finnish
hung1274,gorilla,38,TRUE,Hungarian
icel1247,bank,38,FALSE,Icelandic
icel1247,burst,38,FALSE,Icelandic
icel1247,odds,38,FALSE,Icelandic
icel1247,toll,38,TRUE,Icelandic
icel1247,villa,38,TRUE,Icelandic
indo1316,audio,38,TRUE,Standard Indonesian
indo1316,genius,38,TRUE,Standard Indonesian
iris1253,rang,38,FALSE,Irish
iris1253,suite,38,FALSE,Irish
ital1282,duplex,38,TRUE,Italian
ital1282,password,38,TRUE,Italian
ital1282,placebo,38,TRUE,Italian
ital1282,yogurt,38,TRUE,Italian
lati1261,acquires,38,FALSE,Latin
lati1261,archetype,38,TRUE,Latin
lati1261,bases,38,FALSE,Latin
lati1261,denominator,38,FALSE,Latin
lati1261,humans,38,FALSE,Latin
lati1261,multiple,38,FALSE,Latin
latv1249,gala,38,FALSE,Latvian
malt1254,grad,38,FALSE,Maltese
midd1317,had,38,FALSE,Middle English
midd1317,strong,38,TRUE,Middle English
nort2697,bit,38,FALSE,North Azerbaijani
nucl1643,sauna,38,FALSE,Japanese
olde1238,flat,38,FALSE,Old English (ca. 450-1100)
olde1238,sting,38,TRUE,Old English (ca. 450-1100)
oldf1239,official,38,TRUE,Old French (842-ca. 1400)
oldf1239,pasture,38,TRUE,Old French (842-ca. 1400)
oldf1239,refuge,38,TRUE,Old French (842-ca. 1400)
poli1260,curling,38,TRUE,Polish
poli1260,gangster,38,TRUE,Polish
poli1260,rating,38,TRUE,Polish
poli1260,splendor,38,TRUE,Polish
poli1260,supermarket,38,TRUE,Polish
poli1260,tornado,38,TRUE,Polish
poli1260,weekend,38,TRUE,Polish
port1283,caviar,38,TRUE,Portuguese
port1283,corona,38,FALSE,Portuguese
port1283,deadlock,38,TRUE,Portuguese
port1283,deli,38,FALSE,Portuguese
port1283,divides,38,FALSE,Portuguese
port1283,emu,38,TRUE,Portuguese
port1283,iceberg,38,TRUE,Portuguese
port1283,limes,38,FALSE,Portuguese
port1283,marines,38,FALSE,Portuguese
port1283,motives,38,FALSE,Portuguese
port1283,presides,38,FALSE,Portuguese
port1283,romances,38,FALSE,Portuguese
port1283,troll,38,TRUE,Portuguese
port1283,turbine,38,FALSE,Portuguese
port1283,visceral,38,TRUE,Portuguese
roma1327,abundant,38,FALSE,Romanian
roma1327,charter,38,TRUE,Romanian
roma1327,detriment,38,TRUE,Romanian
roma1327,dividend,38,TRUE,Romanian
roma1327,enigma,38,FALSE,Romanian
roma1327,frontal,38,TRUE,Romanian
roma1327,jurist,38,TRUE,Romanian
roma1327,mall,38,TRUE,Romanian
roma1327,medicinal,38,TRUE,Romanian
roma1327,monitor,38,TRUE,Romanian
roma1327,mop,38,TRUE,Romanian
roma1327,oblige,38,TRUE,Romanian
roma1327,slim,38,FALSE,Romanian
roma1327,spinal,38,TRUE,Romanian
slov1268,kit,38,FALSE,Slovenian
sout1528,baron,38,TRUE,Serbian-Croatian-Bosnian
sout1528,tanker,38,TRUE,Serbian-Croatian-Bosnian
stan1288,browser,38,TRUE,Spanish
stan1288,caveat,38,TRUE,Spanish
stan1288,cookies,38,FALSE,Spanish
stan1288,cultures,38,FALSE,Spanish
stan1288,doses,38,FALSE,Spanish
stan1288,punches,38,FALSE,Spanish
stan1289,cal,38,FALSE,Catalan
stan1289,miracle,38,TRUE,Catalan
stan1290,bunkers,38,FALSE,French
stan1290,drills,38,FALSE,French
stan1290,lieutenants,38,FALSE,French
stan1290,privatisation,38,TRUE,French
stan1290,pulsar,38,TRUE,French
stan1295,investigative,38,FALSE,German
stan1306,abnormal,38,TRUE,Standard Malay
swed1254,album,38,TRUE,Swedish
swed1254,cider,38,TRUE,Swedish
swed1254,folks,38,FALSE,Swedish
swed1254,gymnasium,38,TRUE,Swedish
swed1254,halo,38,TRUE,Swedish
swed1254,inspiration,38,TRUE,Swedish
swed1254,leopard,38,TRUE,Swedish
swed1254,locks,38,FALSE,Swedish
swed1254,rave,38,TRUE,Swedish
swed1254,strings,38,FALSE,Swedish
swed1254,students,38,FALSE,Swedish
taga1270,satin,38,TRUE,Tagalog
taga1270,sus,38,FALSE,Tagalog
taga1270,terminal,38,TRUE,Tagalog
taga1270,tuna,38,TRUE,Tagalog
tokp1240,malaria,38,TRUE,Tok Pisin
wels1247,champ,38,FALSE,Welsh
bret1244,person,37,FALSE,Breton
cebu1242,baton,37,TRUE,Cebuano
cent2087,para,37,FALSE,Coastal-Naga Bikol
chuu1238,nap,37,FALSE,Chuukese
corn1251,art,37,TRUE,Cornish
czec1258,embargo,37,TRUE,Czech
czec1258,fauna,37,TRUE,Czech
czec1258,tolerance,37,TRUE,Czech
dani1285,bluff,37,TRUE,Danish
dani1285,cylinder,37,TRUE,Danish
dani1285,globe,37,TRUE,Danish
dani1285,illusion,37,TRUE,Danish
dani1285,martyr,37,TRUE,Danish
dutc1256,aquarium,37,TRUE,Dutch
dutc1256,audio,37,TRUE,Dutch
dutc1256,brunette,37,TRUE,Dutch
dutc1256,ego,37,TRUE,Dutch
dutc1256,files,37,FALSE,Dutch
dutc1256,foetus,37,TRUE,Dutch
dutc1256,incest,37,TRUE,Dutch
dutc1256,margarine,37,TRUE,Dutch
dutc1256,norm,37,TRUE,Dutch
dutc1256,partners,37,FALSE,Dutch
dutc1256,punk,37,TRUE,Dutch
dutc1256,rocker,37,TRUE,Dutch
dutc1256,sinister,37,TRUE,Dutch
esto1258,video,37,TRUE,Estonian
finn1318,curry,37,TRUE,Finnish
finn1318,gon,37,FALSE,Finnish
finn1318,hoe,37,FALSE,Finnish
finn1318,loin,37,FALSE,Finnish
finn1318,parka,37,TRUE,Finnish
indo1316,forum,37,TRUE,Standard Indonesian
indo1316,global,37,TRUE,Standard Indonesian
ital1282,avocado,37,TRUE,Italian
ital1282,gourmet,37,TRUE,Italian
ital1282,impeachment,37,TRUE,Italian
ital1282,mozzarella,37,TRUE,Italian
lati1261,inverse,37,FALSE,Latin
lati1261,larynx,37,TRUE,Latin
lati1261,primates,37,FALSE,Latin
lati1261,refrigerate,37,FALSE,Latin
lati1261,sentient,37,FALSE,Latin
lati1261,vibrant,37,FALSE,Latin
latv1249,pile,37,FALSE,Latvian
latv1249,trim,37,FALSE,Latvian
mand1415,pizza,37,TRUE,Mandarin Chinese
manx1243,clean,37,FALSE,Manx
manx1243,mess,37,FALSE,Manx
midd1317,good,37,TRUE,Middle English
nort2671,din,37,FALSE,North Saami
nucl1301,papaya,37,TRUE,Turkish
nucl1301,proxy,37,TRUE,Turkish
nucl1347,buy,37,FALSE,Wolof
oldf1239,date,37,TRUE,Old French (842-ca. 1400)
oldf1239,homage,37,FALSE,Old French (842-ca. 1400)
oldf1239,mere,37,FALSE,Old French (842-ca. 1400)
oldf1239,second,37,TRUE,Old French (842-ca. 1400)
oldf1239,sus,37,FALSE,Old French (842-ca. 1400)
oldn1244,fest,37,FALSE,Old Norse
poli1260,grizzly,37,TRUE,Polish
poli1260,kale,37,FALSE,Polish
poli1260,khaki,37,TRUE,Polish
poli1260,tango,37,TRUE,Polish
port1283,adobe,37,TRUE,Portuguese
port1283,commando,37,FALSE,Portuguese
port1283,neutralize,37,TRUE,Portuguese
port1283,nuance,37,TRUE,Portuguese
port1283,tacos,37,FALSE,Portuguese
port1283,zoom,37,TRUE,Portuguese
roma1327,corpus,37,TRUE,Romanian
roma1327,dental,37,TRUE,Romanian
roma1327,homeless,37,TRUE,Romanian
roma1327,monastic,37,TRUE,Romanian
roma1327,odor,37,FALSE,Romanian
roma1327,patriot,37,TRUE,Romanian
roma1327,realism,37,TRUE,Romanian
roma1327,senator,37,TRUE,Romanian
roma1327,slash,37,TRUE,Romanian
roma1327,structural,37,TRUE,Romanian
roma1327,tacit,37,TRUE,Romanian
roma1327,valet,37,TRUE,Romanian
slov1268,bog,37,FALSE,Slovenian
sout1528,abdomen,37,TRUE,Serbian-Croatian-Bosnian
sout1528,cedar,37,TRUE,Serbian-Croatian-Bosnian
sout1528,serum,37,TRUE,Serbian-Croatian-Bosnian
sout1528,slut,37,FALSE,Serbian-Croatian-Bosnian
stan1288,completes,37,FALSE,Spanish
stan1288,karaoke,37,TRUE,Spanish
stan1289,paper,37,TRUE,Catalan
stan1289,radicals,37,FALSE,Catalan
stan1290,catalogues,37,FALSE,French
stan1290,catastrophes,37,FALSE,French
stan1290,cites,37,FALSE,French
stan1290,digits,37,FALSE,French
stan1290,objectives,37,FALSE,French
stan1290,postures,37,FALSE,French
stan1295,fixes,37,FALSE,German
stan1295,fucking,37,TRUE,German
sume1241,mud,37,FALSE,Sumerian
swed1254,alternative,37,FALSE,Swedish
swed1254,assets,37,FALSE,Swedish
swed1254,butler,37,TRUE,Swedish
swed1254,diameter,37,TRUE,Swedish
swed1254,forms,37,FALSE,Swedish
swed1254,genus,37,FALSE,Swedish
swed1254,grips,37,FALSE,Swedish
swed1254,legion,37,TRUE,Swedish
swed1254,materials,37,FALSE,Swedish
swed1254,pub,37,TRUE,Swedish
swed1254,satin,37,TRUE,Swedish
arom1237,pot,36,FALSE,Aromanian
cebu1242,dam,36,FALSE,Cebuano
cebu1242,salad,36,TRUE,Cebuano
czec1258,bonus,36,TRUE,Czech
czec1258,embryo,36,TRUE,Czech
czec1258,radar,36,TRUE,Czech
czec1258,symptom,36,TRUE,Czech
czec1258,veranda,36,TRUE,Czech
dani1285,bump,36,FALSE,Danish
dani1285,mule,36,FALSE,Danish
dani1285,tenor,36,TRUE,Danish
dutc1256,bolder,36,FALSE,Dutch
dutc1256,component,36,TRUE,Dutch
dutc1256,dominant,36,TRUE,Dutch
dutc1256,entree,36,TRUE,Dutch
dutc1256,fanfare,36,TRUE,Dutch
dutc1256,foyer,36,TRUE,Dutch
dutc1256,kilometer,36,TRUE,Dutch
dutc1256,milieu,36,TRUE,Dutch
dutc1256,molecule,36,TRUE,Dutch
dutc1256,montage,36,TRUE,Dutch
dutc1256,pies,36,FALSE,Dutch
dutc1256,sedan,36,TRUE,Dutch
dutc1256,sponsor,36,TRUE,Dutch
finn1318,ambition,36,FALSE,Finnish
gilb1244,ran,36,FALSE,Gilbertese
hait1244,ale,36,FALSE,Haitian
haus1257,gum,36,FALSE,Hausa
hung1274,internet,36,TRUE,Hungarian
iban1264,chat,36,FALSE,Iban
icel1247,lambs,36,FALSE,Icelandic
indo1316,anemia,36,TRUE,Standard Indonesian
indo1316,audit,36,TRUE,Standard Indonesian
indo1316,domain,36,TRUE,Standard Indonesian
indo1316,mama,36,TRUE,Standard Indonesian
indo1316,manifesto,36,TRUE,Standard Indonesian
indo1316,melon,36,TRUE,Standard Indonesian
indo1316,rabies,36,TRUE,Standard Indonesian
indo1316,sinus,36,TRUE,Standard Indonesian
indo1316,sponsor,36,TRUE,Standard Indonesian
ital1282,aerosol,36,TRUE,Italian
ital1282,infiltrate,36,FALSE,Italian
ital1282,pita,36,TRUE,Italian
ital1282,prostate,36,TRUE,Italian
lati1261,chore,36,FALSE,Latin
lati1261,revolves,36,FALSE,Latin
lati1261,strides,36,FALSE,Latin
loui1240,content,36,FALSE,Louisiana Creole French
mand1436,ate,36,FALSE,Mandinka
midd1317,get,36,FALSE,Middle English
nucl1301,diplomat,36,TRUE,Turkish
nucl1301,fide,36,FALSE,Turkish
nucl1301,manifesto,36,TRUE,Turkish
nucl1301,vampire,36,TRUE,Turkish
oldf1239,covenant,36,TRUE,Old French (842-ca. 1400)
oldf1239,haste,36,TRUE,Old French (842-ca. 1400)
oldf1239,image,36,TRUE,Old French (842-ca. 1400)
oldf1239,past,36,FALSE,Old French (842-ca. 1400)
oldf1239,quit,36,FALSE,Old French (842-ca. 1400)
oldn1244,lamb,36,TRUE,Old Norse
pali1273,mare,36,FALSE,Pali
poli1260,adapter,36,TRUE,Polish
poli1260,dialog,36,TRUE,Polish
poli1260,metro,36,TRUE,Polish
poli1260,sponsor,36,TRUE,Polish
poli1260,utopia,36,TRUE,Polish
port1283,affidavit,36,TRUE,Portuguese
port1283,axial,36,TRUE,Portuguese
port1283,banjo,36,TRUE,Portuguese
port1283,chances,36,FALSE,Portuguese
port1283,dates,36,FALSE,Portuguese
port1283,dictatorial,36,FALSE,Portuguese
port1283,fecal,36,TRUE,Portuguese
port1283,flamboyant,36,FALSE,Portuguese
port1283,gangster,36,TRUE,Portuguese
port1283,manicure,36,TRUE,Portuguese
port1283,motel,36,TRUE,Portuguese
port1283,recapture,36,TRUE,Portuguese
port1283,shampoo,36,FALSE,Portuguese
roma1327,atlas,36,TRUE,Romanian
roma1327,bastion,36,TRUE,Romanian
roma1327,businessman,36,TRUE,Romanian
roma1327,calorie,36,TRUE,Romanian
roma1327,carp,36,FALSE,Romanian
roma1327,clerical,36,TRUE,Romanian
roma1327,colon,36,TRUE,Romanian
roma1327,duet,36,TRUE,Romanian
roma1327,nursing,36,TRUE,Romanian
roma1327,pastel,36,TRUE,Romanian
roma1327,patriotism,36,TRUE,Romanian
roma1327,pigment,36,TRUE,Romanian
roma1327,portal,36,TRUE,Romanian
roma1327,protagonist,36,TRUE,Romanian
roma1327,stagnant,36,TRUE,Romanian
roma1327,transcendental,36,TRUE,Romanian
roma1327,translator,36,TRUE,Romanian
roma1327,virulent,36,TRUE,Romanian
scot1243,accommodate,36,TRUE,Scots
scot1243,contracts,36,FALSE,Scots
scot1243,describes,36,FALSE,Scots
slov1268,pet,36,FALSE,Slovenian
sout1528,flora,36,TRUE,Serbian-Croatian-Bosnian
stan1288,karma,36,TRUE,Spanish
stan1290,crawls,36,FALSE,French
stan1290,progresses,36,FALSE,French
stan1290,sponsoring,36,FALSE,French
stan1295,devotes,36,FALSE,German
stan1295,heterosexual,36,FALSE,German
sume1241,bad,36,FALSE,Sumerian
swed1254,arena,36,TRUE,Swedish
swed1254,bars,36,FALSE,Swedish
swed1254,brunt,36,FALSE,Swedish
swed1254,flora,36,TRUE,Swedish
swed1254,genial,36,FALSE,Swedish
swed1254,hobby,36,TRUE,Swedish
swed1254,journalist,36,TRUE,Swedish
swed1254,pollen,36,TRUE,Swedish
swed1254,stats,36,FALSE,Swedish
turk1304,bit,36,FALSE,Turkmen
uigh1240,men,36,FALSE,Uighur
wels1247,deli,36,FALSE,Welsh
yoru1245,papa,36,FALSE,Yoruba
afri1274,prostitute,35,TRUE,Afrikaans
arom1237,sin,35,FALSE,Aromanian
czec1258,delta,35,TRUE,Czech
czec1258,domino,35,FALSE,Czech
czec1258,placenta,35,TRUE,Czech
czec1258,sprint,35,TRUE,Czech
dani1285,atom,35,TRUE,Danish
dani1285,duel,35,TRUE,Danish
dani1285,grin,35,TRUE,Danish
dani1285,hinder,35,FALSE,Danish
dani1285,ignorant,35,TRUE,Danish
dani1285,liter,35,TRUE,Danish
dani1285,tunnel,35,TRUE,Danish
dutc1256,corpus,35,TRUE,Dutch
dutc1256,diverse,35,TRUE,Dutch
dutc1256,facet,35,TRUE,Dutch
dutc1256,ladders,35,FALSE,Dutch
dutc1256,nylon,35,TRUE,Dutch
dutc1256,planetarium,35,TRUE,Dutch
fiji1243,cola,35,FALSE,Fijian
finn1318,brandy,35,TRUE,Finnish
finn1318,delta,35,TRUE,Finnish
hung1274,hamburger,35,TRUE,Hungarian
hung1274,marketing,35,TRUE,Hungarian
hung1274,taut,35,FALSE,Hungarian
indo1316,astronaut,35,TRUE,Standard Indonesian
indo1316,dab,35,FALSE,Standard Indonesian
indo1316,fauna,35,TRUE,Standard Indonesian
indo1316,input,35,TRUE,Standard Indonesian
iris1253,braid,35,FALSE,Irish
ital1282,backup,35,TRUE,Italian
ital1282,discrete,35,FALSE,Italian
ital1282,donate,35,FALSE,Italian
ital1282,fungi,35,FALSE,Italian
ital1282,menopause,35,TRUE,Italian
lati1261,balances,35,FALSE,Latin
lati1261,impulsive,35,FALSE,Latin
lati1261,plasma,35,FALSE,Latin
lati1261,rotor,35,FALSE,Latin
lati1261,solves,35,FALSE,Latin
latv1249,prom,35,FALSE,Latvian
latv1249,store,35,FALSE,Latvian
latv1249,tad,35,FALSE,Latvian
midd1317,cause,35,TRUE,Middle English
midd1317,long,35,TRUE,Middle English
nucl1301,dilemma,35,TRUE,Turkish
olde1238,comb,35,FALSE,Old English (ca. 450-1100)
olde1238,lad,35,FALSE,Old English (ca. 450-1100)
oldf1239,nun,35,FALSE,Old French (842-ca. 1400)
oldf1239,passion,35,TRUE,Old French (842-ca. 1400)
oldf1239,plate,35,TRUE,Old French (842-ca. 1400)
oldf1239,porter,35,FALSE,Old French (842-ca. 1400)
oldf1239,simple,35,TRUE,Old French (842-ca. 1400)
oldf1239,vie,35,FALSE,Old French (842-ca. 1400)
oldf1239,villain,35,FALSE,Old French (842-ca. 1400)
papi1253,den,35,FALSE,Papiamento
papi1253,man,35,FALSE,Papiamento
pohn1238,men,35,FALSE,Pohnpeian
poli1260,anemia,35,TRUE,Polish
poli1260,media,35,TRUE,Polish
poli1260,mural,35,TRUE,Polish
poli1260,sporty,35,FALSE,Polish
port1283,blues,35,TRUE,Portuguese
port1283,curses,35,FALSE,Portuguese
port1283,laces,35,FALSE,Portuguese
port1283,mucosa,35,TRUE,Portuguese
port1283,tonal,35,TRUE,Portuguese
port1283,vestibular,35,TRUE,Portuguese
roma1327,acre,35,TRUE,Romanian
roma1327,banner,35,TRUE,Romanian
roma1327,colonial,35,TRUE,Romanian
roma1327,crease,35,FALSE,Romanian
roma1327,diploma,35,TRUE,Romanian
roma1327,geometric,35,TRUE,Romanian
roma1327,grenade,35,FALSE,Romanian
roma1327,idiom,35,TRUE,Romanian
roma1327,indistinct,35,TRUE,Romanian
roma1327,insurgent,35,TRUE,Romanian
roma1327,intolerant,35,TRUE,Romanian
roma1327,lied,35,TRUE,Romanian
roma1327,lobby,35,TRUE,Romanian
roma1327,parking,35,TRUE,Romanian
roma1327,placid,35,TRUE,Romanian
roma1327,pled,35,FALSE,Romanian
roma1327,robot,35,TRUE,Romanian
roma1327,transatlantic,35,TRUE,Romanian
roma1327,transmit,35,TRUE,Romanian
slov1268,hip,35,FALSE,Slovenian
sout1528,dome,35,TRUE,Serbian-Croatian-Bosnian
sout1528,urban,35,TRUE,Serbian-Croatian-Bosnian
stan1288,dips,35,FALSE,Spanish
stan1288,nerd,35,TRUE,Spanish
stan1288,swings,35,FALSE,Spanish
stan1289,set,35,TRUE,Catalan
stan1290,bayou,35,TRUE,French
stan1290,confesses,35,FALSE,French
stan1290,cools,35,FALSE,French
stan1290,hobbies,35,FALSE,French
stan1290,mixes,35,FALSE,French
stan1290,mobilise,35,TRUE,French
stan1290,neutralise,35,FALSE,French
stan1290,rewriting,35,TRUE,French
stan1290,villas,35,FALSE,French
stan1306,vitamin,35,TRUE,Standard Malay
stan1306,zoo,35,TRUE,Standard Malay
swah1253,sofa,35,TRUE,Swahili
swed1254,aluminium,35,TRUE,Swedish
swed1254,diagonal,35,TRUE,Swedish
swed1254,feminine,35,FALSE,Swedish
swed1254,gamma,35,TRUE,Swedish
swed1254,gavel,35,FALSE,Swedish
swed1254,gills,35,FALSE,Swedish
swed1254,overall,35,TRUE,Swedish
swed1254,prestige,35,TRUE,Swedish
swed1254,recess,35,TRUE,Swedish
swed1254,revolver,35,TRUE,Swedish
swed1254,valet,35,FALSE,Swedish
taga1270,lain,35,FALSE,Tagalog
tokp1240,basket,35,TRUE,Tok Pisin
wels1247,silicon,35,TRUE,Welsh
yaka1277,lime,35,FALSE,Yakan
cebu1242,ruler,34,TRUE,Cebuano
cent2050,fan,34,FALSE,Central Kanuri
dani1285,bullet,34,TRUE,Danish
dani1285,foster,34,FALSE,Danish
dutc1256,belligerent,34,TRUE,Dutch
dutc1256,helium,34,TRUE,Dutch
dutc1256,jazz,34,TRUE,Dutch
dutc1256,pathos,34,TRUE,Dutch
dutc1256,races,34,FALSE,Dutch
dutc1256,remedies,34,FALSE,Dutch
finn1318,avenue,34,TRUE,Finnish
finn1318,malaria,34,TRUE,Finnish
finn1318,option,34,TRUE,Finnish
finn1318,propaganda,34,TRUE,Finnish
finn1318,tempo,34,TRUE,Finnish
icel1247,brand,34,TRUE,Icelandic
indo1316,baron,34,TRUE,Standard Indonesian
indo1316,instrumental,34,TRUE,Standard Indonesian
indo1316,patriot,34,TRUE,Standard Indonesian
indo1316,pneumonia,34,TRUE,Standard Indonesian
iris1253,chol,34,FALSE,Irish
iris1253,smug,34,FALSE,Irish
ital1282,blitz,34,TRUE,Italian
lati1261,discrete,34,FALSE,Latin
lati1261,indicator,34,FALSE,Latin
lati1261,symposium,34,TRUE,Latin
mand1415,racist,34,TRUE,Mandarin Chinese
mand1436,bamboo,34,FALSE,Mandinka
manx1243,gear,34,FALSE,Manx
midd1317,crown,34,FALSE,Middle English
midd1317,office,34,FALSE,Middle English
nucl1301,integral,34,TRUE,Turkish
nucl1301,panorama,34,TRUE,Turkish
nucl1643,adobe,34,FALSE,Japanese
olde1238,belt,34,TRUE,Old English (ca. 450-1100)
olde1238,clam,34,FALSE,Old English (ca. 450-1100)
oldf1239,fin,34,FALSE,Old French (842-ca. 1400)
oldf1239,ruse,34,FALSE,Old French (842-ca. 1400)
oldf1239,tenure,34,TRUE,Old French (842-ca. 1400)
poli1260,blues,34,TRUE,Polish
poli1260,brownie,34,TRUE,Polish
poli1260,derby,34,TRUE,Polish
poli1260,totem,34,TRUE,Polish
port1283,acne,34,TRUE,Portuguese
port1283,correlate,34,FALSE,Portuguese
port1283,declares,34,FALSE,Portuguese
port1283,funk,34,TRUE,Portuguese
port1283,gates,34,FALSE,Portuguese
port1283,know-how,34,TRUE,Portuguese
port1283,layout,34,TRUE,Portuguese
port1283,pies,34,FALSE,Portuguese
roma1327,apartheid,34,TRUE,Romanian
roma1327,avenue,34,TRUE,Romanian
roma1327,canoe,34,TRUE,Romanian
roma1327,cling,34,FALSE,Romanian
roma1327,competitor,34,TRUE,Romanian
roma1327,determinant,34,TRUE,Romanian
roma1327,expire,34,TRUE,Romanian
roma1327,exuberant,34,TRUE,Romanian
roma1327,gastric,34,TRUE,Romanian
roma1327,lifting,34,TRUE,Romanian
roma1327,multilateral,34,TRUE,Romanian
roma1327,nitrogen,34,TRUE,Romanian
roma1327,racket,34,FALSE,Romanian
roma1327,transform,34,TRUE,Romanian
roma1327,trigger,34,TRUE,Romanian
roma1327,tubular,34,TRUE,Romanian
slov1268,pest,34,FALSE,Slovenian
slov1269,dome,34,TRUE,Slovak
sout1528,jade,34,FALSE,Serbian-Croatian-Bosnian
sout1528,mini,34,FALSE,Serbian-Croatian-Bosnian
sout1528,rode,34,FALSE,Serbian-Croatian-Bosnian
stan1288,depended,34,FALSE,Spanish
stan1288,expires,34,FALSE,Spanish
stan1288,feta,34,FALSE,Spanish
stan1288,formulas,34,FALSE,Spanish
stan1288,fractures,34,FALSE,Spanish
stan1288,hacking,34,TRUE,Spanish
stan1288,multimedia,34,TRUE,Spanish
stan1288,retires,34,FALSE,Spanish
stan1290,cages,34,FALSE,French
stan1290,cameras,34,FALSE,French
stan1290,containers,34,FALSE,French
stan1290,supernova,34,TRUE,French
swah1253,guru,34,FALSE,Swahili
swah1253,imam,34,FALSE,Swahili
swed1254,administrative,34,FALSE,Swedish
swed1254,binge,34,FALSE,Swedish
swed1254,caterpillar,34,TRUE,Swedish
swed1254,designer,34,TRUE,Swedish
swed1254,intervention,34,TRUE,Swedish
swed1254,piss,34,TRUE,Swedish
swed1254,slips,34,FALSE,Swedish
swed1254,smuggling,34,TRUE,Swedish
swed1254,sponsor,34,TRUE,Swedish
swed1254,stocks,34,FALSE,Swedish
swed1254,sunk,34,FALSE,Swedish
swed1254,tutor,34,FALSE,Swedish
swed1254,visor,34,FALSE,Swedish
taga1270,dais,34,FALSE,Tagalog
taga1270,lingo,34,FALSE,Tagalog
tokp1240,blanket,34,TRUE,Tok Pisin
turk1304,hat,34,FALSE,Turkmen
west2354,net,34,TRUE,Western Frisian
cebu1242,notch,33,FALSE,Cebuano
cebu1242,panting,33,FALSE,Cebuano
corn1251,bay,33,FALSE,Cornish
czec1258,beta,33,TRUE,Czech
czec1258,linoleum,33,TRUE,Czech
czec1258,slum,33,TRUE,Czech
czec1258,syntax,33,TRUE,Czech
dani1285,baron,33,TRUE,Danish
dani1285,boring,33,FALSE,Danish
dani1285,carbon,33,TRUE,Danish
dani1285,drab,33,FALSE,Danish
dani1285,gymnasium,33,TRUE,Danish
dani1285,intelligent,33,TRUE,Danish
dani1285,mane,33,FALSE,Danish
dani1285,motto,33,TRUE,Danish
dani1285,sender,33,FALSE,Danish
dani1285,sofa,33,TRUE,Danish
dani1285,symptom,33,TRUE,Danish
dani1285,terrier,33,TRUE,Danish
dutc1256,communist,33,TRUE,Dutch
dutc1256,concept,33,TRUE,Dutch
dutc1256,exodus,33,TRUE,Dutch
dutc1256,hangar,33,TRUE,Dutch
dutc1256,knelt,33,FALSE,Dutch
dutc1256,mentor,33,TRUE,Dutch
dutc1256,volumes,33,FALSE,Dutch
ewee1241,sue,33,FALSE,Ewe
finn1318,dominion,33,TRUE,Finnish
finn1318,prevention,33,FALSE,Finnish
finn1318,virus,33,TRUE,Finnish
hung1274,blues,33,TRUE,Hungarian
icel1247,mold,33,FALSE,Icelandic
indo1316,absurd,33,TRUE,Standard Indonesian
indo1316,auditorium,33,TRUE,Standard Indonesian
indo1316,delta,33,TRUE,Standard Indonesian
indo1316,ego,33,TRUE,Standard Indonesian
indo1316,kiln,33,TRUE,Standard Indonesian
indo1316,median,33,TRUE,Standard Indonesian
indo1316,tremor,33,TRUE,Standard Indonesian
iris1253,aisle,33,FALSE,Irish
ital1282,desktop,33,TRUE,Italian
ital1282,evocative,33,FALSE,Italian
ital1282,topless,33,FALSE,Italian
lati1261,anthrax,33,FALSE,Latin
lati1261,arcane,33,FALSE,Latin
lati1261,complicate,33,FALSE,Latin
lati1261,cops,33,FALSE,Latin
lati1261,eliminate,33,FALSE,Latin
lati1261,erode,33,FALSE,Latin
lati1261,firmer,33,FALSE,Latin
lati1261,rotate,33,FALSE,Latin
lati1261,speculate,33,FALSE,Latin
lati1261,vertebrae,33,FALSE,Latin
latv1249,bail,33,FALSE,Latvian
latv1249,logs,33,FALSE,Latvian
mara1404,polo,33,FALSE,Maranao
midd1317,deed,33,FALSE,Middle English
midd1317,hand,33,FALSE,Middle English
nort2671,son,33,FALSE,North Saami
nucl1347,tan,33,FALSE,Wolof
oldf1239,don,33,FALSE,Old French (842-ca. 1400)
oldf1239,issue,33,FALSE,Old French (842-ca. 1400)
oldf1239,natural,33,TRUE,Old French (842-ca. 1400)
oldf1239,quarter,33,TRUE,Old French (842-ca. 1400)
oldn1244,burst,33,FALSE,Old Norse
papi1253,mas,33,FALSE,Papiamento
poli1260,chrome,33,FALSE,Polish
poli1260,controlling,33,FALSE,Polish
poli1260,portal,33,TRUE,Polish
port1283,eras,33,FALSE,Portuguese
port1283,fetal,33,TRUE,Portuguese
port1283,files,33,FALSE,Portuguese
port1283,precedes,33,FALSE,Portuguese
roma1327,aluminium,33,FALSE,Romanian
roma1327,arsenic,33,TRUE,Romanian
roma1327,arterial,33,TRUE,Romanian
roma1327,bilateral,33,FALSE,Romanian
roma1327,cactus,33,TRUE,Romanian
roma1327,comedian,33,TRUE,Romanian
roma1327,cowboy,33,TRUE,Romanian
roma1327,crater,33,TRUE,Romanian
roma1327,demon,33,TRUE,Romanian
roma1327,discredit,33,FALSE,Romanian
roma1327,donor,33,TRUE,Romanian
roma1327,extremist,33,TRUE,Romanian
roma1327,gag,33,FALSE,Romanian
roma1327,genial,33,FALSE,Romanian
roma1327,incidental,33,TRUE,Romanian
roma1327,insert,33,TRUE,Romanian
roma1327,lard,33,FALSE,Romanian
roma1327,make-up,33,TRUE,Romanian
roma1327,papal,33,TRUE,Romanian
roma1327,radial,33,TRUE,Romanian
roma1327,scientist,33,TRUE,Romanian
roma1327,snack,33,TRUE,Romanian
roma1327,suitor,33,FALSE,Romanian
roma1327,vaccine,33,FALSE,Romanian
shon1251,mate,33,FALSE,Shona
slov1268,file,33,FALSE,Slovenian
slov1269,meter,33,TRUE,Slovak
slov1269,nose,33,TRUE,Slovak
sout1528,seminar,33,TRUE,Serbian-Croatian-Bosnian
sout1528,veranda,33,FALSE,Serbian-Croatian-Bosnian
sout1528,virus,33,TRUE,Serbian-Croatian-Bosnian
stan1288,briefing,33,FALSE,Spanish
stan1288,innings,33,FALSE,Spanish
stan1288,primates,33,TRUE,Spanish
stan1288,tended,33,FALSE,Spanish
stan1289,present,33,TRUE,Catalan
stan1290,birdie,33,TRUE,French
stan1290,carcasses,33,FALSE,French
stan1290,expires,33,FALSE,French
stan1290,imposes,33,FALSE,French
stan1290,majors,33,FALSE,French
stan1290,technologies,33,FALSE,French
stan1295,repetitive,33,FALSE,German
swah1253,banjo,33,TRUE,Swahili
swed1254,elevator,33,TRUE,Swedish
swed1254,embryo,33,TRUE,Swedish
swed1254,federation,33,TRUE,Swedish
swed1254,marker,33,FALSE,Swedish
swed1254,matte,33,FALSE,Swedish
swed1254,memorandum,33,TRUE,Swedish
swed1254,propeller,33,TRUE,Swedish
swed1254,regional,33,TRUE,Swedish
swed1254,spasm,33,TRUE,Swedish
swed1254,yacht,33,TRUE,Swedish
taga1270,baton,33,TRUE,Tagalog
taga1270,napkin,33,TRUE,Tagalog
toke1240,papa,33,FALSE,Tokelau
tokp1240,bras,33,FALSE,Tok Pisin
afri1274,platinum,32,TRUE,Afrikaans
akan1250,hum,32,FALSE,Akan
basq1248,are,32,FALSE,Basque
bisl1239,tang,32,FALSE,Bislama
cebu1242,landing,32,FALSE,Cebuano
cebu1242,murder,32,FALSE,Cebuano
chuu1238,site,32,FALSE,Chuukese
czec1258,duo,32,FALSE,Czech
czec1258,gondola,32,TRUE,Czech
czec1258,mater,32,FALSE,Czech
czec1258,precedent,32,TRUE,Czech
czec1258,pseudonym,32,TRUE,Czech
dani1285,offensive,32,FALSE,Danish
dani1285,relative,32,TRUE,Danish
dani1285,slut,32,FALSE,Danish
dani1285,spat,32,FALSE,Danish
dani1285,symbol,32,TRUE,Danish
dutc1256,immigrant,32,TRUE,Dutch
dutc1256,precursor,32,TRUE,Dutch
dutc1256,snack,32,TRUE,Dutch
dutc1256,veranda,32,TRUE,Dutch
esto1258,toast,32,FALSE,Estonian
finn1318,fitness,32,TRUE,Finnish
finn1318,guinea,32,TRUE,Finnish
finn1318,visa,32,FALSE,Finnish
iban1264,anti,32,FALSE,Iban
icel1247,gall,32,TRUE,Icelandic
indo1316,alibi,32,TRUE,Standard Indonesian
indo1316,bilateral,32,TRUE,Standard Indonesian
indo1316,brutal,32,TRUE,Standard Indonesian
ital1282,bulimia,32,TRUE,Italian
ital1282,cardio,32,FALSE,Italian
ital1282,correlate,32,TRUE,Italian
ital1282,entourage,32,TRUE,Italian
ital1282,fanfare,32,TRUE,Italian
ital1282,fans,32,FALSE,Italian
ital1282,grandiose,32,FALSE,Italian
ital1282,libido,32,TRUE,Italian
ital1282,macabre,32,FALSE,Italian
ital1282,qualitative,32,FALSE,Italian
kach1280,rung,32,FALSE,Southern Jinghpaw
lati1261,divergent,32,FALSE,Latin
lati1261,inspires,32,FALSE,Latin
lati1261,involves,32,FALSE,Latin
lati1261,laureate,32,FALSE,Latin
lati1261,neon,32,TRUE,Latin
midd1317,hat,32,TRUE,Middle English
midd1317,hen,32,TRUE,Middle English
midd1317,knight,32,FALSE,Middle English
midd1317,know,32,FALSE,Middle English
midd1317,page,32,FALSE,Middle English
nort2697,agent,32,TRUE,North Azerbaijani
nucl1301,gala,32,FALSE,Turkish
nucl1301,trend,32,TRUE,Turkish
olde1238,flint,32,TRUE,Old English (ca. 450-1100)
olde1238,gal,32,FALSE,Old English (ca. 450-1100)
olde1238,twin,32,FALSE,Old English (ca. 450-1100)
oldf1239,effort,32,FALSE,Old French (842-ca. 1400)
oldf1239,lever,32,FALSE,Old French (842-ca. 1400)
oldf1239,pie,32,FALSE,Old French (842-ca. 1400)
pali1273,mane,32,FALSE,Pali
penn1240,rot,32,FALSE,Pennsylvania German
poli1260,lumpy,32,FALSE,Polish
poli1260,motel,32,TRUE,Polish
poli1260,respirator,32,TRUE,Polish
poli1260,smog,32,TRUE,Polish
port1283,bananas,32,FALSE,Portuguese
port1283,buffer,32,TRUE,Portuguese
port1283,chili,32,TRUE,Portuguese
port1283,clusters,32,FALSE,Portuguese
port1283,cosmos,32,TRUE,Portuguese
port1283,disputes,32,FALSE,Portuguese
port1283,password,32,TRUE,Portuguese
port1283,scenario,32,FALSE,Portuguese
port1283,sexy,32,TRUE,Portuguese
roma1327,blues,32,TRUE,Romanian
roma1327,detergent,32,TRUE,Romanian
roma1327,digest,32,TRUE,Romanian
roma1327,duct,32,TRUE,Romanian
roma1327,laser,32,TRUE,Romanian
roma1327,lax,32,TRUE,Romanian
roma1327,longitudinal,32,TRUE,Romanian
roma1327,lucid,32,TRUE,Romanian
roma1327,magnetism,32,TRUE,Romanian
roma1327,membrane,32,TRUE,Romanian
roma1327,mimic,32,TRUE,Romanian
roma1327,negligent,32,FALSE,Romanian
roma1327,output,32,TRUE,Romanian
roma1327,penis,32,TRUE,Romanian
roma1327,radios,32,FALSE,Romanian
roma1327,radius,32,TRUE,Romanian
roma1327,regulator,32,TRUE,Romanian
roma1327,satin,32,TRUE,Romanian
roma1327,scenic,32,TRUE,Romanian
roma1327,super,32,TRUE,Romanian
sout1528,luster,32,FALSE,Serbian-Croatian-Bosnian
stan1288,brides,32,FALSE,Spanish
stan1288,checkout,32,TRUE,Spanish
stan1288,condo,32,FALSE,Spanish
stan1288,dialogues,32,FALSE,Spanish
stan1288,negate,32,FALSE,Spanish
stan1288,sodas,32,FALSE,Spanish
stan1288,toppings,32,FALSE,Spanish
stan1289,final,32,TRUE,Catalan
stan1289,pal,32,FALSE,Catalan
stan1290,blouses,32,FALSE,French
stan1290,fuels,32,FALSE,French
stan1290,hyperactive,32,FALSE,French
stan1290,juniors,32,FALSE,French
stan1290,popcorn,32,FALSE,French
stan1290,pops,32,FALSE,French
stan1290,softball,32,TRUE,French
stan1306,pending,32,FALSE,Standard Malay
sume1241,dim,32,FALSE,Sumerian
sume1241,tag,32,FALSE,Sumerian
swed1254,acceptable,32,FALSE,Swedish
swed1254,binds,32,FALSE,Swedish
swed1254,federal,32,TRUE,Swedish
swed1254,incident,32,TRUE,Swedish
swed1254,lotion,32,TRUE,Swedish
swed1254,patriot,32,TRUE,Swedish
swed1254,problems,32,FALSE,Swedish
swed1254,resolute,32,FALSE,Swedish
swed1254,robot,32,TRUE,Swedish
swed1254,socialist,32,TRUE,Swedish
swed1254,studio,32,TRUE,Swedish
swed1254,tempo,32,TRUE,Swedish
swed1254,virus,32,TRUE,Swedish
taga1270,melon,32,FALSE,Tagalog
toke1240,logo,32,FALSE,Tokelau
tokp1240,yam,32,TRUE,Tok Pisin
wels1247,banana,32,TRUE,Welsh
wels1247,raced,32,FALSE,Welsh
bret1244,verb,31,TRUE,Breton
czec1258,pastel,31,TRUE,Czech
czec1258,robot,31,TRUE,Czech
dani1285,ambulance,31,TRUE,Danish
dani1285,pseudonym,31,TRUE,Danish
dani1285,ritual,31,TRUE,Danish
dutc1256,chloride,31,TRUE,Dutch
dutc1256,cowboy,31,TRUE,Dutch
dutc1256,diagnose,31,FALSE,Dutch
dutc1256,incorrect,31,TRUE,Dutch
dutc1256,neutron,31,TRUE,Dutch
dutc1256,podium,31,FALSE,Dutch
dutc1256,sabotage,31,TRUE,Dutch
dutc1256,scrotum,31,TRUE,Dutch
dutc1256,terrorist,31,TRUE,Dutch
dutc1256,tolerant,31,TRUE,Dutch
esto1258,festival,31,TRUE,Estonian
esto1258,peaks,31,FALSE,Estonian
hait1244,pale,31,FALSE,Haitian
haus1257,sin,31,TRUE,Hausa
hung1274,fend,31,FALSE,Hungarian
hung1274,okra,31,FALSE,Hungarian
icel1247,gala,31,FALSE,Icelandic
icel1247,span,31,FALSE,Icelandic
indo1316,aspirin,31,TRUE,Standard Indonesian
indo1316,depot,31,TRUE,Standard Indonesian
indo1316,portal,31,TRUE,Standard Indonesian
indo1316,sulfur,31,TRUE,Standard Indonesian
indo1316,transistor,31,TRUE,Standard Indonesian
ital1282,apartheid,31,TRUE,Italian
kach1280,paw,31,FALSE,Southern Jinghpaw
kawi1241,ajar,31,FALSE,Kawi
lati1261,combines,31,FALSE,Latin
lati1261,conservative,31,FALSE,Latin
lati1261,encyclopaedia,31,TRUE,Latin
lati1261,uterine,31,FALSE,Latin
midd1317,child,31,TRUE,Middle English
midd1317,number,31,FALSE,Middle English
nort2671,lean,31,FALSE,North Saami
nucl1301,destroyer,31,TRUE,Turkish
nucl1301,piercing,31,TRUE,Turkish
olde1238,bolster,31,FALSE,Old English (ca. 450-1100)
olde1238,disc,31,FALSE,Old English (ca. 450-1100)
olde1238,martyrdom,31,TRUE,Old English (ca. 450-1100)
oldf1239,labour,31,FALSE,Old French (842-ca. 1400)
oldn1244,salt,31,TRUE,Old Norse
pali1273,cola,31,FALSE,Pali
poli1260,banjo,31,TRUE,Polish
poli1260,exodus,31,TRUE,Polish
poli1260,morale,31,TRUE,Polish
poli1260,thriller,31,TRUE,Polish
port1283,bilateral,31,TRUE,Portuguese
port1283,casino,31,TRUE,Portuguese
port1283,champagne,31,TRUE,Portuguese
port1283,examines,31,FALSE,Portuguese
port1283,modem,31,TRUE,Portuguese
port1283,rotunda,31,TRUE,Portuguese
roma1327,angular,31,TRUE,Romanian
roma1327,contingent,31,TRUE,Romanian
roma1327,facilitate,31,FALSE,Romanian
roma1327,gene,31,FALSE,Romanian
roma1327,inconvenient,31,FALSE,Romanian
roma1327,magician,31,TRUE,Romanian
roma1327,manuscript,31,FALSE,Romanian
roma1327,marginal,31,TRUE,Romanian
roma1327,molar,31,TRUE,Romanian
roma1327,molecular,31,TRUE,Romanian
roma1327,neon,31,TRUE,Romanian
roma1327,palate,31,TRUE,Romanian
roma1327,recital,31,TRUE,Romanian
roma1327,silicon,31,FALSE,Romanian
roma1327,statistic,31,TRUE,Romanian
roma1327,stereo,31,TRUE,Romanian
roma1327,suburban,31,TRUE,Romanian
scot1243,adjectives,31,FALSE,Scots
slov1268,fin,31,FALSE,Slovenian
soma1255,bun,31,FALSE,Somali
sout1528,bunker,31,TRUE,Serbian-Croatian-Bosnian
sout1528,mater,31,FALSE,Serbian-Croatian-Bosnian
stan1288,contextual,31,TRUE,Spanish
stan1288,defines,31,FALSE,Spanish
stan1288,foie,31,TRUE,Spanish
stan1288,funky,31,FALSE,Spanish
stan1288,skyline,31,TRUE,Spanish
stan1288,watts,31,FALSE,Spanish
stan1290,compares,31,FALSE,French
stan1290,figurines,31,FALSE,French
stan1290,introductions,31,FALSE,French
stan1290,locations,31,FALSE,French
stan1290,radios,31,FALSE,French
stan1290,seniors,31,FALSE,French
stan1290,symbolise,31,TRUE,French
swed1254,auditorium,31,TRUE,Swedish
swed1254,brutal,31,TRUE,Swedish
swed1254,elements,31,FALSE,Swedish
swed1254,expansion,31,TRUE,Swedish
swed1254,medley,31,TRUE,Swedish
swed1254,migration,31,TRUE,Swedish
swed1254,penetration,31,TRUE,Swedish
swed1254,rotting,31,FALSE,Swedish
swed1254,variant,31,TRUE,Swedish
swed1254,verbs,31,FALSE,Swedish
taga1270,duke,31,TRUE,Tagalog
taus1251,sap,31,FALSE,Tausug
tokp1240,stem,31,FALSE,Tok Pisin
uppe1395,woman,31,FALSE,Upper Sorbian
afri1274,elite,30,TRUE,Afrikaans
cebu1242,rap,30,TRUE,Cebuano
czec1258,jazz,30,TRUE,Czech
dani1285,delirium,30,TRUE,Danish
dani1285,folks,30,TRUE,Danish
dani1285,funds,30,FALSE,Danish
dani1285,lab,30,FALSE,Danish
dani1285,loyal,30,TRUE,Danish
dani1285,negative,30,TRUE,Danish
dani1285,rider,30,FALSE,Danish
dani1285,sober,30,TRUE,Danish
dani1285,veto,30,TRUE,Danish
dutc1256,coma,30,TRUE,Dutch
dutc1256,genera,30,FALSE,Dutch
dutc1256,goodwill,30,TRUE,Dutch
dutc1256,gym,30,TRUE,Dutch
dutc1256,linoleum,30,TRUE,Dutch
dutc1256,nicotine,30,TRUE,Dutch
esto1258,magnet,30,TRUE,Estonian
esto1258,medal,30,TRUE,Estonian
finn1318,cocktail,30,TRUE,Finnish
finn1318,limes,30,FALSE,Finnish
finn1318,revision,30,FALSE,Finnish
indo1316,ace,30,FALSE,Standard Indonesian
indo1316,arbitrator,30,TRUE,Standard Indonesian
indo1316,bunker,30,TRUE,Standard Indonesian
indo1316,males,30,FALSE,Standard Indonesian
indo1316,planetarium,30,TRUE,Standard Indonesian
iris1253,critic,30,FALSE,Irish
ital1282,cache,30,TRUE,Italian
ital1282,compulsive,30,FALSE,Italian
ital1282,condom,30,TRUE,Italian
ital1282,lingerie,30,TRUE,Italian
ital1282,lupus,30,TRUE,Italian
ital1282,outsider,30,TRUE,Italian
ital1282,tabloid,30,TRUE,Italian
lati1261,crescendo,30,FALSE,Latin
lati1261,jubilant,30,FALSE,Latin
lati1261,potato,30,FALSE,Latin
lati1261,propaganda,30,FALSE,Latin
lati1261,surrogate,30,FALSE,Latin
latv1249,auto,30,FALSE,Latvian
lith1251,saga,30,TRUE,Lithuanian
midd1317,bring,30,FALSE,Middle English
nort2697,general,30,TRUE,North Azerbaijani
olde1238,cost,30,FALSE,Old English (ca. 450-1100)
oldf1239,baron,30,TRUE,Old French (842-ca. 1400)
oldf1239,camp,30,FALSE,Old French (842-ca. 1400)
oldf1239,chance,30,FALSE,Old French (842-ca. 1400)
oldf1239,lame,30,FALSE,Old French (842-ca. 1400)
oldf1239,mention,30,TRUE,Old French (842-ca. 1400)
oldf1239,poison,30,TRUE,Old French (842-ca. 1400)
oldf1239,robe,30,FALSE,Old French (842-ca. 1400)
poli1260,holocaust,30,TRUE,Polish
poli1260,hops,30,FALSE,Polish
poli1260,troll,30,TRUE,Polish
port1283,bingo,30,TRUE,Portuguese
port1283,blazer,30,TRUE,Portuguese
port1283,comments,30,FALSE,Portuguese
port1283,generalize,30,TRUE,Portuguese
port1283,knockout,30,FALSE,Portuguese
port1283,modernize,30,TRUE,Portuguese
port1283,saves,30,FALSE,Portuguese
port1283,zones,30,FALSE,Portuguese
roma1327,antiseptic,30,TRUE,Romanian
roma1327,auditor,30,TRUE,Romanian
roma1327,designer,30,TRUE,Romanian
roma1327,elevator,30,TRUE,Romanian
roma1327,frenetic,30,TRUE,Romanian
roma1327,hardware,30,TRUE,Romanian
roma1327,jungle,30,FALSE,Romanian
roma1327,lava,30,FALSE,Romanian
roma1327,linear,30,FALSE,Romanian
roma1327,marketing,30,TRUE,Romanian
roma1327,monumental,30,TRUE,Romanian
roma1327,morbid,30,TRUE,Romanian
roma1327,realistic,30,TRUE,Romanian
roma1327,slogan,30,TRUE,Romanian
roma1327,spectacular,30,TRUE,Romanian
roma1327,spleen,30,TRUE,Romanian
roma1327,tempo,30,TRUE,Romanian
roma1327,tribal,30,TRUE,Romanian
scot1243,quad,30,FALSE,Scots
slov1269,baby,30,TRUE,Slovak
slov1269,piano,30,TRUE,Slovak
sout1528,babe,30,FALSE,Serbian-Croatian-Bosnian
sout1528,forum,30,TRUE,Serbian-Croatian-Bosnian
sout1528,novelist,30,FALSE,Serbian-Croatian-Bosnian
stan1288,altitudes,30,FALSE,Spanish
stan1288,bestseller,30,TRUE,Spanish
stan1288,martini,30,TRUE,Spanish
stan1288,multicultural,30,TRUE,Spanish
stan1288,spas,30,FALSE,Spanish
stan1288,website,30,TRUE,Spanish
stan1290,explosions,30,FALSE,French
stan1290,fiesta,30,TRUE,French
stan1290,formulas,30,FALSE,French
stan1290,snowboard,30,TRUE,French
stan1290,tequila,30,TRUE,French
stan1290,termites,30,FALSE,French
stan1295,deviant,30,TRUE,German
stan1306,strata,30,FALSE,Standard Malay
sume1241,dam,30,FALSE,Sumerian
swah1253,chips,30,FALSE,Swahili
swed1254,cocktail,30,TRUE,Swedish
swed1254,haven,30,FALSE,Swedish
swed1254,horns,30,FALSE,Swedish
swed1254,potential,30,TRUE,Swedish
swed1254,tickets,30,FALSE,Swedish
swed1254,tribunal,30,TRUE,Swedish
turk1304,size,30,FALSE,Turkmen
wels1247,cobalt,30,TRUE,Welsh
yoru1245,tin,30,FALSE,Yoruba
arom1237,cal,29,FALSE,Aromanian
arom1237,fur,29,FALSE,Aromanian
cebu1242,ham,29,FALSE,Cebuano
chuu1238,noun,29,FALSE,Chuukese
corn1251,hell,29,FALSE,Cornish
czec1258,husky,29,TRUE,Czech
czec1258,incidence,29,TRUE,Czech
czec1258,larynx,29,TRUE,Czech
czec1258,motto,29,TRUE,Czech
dani1285,bastard,29,TRUE,Danish
dani1285,jade,29,TRUE,Danish
dani1285,knob,29,FALSE,Danish
dani1285,mob,29,FALSE,Danish
dani1285,niece,29,TRUE,Danish
dani1285,pore,29,TRUE,Danish
dani1285,positive,29,TRUE,Danish
dani1285,propeller,29,TRUE,Danish
dani1285,sprang,29,FALSE,Danish
dani1285,super,29,FALSE,Danish
dutc1256,boost,29,TRUE,Dutch
dutc1256,buggy,29,TRUE,Dutch
dutc1256,camouflage,29,TRUE,Dutch
dutc1256,compost,29,TRUE,Dutch
dutc1256,corona,29,TRUE,Dutch
dutc1256,harmonica,29,TRUE,Dutch
dutc1256,laser,29,TRUE,Dutch
dutc1256,mango,29,TRUE,Dutch
dutc1256,neon,29,TRUE,Dutch
dutc1256,placenta,29,TRUE,Dutch
dutc1256,relevant,29,TRUE,Dutch
dutc1256,streams,29,FALSE,Dutch
dutc1256,zones,29,FALSE,Dutch
esto1258,bee,29,FALSE,Estonian
esto1258,mask,29,TRUE,Estonian
finn1318,aversion,29,FALSE,Finnish
finn1318,buffet,29,TRUE,Finnish
finn1318,cooler,29,TRUE,Finnish
finn1318,delirium,29,TRUE,Finnish
finn1318,fleece,29,TRUE,Finnish
finn1318,motto,29,TRUE,Finnish
finn1318,piston,29,FALSE,Finnish
finn1318,polo,29,FALSE,Finnish
finn1318,spade,29,FALSE,Finnish
garo1247,pal,29,FALSE,Garo
hait1244,move,29,FALSE,Haitian
haus1257,sum,29,FALSE,Hausa
hung1274,akin,29,FALSE,Hungarian
hung1274,emu,29,TRUE,Hungarian
icel1247,loft,29,TRUE,Icelandic
indo1316,duet,29,TRUE,Standard Indonesian
iris1253,custard,29,TRUE,Irish
ital1282,cachet,29,FALSE,Italian
ital1282,silicone,29,TRUE,Italian
lati1261,dissolves,29,FALSE,Latin
lati1261,excludes,29,FALSE,Latin
lati1261,ignores,29,FALSE,Latin
lati1261,immobile,29,FALSE,Latin
lati1261,induces,29,FALSE,Latin
lati1261,inferno,29,FALSE,Latin
lati1261,pancreas,29,TRUE,Latin
lati1261,plumes,29,FALSE,Latin
lati1261,virtuoso,29,FALSE,Latin
latv1249,sports,29,FALSE,Latvian
latv1249,test,29,FALSE,Latvian
lith1251,jog,29,FALSE,Lithuanian
malt1254,idea,29,TRUE,Maltese
manx1243,ark,29,FALSE,Manx
manx1243,soar,29,FALSE,Manx
midd1317,black,29,FALSE,Middle English
midd1317,like,29,FALSE,Middle English
midd1317,people,29,FALSE,Middle English
misk1235,sin,29,FALSE,Mískito
nucl1301,gangster,29,TRUE,Turkish
olde1238,rap,29,FALSE,Old English (ca. 450-1100)
olde1238,wrist,29,TRUE,Old English (ca. 450-1100)
oldf1239,ant,29,FALSE,Old French (842-ca. 1400)
oldf1239,brief,29,TRUE,Old French (842-ca. 1400)
oldf1239,counter,29,FALSE,Old French (842-ca. 1400)
oldf1239,desert,29,TRUE,Old French (842-ca. 1400)
oldf1239,port,29,TRUE,Old French (842-ca. 1400)
oldf1239,traitor,29,TRUE,Old French (842-ca. 1400)
oldn1244,fold,29,FALSE,Old Norse
plat1254,hay,29,FALSE,Plateau Malagasy
plau1238,deep,29,TRUE,Plautdietsch
plau1238,doll,29,FALSE,Plautdietsch
plau1238,rein,29,FALSE,Plautdietsch
poli1260,adolescent,29,FALSE,Polish
poli1260,barbecue,29,TRUE,Polish
poli1260,luster,29,TRUE,Polish
port1283,bales,29,FALSE,Portuguese
port1283,injuries,29,FALSE,Portuguese
port1283,machete,29,TRUE,Portuguese
port1283,marijuana,29,TRUE,Portuguese
port1283,parental,29,TRUE,Portuguese
port1283,polenta,29,TRUE,Portuguese
port1283,sauna,29,TRUE,Portuguese
port1283,tunes,29,FALSE,Portuguese
roma1327,abdominal,29,TRUE,Romanian
roma1327,anus,29,TRUE,Romanian
roma1327,aspire,29,FALSE,Romanian
roma1327,beret,29,FALSE,Romanian
roma1327,bluff,29,TRUE,Romanian
roma1327,clarinet,29,TRUE,Romanian
roma1327,coca,29,TRUE,Romanian
roma1327,consultant,29,TRUE,Romanian
roma1327,diagnostic,29,TRUE,Romanian
roma1327,domino,29,TRUE,Romanian
roma1327,dorm,29,FALSE,Romanian
roma1327,edict,29,TRUE,Romanian
roma1327,facial,29,TRUE,Romanian
roma1327,fervent,29,TRUE,Romanian
roma1327,frigid,29,TRUE,Romanian
roma1327,generic,29,TRUE,Romanian
roma1327,incest,29,TRUE,Romanian
roma1327,materialism,29,TRUE,Romanian
roma1327,pedestal,29,FALSE,Romanian
roma1327,precursor,29,TRUE,Romanian
roma1327,problematic,29,TRUE,Romanian
roma1327,rift,29,TRUE,Romanian
roma1327,tins,29,FALSE,Romanian
roma1327,turf,29,TRUE,Romanian
roma1327,vegetarian,29,TRUE,Romanian
slov1268,log,29,FALSE,Slovenian
slov1269,element,29,TRUE,Slovak
sout1528,gal,29,FALSE,Serbian-Croatian-Bosnian
stan1288,clones,29,FALSE,Spanish
stan1288,exudes,29,FALSE,Spanish
stan1288,gangs,29,FALSE,Spanish
stan1288,imagines,29,FALSE,Spanish
stan1288,indexes,29,FALSE,Spanish
stan1288,jams,29,FALSE,Spanish
stan1288,pubs,29,FALSE,Spanish
stan1288,snowboard,29,FALSE,Spanish
stan1288,villas,29,FALSE,Spanish
stan1289,camp,29,TRUE,Catalan
stan1289,metre,29,FALSE,Catalan
stan1289,refer,29,FALSE,Catalan
stan1289,son,29,FALSE,Catalan
stan1290,pandanus,29,TRUE,French
stan1295,recycle,29,TRUE,German
stan1295,vegan,29,TRUE,German
stan1306,platinum,29,TRUE,Standard Malay
swed1254,aids,29,TRUE,Swedish
swed1254,banker,29,FALSE,Swedish
swed1254,domino,29,FALSE,Swedish
swed1254,evolution,29,TRUE,Swedish
swed1254,explosive,29,FALSE,Swedish
swed1254,manifestation,29,TRUE,Swedish
swed1254,multiple,29,FALSE,Swedish
swed1254,niece,29,TRUE,Swedish
swed1254,oxygen,29,TRUE,Swedish
swed1254,pasta,29,TRUE,Swedish
swed1254,racket,29,TRUE,Swedish
swed1254,ruins,29,FALSE,Swedish
swed1254,senator,29,TRUE,Swedish
swed1254,stalls,29,FALSE,Swedish
swed1254,stretching,29,TRUE,Swedish
swed1254,talks,29,FALSE,Swedish
swed1254,turban,29,TRUE,Swedish
swed1254,weekend,29,TRUE,Swedish
swed1254,zebra,29,TRUE,Swedish
taga1270,omelet,29,FALSE,Tagalog
taga1270,peninsula,29,TRUE,Tagalog
tetu1245,mean,29,FALSE,Tetum
tokp1240,tomato,29,TRUE,Tok Pisin
wels1247,mesa,29,FALSE,Welsh
yoru1245,awe,29,FALSE,Yoruba
bamb1269,sun,28,FALSE,Bambara
cahu1264,pit,28,FALSE,Cahuilla
cebu1242,wail,28,FALSE,Cebuano
cham1312,ham,28,FALSE,Chamorro
czec1258,email,28,TRUE,Czech
dani1285,behold,28,FALSE,Danish
dani1285,brutal,28,TRUE,Danish
dani1285,demonstration,28,TRUE,Danish
dani1285,humor,28,TRUE,Danish
dani1285,journalist,28,TRUE,Danish
dani1285,smug,28,FALSE,Danish
dani1285,spurt,28,TRUE,Danish
dani1285,taxi,28,TRUE,Danish
dutc1256,calcium,28,TRUE,Dutch
dutc1256,chili,28,TRUE,Dutch
dutc1256,congruent,28,TRUE,Dutch
dutc1256,disco,28,TRUE,Dutch
dutc1256,divergent,28,TRUE,Dutch
dutc1256,ensemble,28,TRUE,Dutch
dutc1256,fungi,28,FALSE,Dutch
dutc1256,hors,28,FALSE,Dutch
dutc1256,impasse,28,TRUE,Dutch
dutc1256,limbo,28,TRUE,Dutch
dutc1256,planner,28,TRUE,Dutch
dutc1256,slips,28,FALSE,Dutch
finn1318,tonne,28,FALSE,Finnish
garo1247,ring,28,FALSE,Garo
hung1274,protein,28,TRUE,Hungarian
icel1247,grind,28,FALSE,Icelandic
indo1316,arbiter,28,TRUE,Standard Indonesian
indo1316,basil,28,TRUE,Standard Indonesian
indo1316,flora,28,TRUE,Standard Indonesian
indo1316,folder,28,TRUE,Standard Indonesian
indo1316,kayak,28,TRUE,Standard Indonesian
indo1316,performer,28,TRUE,Standard Indonesian
indo1316,proton,28,TRUE,Standard Indonesian
indo1316,sprint,28,TRUE,Standard Indonesian
indo1316,strata,28,FALSE,Standard Indonesian
iris1253,gala,28,FALSE,Irish
ital1282,cellophane,28,TRUE,Italian
ital1282,informative,28,FALSE,Italian
ital1282,motivate,28,FALSE,Italian
ital1282,rodeo,28,TRUE,Italian
lati1261,obese,28,FALSE,Latin
lati1261,transcendent,28,FALSE,Latin
latv1249,pin,28,FALSE,Latvian
lith1251,menu,28,FALSE,Lithuanian
malt1254,fond,28,FALSE,Maltese
mars1254,pat,28,FALSE,Marshallese
midd1317,end,28,FALSE,Middle English
midd1317,letters,28,FALSE,Middle English
midd1317,lie,28,FALSE,Middle English
midd1317,red,28,FALSE,Middle English
midd1317,sermon,28,FALSE,Middle English
midd1317,water,28,TRUE,Middle English
olde1238,log,28,FALSE,Old English (ca. 450-1100)
olde1238,neat,28,FALSE,Old English (ca. 450-1100)
oldf1239,execution,28,TRUE,Old French (842-ca. 1400)
oldf1239,fort,28,FALSE,Old French (842-ca. 1400)
oldf1239,lies,28,FALSE,Old French (842-ca. 1400)
oldf1239,prince,28,TRUE,Old French (842-ca. 1400)
oldf1239,sauce,28,FALSE,Old French (842-ca. 1400)
oldf1239,talent,28,FALSE,Old French (842-ca. 1400)
oldn1244,sent,28,FALSE,Old Norse
olds1249,color,28,TRUE,Old Spanish
poli1260,biceps,28,TRUE,Polish
poli1260,jeep,28,TRUE,Polish
poli1260,marker,28,TRUE,Polish
poli1260,sportsmen,28,FALSE,Polish
port1283,abuses,28,FALSE,Portuguese
port1283,cache,28,TRUE,Portuguese
port1283,nylon,28,TRUE,Portuguese
port1283,pathos,28,TRUE,Portuguese
port1283,removes,28,FALSE,Portuguese
port1283,tries,28,FALSE,Portuguese
roma1327,analog,28,TRUE,Romanian
roma1327,cobalt,28,TRUE,Romanian
roma1327,constituent,28,TRUE,Romanian
roma1327,decorator,28,TRUE,Romanian
roma1327,dialog,28,TRUE,Romanian
roma1327,digital,28,TRUE,Romanian
roma1327,divergent,28,TRUE,Romanian
roma1327,electron,28,TRUE,Romanian
roma1327,emerge,28,TRUE,Romanian
roma1327,focal,28,TRUE,Romanian
roma1327,handling,28,TRUE,Romanian
roma1327,ministerial,28,TRUE,Romanian
roma1327,primordial,28,TRUE,Romanian
roma1327,punt,28,FALSE,Romanian
roma1327,rec,28,FALSE,Romanian
roma1327,saga,28,TRUE,Romanian
roma1327,stoic,28,TRUE,Romanian
roma1327,turban,28,TRUE,Romanian
slov1268,hotel,28,TRUE,Slovenian
slov1268,slap,28,FALSE,Slovenian
slov1269,program,28,TRUE,Slovak
stan1288,grooming,28,TRUE,Spanish
stan1288,interpersonal,28,TRUE,Spanish
stan1288,managers,28,FALSE,Spanish
stan1288,slaps,28,FALSE,Spanish
stan1288,tofu,28,TRUE,Spanish
stan1289,bat,28,TRUE,Catalan
stan1289,car,28,FALSE,Catalan
stan1290,clowns,28,FALSE,French
stan1290,crocodiles,28,FALSE,French
stan1290,mobs,28,FALSE,French
stan1290,streamers,28,FALSE,French
stan1290,tofu,28,TRUE,French
stan1290,yuan,28,TRUE,French
sume1241,gig,28,FALSE,Sumerian
swed1254,benign,28,TRUE,Swedish
swed1254,fighter,28,FALSE,Swedish
swed1254,kines,28,FALSE,Swedish
swed1254,lateral,28,TRUE,Swedish
swed1254,pyramid,28,TRUE,Swedish
swed1254,serene,28,FALSE,Swedish
swed1254,vase,28,FALSE,Swedish
taga1270,hanger,28,TRUE,Tagalog
taga1270,tenor,28,TRUE,Tagalog
tahi1242,pea,28,FALSE,Tahitian
tokp1240,rip,28,FALSE,Tok Pisin
tokp1240,spit,28,FALSE,Tok Pisin
bali1278,lot,27,FALSE,Balinese
cebu1242,polo,27,TRUE,Cebuano
cebu1242,tango,27,FALSE,Cebuano
corn1251,bones,27,FALSE,Cornish
czec1258,ego,27,TRUE,Czech
czec1258,maxim,27,TRUE,Czech
dani1285,ballet,27,TRUE,Danish
dani1285,cruise,27,TRUE,Danish
dani1285,elevator,27,TRUE,Danish
dani1285,illegal,27,TRUE,Danish
dani1285,melon,27,TRUE,Danish
dani1285,notes,27,FALSE,Danish
dani1285,pendant,27,FALSE,Danish
dani1285,sandwich,27,TRUE,Danish
dani1285,tier,27,FALSE,Danish
dutc1256,aids,27,TRUE,Dutch
dutc1256,auditorium,27,TRUE,Dutch
dutc1256,biceps,27,TRUE,Dutch
dutc1256,casino,27,TRUE,Dutch
dutc1256,cello,27,TRUE,Dutch
dutc1256,fauna,27,TRUE,Dutch
dutc1256,fax,27,TRUE,Dutch
dutc1256,gangster,27,TRUE,Dutch
dutc1256,mannequin,27,TRUE,Dutch
dutc1256,memo,27,TRUE,Dutch
dutc1256,nuance,27,TRUE,Dutch
dutc1256,optimist,27,TRUE,Dutch
dutc1256,regime,27,TRUE,Dutch
esto1258,heal,27,FALSE,Estonian
esto1258,pagan,27,TRUE,Estonian
esto1258,vile,27,FALSE,Estonian
finn1318,dandy,27,TRUE,Finnish
finn1318,haven,27,FALSE,Finnish
finn1318,squash,27,TRUE,Finnish
finn1318,trance,27,TRUE,Finnish
gali1258,para,27,FALSE,Galician
garo1247,bite,27,FALSE,Garo
icel1247,ending,27,TRUE,Icelandic
icel1247,farms,27,FALSE,Icelandic
icel1247,spurt,27,FALSE,Icelandic
indo1316,anal,27,TRUE,Standard Indonesian
indo1316,apes,27,FALSE,Standard Indonesian
indo1316,dialog,27,TRUE,Standard Indonesian
indo1316,embargo,27,TRUE,Standard Indonesian
indo1316,maternal,27,TRUE,Standard Indonesian
indo1316,yoga,27,TRUE,Standard Indonesian
ital1282,database,27,TRUE,Italian
lati1261,belligerent,27,FALSE,Latin
lati1261,exporter,27,FALSE,Latin
lati1261,innuendo,27,FALSE,Latin
lati1261,oesophagus,27,TRUE,Latin
lati1261,quieter,27,FALSE,Latin
lati1261,tactile,27,FALSE,Latin
latv1249,dim,27,FALSE,Latvian
latv1249,rags,27,FALSE,Latvian
manx1243,van,27,TRUE,Manx
midd1317,bat,27,TRUE,Middle English
midd1317,cathedral,27,TRUE,Middle English
midd1317,company,27,FALSE,Middle English
midd1317,hit,27,FALSE,Middle English
midd1317,lit,27,FALSE,Middle English
midd1317,world,27,TRUE,Middle English
nort2671,bone,27,FALSE,North Saami
nort2697,may,27,FALSE,North Azerbaijani
nucl1301,terminal,27,FALSE,Turkish
nucl1301,veranda,27,TRUE,Turkish
olde1238,bog,27,FALSE,Old English (ca. 450-1100)
olde1238,pie,27,FALSE,Old English (ca. 450-1100)
oldf1239,chair,27,FALSE,Old French (842-ca. 1400)
oldf1239,confession,27,TRUE,Old French (842-ca. 1400)
oldf1239,creator,27,FALSE,Old French (842-ca. 1400)
oldf1239,final,27,TRUE,Old French (842-ca. 1400)
oldf1239,hoe,27,TRUE,Old French (842-ca. 1400)
oldf1239,joint,27,FALSE,Old French (842-ca. 1400)
oldf1239,lion,27,TRUE,Old French (842-ca. 1400)
oldf1239,noun,27,FALSE,Old French (842-ca. 1400)
oldf1239,prejudice,27,TRUE,Old French (842-ca. 1400)
oldf1239,rose,27,TRUE,Old French (842-ca. 1400)
oldf1239,tort,27,FALSE,Old French (842-ca. 1400)
olds1249,grant,27,FALSE,Old Spanish
pamp1243,man,27,FALSE,Pampanga
penn1240,seller,27,FALSE,Pennsylvania German
poli1260,adamant,27,FALSE,Polish
poli1260,bowling,27,TRUE,Polish
poli1260,foyer,27,TRUE,Polish
poli1260,halibut,27,TRUE,Polish
poli1260,parka,27,TRUE,Polish
poli1260,rotunda,27,TRUE,Polish
poli1260,saga,27,TRUE,Polish
poli1260,sherry,27,TRUE,Polish
poli1260,skier,27,FALSE,Polish
port1283,carcinoma,27,TRUE,Portuguese
port1283,chassis,27,TRUE,Portuguese
port1283,dares,27,FALSE,Portuguese
port1283,gourmet,27,TRUE,Portuguese
port1283,ketchup,27,TRUE,Portuguese
port1283,libido,27,TRUE,Portuguese
port1283,multilateral,27,TRUE,Portuguese
port1283,shots,27,FALSE,Portuguese
port1283,spreads,27,FALSE,Portuguese
port1283,streaming,27,TRUE,Portuguese
port1283,topless,27,TRUE,Portuguese
roma1327,admiral,27,FALSE,Romanian
roma1327,blister,27,TRUE,Romanian
roma1327,cocktail,27,TRUE,Romanian
roma1327,indoor,27,TRUE,Romanian
roma1327,livid,27,TRUE,Romanian
roma1327,navigator,27,TRUE,Romanian
roma1327,nectar,27,TRUE,Romanian
roma1327,obscene,27,TRUE,Romanian
roma1327,opium,27,TRUE,Romanian
roma1327,pelvis,27,TRUE,Romanian
roma1327,pier,27,FALSE,Romanian
roma1327,polo,27,TRUE,Romanian
roma1327,proverbial,27,TRUE,Romanian
roma1327,referendum,27,TRUE,Romanian
roma1327,scepticism,27,TRUE,Romanian
roma1327,septic,27,TRUE,Romanian
roma1327,skating,27,TRUE,Romanian
roma1327,slut,27,FALSE,Romanian
roma1327,supernatural,27,TRUE,Romanian
roma1327,timing,27,TRUE,Romanian
roma1327,triangular,27,TRUE,Romanian
roma1327,unison,27,TRUE,Romanian
roma1327,vandalism,27,TRUE,Romanian
slov1268,rib,27,FALSE,Slovenian
slov1268,vice,27,FALSE,Slovenian
stan1288,cameras,27,FALSE,Spanish
stan1288,cheddar,27,TRUE,Spanish
stan1288,gaps,27,FALSE,Spanish
stan1288,hacker,27,TRUE,Spanish
stan1288,reduces,27,FALSE,Spanish
stan1288,salmonella,27,TRUE,Spanish
stan1288,seniors,27,FALSE,Spanish
stan1289,met,27,FALSE,Catalan
stan1289,saber,27,FALSE,Catalan
stan1289,sense,27,FALSE,Catalan
stan1290,badges,27,FALSE,French
stan1290,constants,27,FALSE,French
stan1290,consultants,27,FALSE,French
stan1290,modules,27,FALSE,French
stan1290,sponsors,27,FALSE,French
stan1306,tuna,27,TRUE,Standard Malay
sume1241,kid,27,FALSE,Sumerian
swah1253,propaganda,27,TRUE,Swahili
swed1254,admonition,27,TRUE,Swedish
swed1254,aura,27,TRUE,Swedish
swed1254,bowling,27,TRUE,Swedish
swed1254,forum,27,TRUE,Swedish
swed1254,grunt,27,FALSE,Swedish
swed1254,hats,27,FALSE,Swedish
swed1254,joints,27,FALSE,Swedish
swed1254,kiosk,27,TRUE,Swedish
swed1254,lacks,27,FALSE,Swedish
swed1254,lobby,27,TRUE,Swedish
swed1254,morbid,27,TRUE,Swedish
swed1254,organs,27,FALSE,Swedish
swed1254,putt,27,TRUE,Swedish
swed1254,snaps,27,FALSE,Swedish
swed1254,tons,27,FALSE,Swedish
taga1270,poster,27,TRUE,Tagalog
taga1270,tribunal,27,TRUE,Tagalog
tokp1240,toilet,27,TRUE,Tok Pisin
turk1304,bank,27,TRUE,Turkmen
corn1251,paper,26,TRUE,Cornish
czec1258,impotence,26,TRUE,Czech
czec1258,inference,26,TRUE,Czech
czec1258,polity,26,FALSE,Czech
czec1258,populace,26,TRUE,Czech
dani1285,absurd,26,TRUE,Danish
dani1285,hasten,26,FALSE,Danish
dani1285,killing,26,FALSE,Danish
dani1285,planet,26,TRUE,Danish
dutc1256,mage,26,FALSE,Dutch
dutc1256,psyche,26,TRUE,Dutch
dutc1256,retina,26,TRUE,Dutch
dutc1256,robot,26,TRUE,Dutch
dutc1256,skunk,26,TRUE,Dutch
dutc1256,sores,26,FALSE,Dutch
dutc1256,subsidies,26,FALSE,Dutch
dutc1256,teak,26,TRUE,Dutch
esto1258,looming,26,FALSE,Estonian
esto1258,ment,26,FALSE,Estonian
finn1318,beet,26,FALSE,Finnish
finn1318,des,26,TRUE,Finnish
finn1318,sane,26,FALSE,Finnish
finn1318,utopia,26,TRUE,Finnish
haus1257,shin,26,TRUE,Hausa
hung1274,odor,26,FALSE,Hungarian
hung1274,paradox,26,FALSE,Hungarian
indo1316,amber,26,TRUE,Standard Indonesian
indo1316,silt,26,TRUE,Standard Indonesian
iris1253,drama,26,FALSE,Irish
ital1282,advocacy,26,TRUE,Italian
ital1282,impasse,26,TRUE,Italian
ital1282,magenta,26,TRUE,Italian
ital1282,martini,26,TRUE,Italian
ital1282,regressive,26,FALSE,Italian
java1254,ing,26,FALSE,Javanese
lati1261,algae,26,TRUE,Latin
lati1261,pates,26,FALSE,Latin
latv1249,diet,26,FALSE,Latvian
latv1249,met,26,FALSE,Latvian
loui1240,fame,26,FALSE,Louisiana Creole French
luok1236,bat,26,FALSE,Luo (Kenya and Tanzania)
malt1254,bank,26,TRUE,Maltese
malt1254,belt,26,FALSE,Maltese
malt1254,mess,26,FALSE,Maltese
manx1243,chair,26,FALSE,Manx
mara1404,bang,26,FALSE,Maranao
midd1317,come,26,FALSE,Middle English
midd1317,cotton,26,FALSE,Middle English
midd1317,original,26,TRUE,Middle English
midd1317,plays,26,FALSE,Middle English
midd1317,say,26,FALSE,Middle English
midd1317,thing,26,TRUE,Middle English
midd1317,wood,26,FALSE,Middle English
nucl1301,poster,26,TRUE,Turkish
nucl1301,slogan,26,TRUE,Turkish
nucl1347,wet,26,FALSE,Wolof
olde1238,swollen,26,FALSE,Old English (ca. 450-1100)
oldf1239,chapel,26,FALSE,Old French (842-ca. 1400)
oldf1239,criminal,26,TRUE,Old French (842-ca. 1400)
oldf1239,duel,26,FALSE,Old French (842-ca. 1400)
oldf1239,lure,26,TRUE,Old French (842-ca. 1400)
oldn1244,lax,26,FALSE,Old Norse
pali1273,mate,26,FALSE,Pali
poli1260,aka,26,FALSE,Polish
poli1260,assemblage,26,FALSE,Polish
poli1260,detergent,26,TRUE,Polish
poli1260,flak,26,FALSE,Polish
poli1260,junta,26,TRUE,Polish
port1283,bunker,26,FALSE,Portuguese
port1283,bypass,26,TRUE,Portuguese
port1283,critique,26,FALSE,Portuguese
port1283,e-mail,26,TRUE,Portuguese
port1283,overdose,26,TRUE,Portuguese
port1283,paranoia,26,TRUE,Portuguese
port1283,punk,26,TRUE,Portuguese
port1283,tandem,26,TRUE,Portuguese
port1283,timing,26,TRUE,Portuguese
raro1241,pea,26,FALSE,Southern Cook Island Maori
roma1327,accelerator,26,TRUE,Romanian
roma1327,aide,26,FALSE,Romanian
roma1327,antecedent,26,TRUE,Romanian
roma1327,bowling,26,TRUE,Romanian
roma1327,cabaret,26,TRUE,Romanian
roma1327,caramel,26,TRUE,Romanian
roma1327,cervical,26,TRUE,Romanian
roma1327,clown,26,FALSE,Romanian
roma1327,comet,26,FALSE,Romanian
roma1327,defunct,26,TRUE,Romanian
roma1327,degrade,26,FALSE,Romanian
roma1327,detector,26,TRUE,Romanian
roma1327,dialectic,26,TRUE,Romanian
roma1327,fascist,26,TRUE,Romanian
roma1327,florist,26,TRUE,Romanian
roma1327,imperialism,26,TRUE,Romanian
roma1327,intestinal,26,TRUE,Romanian
roma1327,intrepid,26,TRUE,Romanian
roma1327,lichen,26,TRUE,Romanian
roma1327,marijuana,26,TRUE,Romanian
roma1327,neutron,26,TRUE,Romanian
roma1327,rating,26,TRUE,Romanian
roma1327,scalp,26,TRUE,Romanian
roma1327,script,26,TRUE,Romanian
roma1327,second-hand,26,TRUE,Romanian
roma1327,studios,26,FALSE,Romanian
roma1327,telescopic,26,TRUE,Romanian
roma1327,trailer,26,TRUE,Romanian
sema1266,tap,26,FALSE,Semai
slov1268,lice,26,FALSE,Slovenian
slov1268,meter,26,TRUE,Slovenian
sout1528,siren,26,FALSE,Serbian-Croatian-Bosnian
sout1528,tornado,26,TRUE,Serbian-Croatian-Bosnian
stan1288,blog,26,TRUE,Spanish
stan1288,genes,26,FALSE,Spanish
stan1288,mainstream,26,TRUE,Spanish
stan1288,operas,26,FALSE,Spanish
stan1288,pauses,26,FALSE,Spanish
stan1288,presidents,26,FALSE,Spanish
stan1288,streamers,26,FALSE,Spanish
stan1290,cappuccino,26,TRUE,French
stan1290,cookies,26,FALSE,French
stan1290,normative,26,FALSE,French
stan1290,pixel,26,TRUE,French
stan1290,stimuli,26,FALSE,French
stan1306,cam,26,FALSE,Standard Malay
stan1306,virus,26,TRUE,Standard Malay
swed1254,adoption,26,TRUE,Swedish
swed1254,agenda,26,TRUE,Swedish
swed1254,dimension,26,TRUE,Swedish
swed1254,dunk,26,TRUE,Swedish
swed1254,fossil,26,TRUE,Swedish
swed1254,impotent,26,FALSE,Swedish
swed1254,old-fashioned,26,TRUE,Swedish
swed1254,operations,26,FALSE,Swedish
swed1254,oxen,26,FALSE,Swedish
swed1254,pockets,26,FALSE,Swedish
swed1254,poster,26,TRUE,Swedish
swed1254,saloon,26,TRUE,Swedish
swed1254,sets,26,FALSE,Swedish
swed1254,shows,26,FALSE,Swedish
swed1254,trans,26,FALSE,Swedish
swed1254,translations,26,FALSE,Swedish
tbol1240,fan,26,FALSE,Tboli
afri1274,abdomen,25,TRUE,Afrikaans
afri1274,stamina,25,TRUE,Afrikaans
cent1972,key,25,FALSE,Central Kurdish
chuu1238,pat,25,FALSE,Chuukese
czec1258,fest,25,FALSE,Czech
czec1258,rendezvous,25,FALSE,Czech
czec1258,rugby,25,TRUE,Czech
czec1258,sherry,25,TRUE,Czech
czec1258,tandem,25,TRUE,Czech
dani1285,agitation,25,TRUE,Danish
dani1285,devise,25,FALSE,Danish
dani1285,editor,25,TRUE,Danish
dani1285,gutter,25,FALSE,Danish
dani1285,jurist,25,TRUE,Danish
dani1285,stands,25,FALSE,Danish
dani1285,tales,25,FALSE,Danish
dani1285,territorial,25,TRUE,Danish
dani1285,vine,25,TRUE,Danish
dutc1256,assemblage,25,FALSE,Dutch
dutc1256,bourgeois,25,TRUE,Dutch
dutc1256,corners,25,FALSE,Dutch
dutc1256,denim,25,TRUE,Dutch
dutc1256,detector,25,TRUE,Dutch
dutc1256,elite,25,TRUE,Dutch
dutc1256,gamma,25,TRUE,Dutch
dutc1256,goo,25,FALSE,Dutch
dutc1256,makers,25,FALSE,Dutch
dutc1256,niche,25,TRUE,Dutch
dutc1256,surveillance,25,TRUE,Dutch
esto1258,suits,25,FALSE,Estonian
finn1318,camping,25,TRUE,Finnish
finn1318,jockey,25,TRUE,Finnish
garo1247,rang,25,FALSE,Garo
icel1247,fuss,25,FALSE,Icelandic
icel1247,gel,25,TRUE,Icelandic
icel1247,rot,25,TRUE,Icelandic
indo1316,semester,25,TRUE,Standard Indonesian
iris1253,sleigh,25,FALSE,Irish
ital1282,comatose,25,FALSE,Italian
ital1282,flashback,25,TRUE,Italian
ital1282,radon,25,TRUE,Italian
ital1282,tundra,25,TRUE,Italian
lati1261,antennae,25,FALSE,Latin
lati1261,coincides,25,FALSE,Latin
lati1261,immigrant,25,FALSE,Latin
lati1261,recurrent,25,FALSE,Latin
latv1249,sentence,25,FALSE,Latvian
latv1249,stars,25,FALSE,Latvian
midd1317,bare,25,FALSE,Middle English
midd1317,castle,25,FALSE,Middle English
midd1317,devil,25,FALSE,Middle English
midd1317,face,25,TRUE,Middle English
midd1317,horn,25,TRUE,Middle English
midd1317,leg,25,TRUE,Middle English
midd1317,north,25,TRUE,Middle English
midd1317,parish,25,FALSE,Middle English
nucl1301,abdomen,25,TRUE,Turkish
nucl1301,mama,25,FALSE,Turkish
nucl1301,siren,25,TRUE,Turkish
olde1238,miss,25,FALSE,Old English (ca. 450-1100)
olde1238,rec,25,FALSE,Old English (ca. 450-1100)
olde1238,stunt,25,FALSE,Old English (ca. 450-1100)
oldf1239,ignorance,25,TRUE,Old French (842-ca. 1400)
oldf1239,mat,25,FALSE,Old French (842-ca. 1400)
oldf1239,vent,25,FALSE,Old French (842-ca. 1400)
olds1249,comer,25,FALSE,Old Spanish
penn1240,bees,25,FALSE,Pennsylvania German
plau1238,open,25,TRUE,Plautdietsch
plau1238,sort,25,TRUE,Plautdietsch
poli1260,finale,25,FALSE,Polish
poli1260,module,25,TRUE,Polish
poli1260,referendum,25,TRUE,Polish
port1283,basal,25,TRUE,Portuguese
port1283,campus,25,TRUE,Portuguese
port1283,continues,25,FALSE,Portuguese
port1283,factual,25,TRUE,Portuguese
port1283,glamour,25,TRUE,Portuguese
port1283,grasses,25,FALSE,Portuguese
port1283,guru,25,TRUE,Portuguese
port1283,mobilize,25,TRUE,Portuguese
port1283,moles,25,FALSE,Portuguese
port1283,panes,25,FALSE,Portuguese
port1283,tweed,25,TRUE,Portuguese
roma1327,alibi,25,TRUE,Romanian
roma1327,antagonism,25,TRUE,Romanian
roma1327,astronaut,25,TRUE,Romanian
roma1327,camping,25,TRUE,Romanian
roma1327,cleric,25,TRUE,Romanian
roma1327,dictatorial,25,TRUE,Romanian
roma1327,discount,25,TRUE,Romanian
roma1327,educator,25,TRUE,Romanian
roma1327,fiasco,25,TRUE,Romanian
roma1327,imperialist,25,TRUE,Romanian
roma1327,melodramatic,25,TRUE,Romanian
roma1327,mentor,25,TRUE,Romanian
roma1327,mixer,25,TRUE,Romanian
roma1327,mural,25,TRUE,Romanian
roma1327,proton,25,TRUE,Romanian
roma1327,sardonic,25,TRUE,Romanian
roma1327,semantic,25,TRUE,Romanian
roma1327,sprint,25,TRUE,Romanian
roma1327,steamer,25,TRUE,Romanian
roma1327,surf,25,TRUE,Romanian
roma1327,trainer,25,TRUE,Romanian
roma1327,ultimatum,25,TRUE,Romanian
scot1243,arena,25,FALSE,Scots
scot1243,specify,25,FALSE,Scots
soma1255,cab,25,FALSE,Somali
stan1288,biota,25,TRUE,Spanish
stan1288,cites,25,FALSE,Spanish
stan1288,cores,25,FALSE,Spanish
stan1288,dudes,25,FALSE,Spanish
stan1288,memos,25,FALSE,Spanish
stan1289,ser,25,FALSE,Catalan
stan1290,administrations,25,FALSE,French
stan1290,analogies,25,FALSE,French
stan1290,biker,25,TRUE,French
stan1290,captions,25,FALSE,French
stan1290,condo,25,FALSE,French
stan1290,extensions,25,FALSE,French
stan1290,ferries,25,FALSE,French
stan1290,initiatives,25,FALSE,French
stan1290,modems,25,FALSE,French
stan1290,outsiders,25,FALSE,French
stan1290,synagogues,25,FALSE,French
stan1290,yoghourt,25,TRUE,French
stan1295,pervasive,25,FALSE,German
stan1295,relational,25,TRUE,German
sume1241,tin,25,FALSE,Sumerian
swed1254,chips,25,TRUE,Swedish
swed1254,cypress,25,TRUE,Swedish
swed1254,deli,25,TRUE,Swedish
swed1254,demon,25,TRUE,Swedish
swed1254,emancipation,25,TRUE,Swedish
swed1254,hammock,25,TRUE,Swedish
swed1254,intern,25,FALSE,Swedish
swed1254,latent,25,TRUE,Swedish
swed1254,malaria,25,TRUE,Swedish
swed1254,merits,25,FALSE,Swedish
swed1254,pianist,25,TRUE,Swedish
swed1254,pigment,25,TRUE,Swedish
swed1254,punk,25,TRUE,Swedish
swed1254,relevant,25,TRUE,Swedish
swed1254,religions,25,FALSE,Swedish
swed1254,sons,25,FALSE,Swedish
swed1254,transformation,25,TRUE,Swedish
swed1254,zest,25,TRUE,Swedish
taga1270,admiral,25,TRUE,Tagalog
taga1270,salsa,25,TRUE,Tagalog
wels1247,mango,25,TRUE,Welsh
wole1240,mas,25,FALSE,Woleaian
czec1258,demise,24,FALSE,Czech
czec1258,gangster,24,TRUE,Czech
czec1258,protein,24,TRUE,Czech
dani1285,banker,24,FALSE,Danish
dani1285,biting,24,FALSE,Danish
dani1285,budding,24,FALSE,Danish
dani1285,budget,24,TRUE,Danish
dani1285,diagram,24,TRUE,Danish
dani1285,emblem,24,TRUE,Danish
dani1285,fiber,24,TRUE,Danish
dani1285,irrelevant,24,TRUE,Danish
dani1285,kiosk,24,TRUE,Danish
dani1285,laden,24,FALSE,Danish
dani1285,legion,24,TRUE,Danish
dani1285,leopard,24,TRUE,Danish
dani1285,marks,24,FALSE,Danish
dani1285,menu,24,TRUE,Danish
dani1285,oval,24,TRUE,Danish
dani1285,pollen,24,TRUE,Danish
dutc1256,decor,24,TRUE,Dutch
dutc1256,fascist,24,TRUE,Dutch
dutc1256,input,24,TRUE,Dutch
dutc1256,jobs,24,FALSE,Dutch
dutc1256,jungle,24,TRUE,Dutch
dutc1256,luster,24,FALSE,Dutch
dutc1256,millennium,24,TRUE,Dutch
dutc1256,sauna,24,TRUE,Dutch
dutc1256,tandem,24,TRUE,Dutch
dutc1256,timing,24,TRUE,Dutch
esto1258,tint,24,FALSE,Estonian
finn1318,dumping,24,TRUE,Finnish
finn1318,ego,24,TRUE,Finnish
finn1318,pose,24,FALSE,Finnish
gali1258,con,24,FALSE,Galician
haus1257,rake,24,FALSE,Hausa
haus1257,tire,24,FALSE,Hausa
hung1274,gamma,24,TRUE,Hungarian
hung1274,troll,24,TRUE,Hungarian
icel1247,bending,24,FALSE,Icelandic
icel1247,gulls,24,FALSE,Icelandic
icel1247,strand,24,FALSE,Icelandic
ilok1237,data,24,FALSE,Iloko
indo1316,artisan,24,TRUE,Standard Indonesian
indo1316,beta,24,TRUE,Standard Indonesian
indo1316,bison,24,TRUE,Standard Indonesian
indo1316,junta,24,TRUE,Standard Indonesian
indo1316,jus,24,FALSE,Standard Indonesian
indo1316,oasis,24,TRUE,Standard Indonesian
ital1282,graffiti,24,TRUE,Italian
ital1282,macho,24,TRUE,Italian
lati1261,alcohol,24,TRUE,Latin
lati1261,cameras,24,FALSE,Latin
lati1261,clues,24,FALSE,Latin
lati1261,cubes,24,FALSE,Latin
lati1261,sparse,24,FALSE,Latin
lati1261,zebra,24,TRUE,Latin
lith1251,mama,24,TRUE,Lithuanian
magu1243,pat,24,FALSE,Maguindanao
manx1243,cost,24,FALSE,Manx
manx1243,goal,24,FALSE,Manx
manx1243,grammar,24,TRUE,Manx
manx1243,mood,24,FALSE,Manx
manx1243,muck,24,FALSE,Manx
midd1317,base,24,TRUE,Middle English
midd1317,city,24,FALSE,Middle English
midd1317,hope,24,FALSE,Middle English
midd1317,noble,24,FALSE,Middle English
midd1317,open,24,TRUE,Middle English
nort2671,human,24,FALSE,North Saami
nucl1301,radar,24,TRUE,Turkish
nucl1301,totem,24,TRUE,Turkish
nucl1301,villa,24,TRUE,Turkish
oldf1239,bacon,24,TRUE,Old French (842-ca. 1400)
oldf1239,barons,24,FALSE,Old French (842-ca. 1400)
oldf1239,canon,24,TRUE,Old French (842-ca. 1400)
oldf1239,coup,24,FALSE,Old French (842-ca. 1400)
oldf1239,movement,24,TRUE,Old French (842-ca. 1400)
oldf1239,pan,24,FALSE,Old French (842-ca. 1400)
oldf1239,tart,24,FALSE,Old French (842-ca. 1400)
olds1249,pan,24,FALSE,Old Spanish
pali1273,taco,24,FALSE,Pali
penn1240,dick,24,FALSE,Pennsylvania German
penn1240,rum,24,FALSE,Pennsylvania German
plat1254,marina,24,FALSE,Plateau Malagasy
pohn1238,air,24,FALSE,Pohnpeian
poli1260,catering,24,TRUE,Polish
poli1260,diesel,24,TRUE,Polish
poli1260,duo,24,TRUE,Polish
poli1260,hamburger,24,TRUE,Polish
poli1260,impeachment,24,TRUE,Polish
poli1260,juror,24,TRUE,Polish
poli1260,pita,24,TRUE,Polish
poli1260,rotor,24,TRUE,Polish
port1283,dumping,24,TRUE,Portuguese
port1283,feedback,24,TRUE,Portuguese
port1283,pizza,24,TRUE,Portuguese
port1283,planes,24,FALSE,Portuguese
port1283,remake,24,TRUE,Portuguese
port1283,socialize,24,TRUE,Portuguese
roma1327,amalgam,24,TRUE,Romanian
roma1327,ancestral,24,TRUE,Romanian
roma1327,globular,24,TRUE,Romanian
roma1327,halo,24,TRUE,Romanian
roma1327,idealism,24,TRUE,Romanian
roma1327,ingredient,24,TRUE,Romanian
roma1327,melodic,24,TRUE,Romanian
roma1327,panoramic,24,TRUE,Romanian
roma1327,paradox,24,TRUE,Romanian
roma1327,pragmatic,24,TRUE,Romanian
roma1327,recalcitrant,24,TRUE,Romanian
roma1327,reverie,24,TRUE,Romanian
roma1327,schematic,24,TRUE,Romanian
roma1327,serpent,24,TRUE,Romanian
roma1327,spectre,24,FALSE,Romanian
roma1327,supermarket,24,TRUE,Romanian
roma1327,textual,24,FALSE,Romanian
roma1327,vector,24,TRUE,Romanian
scot1243,admirable,24,TRUE,Scots
scot1243,hails,24,FALSE,Scots
slov1269,chaos,24,TRUE,Slovak
slov1269,dare,24,FALSE,Slovak
slov1269,police,24,FALSE,Slovak
sout1528,aspirin,24,TRUE,Serbian-Croatian-Bosnian
sout1528,finale,24,TRUE,Serbian-Croatian-Bosnian
sout1528,penis,24,TRUE,Serbian-Croatian-Bosnian
sout1528,saga,24,TRUE,Serbian-Croatian-Bosnian
stan1288,admires,24,FALSE,Spanish
stan1288,containers,24,FALSE,Spanish
stan1288,rapes,24,FALSE,Spanish
stan1288,responded,24,FALSE,Spanish
stan1289,gal,24,FALSE,Catalan
stan1289,got,24,FALSE,Catalan
stan1290,neutrino,24,TRUE,French
stan1290,reverses,24,FALSE,French
swed1254,algebra,24,TRUE,Swedish
swed1254,baseball,24,FALSE,Swedish
swed1254,differential,24,TRUE,Swedish
swed1254,drinks,24,FALSE,Swedish
swed1254,duo,24,TRUE,Swedish
swed1254,explicit,24,TRUE,Swedish
swed1254,fascination,24,TRUE,Swedish
swed1254,harem,24,TRUE,Swedish
swed1254,immigrant,24,TRUE,Swedish
swed1254,integral,24,TRUE,Swedish
swed1254,intuition,24,TRUE,Swedish
swed1254,median,24,TRUE,Swedish
swed1254,shorts,24,TRUE,Swedish
swed1254,tolerant,24,TRUE,Swedish
swed1254,trailer,24,TRUE,Swedish
swed1254,turbulent,24,TRUE,Swedish
swed1254,unison,24,TRUE,Swedish
swed1254,zoo,24,TRUE,Swedish
tetu1245,ruin,24,FALSE,Tetum
tokp1240,king,24,TRUE,Tok Pisin
tokp1240,mat,24,TRUE,Tok Pisin
tson1249,aka,24,FALSE,Tsonga
wels1247,tomato,24,TRUE,Welsh
xhos1239,coca,24,FALSE,Xhosa
arom1237,par,23,FALSE,Aromanian
arom1237,son,23,FALSE,Aromanian
ayiw1239,pole,23,FALSE,Äiwoo
cebu1242,tion,23,FALSE,Cebuano
cebu1242,tuna,23,FALSE,Cebuano
czec1258,heroin,23,TRUE,Czech
czec1258,plasma,23,FALSE,Czech
czec1258,relativity,23,FALSE,Czech
dani1285,ambition,23,TRUE,Danish
dani1285,bars,23,FALSE,Danish
dani1285,distribution,23,TRUE,Danish
dani1285,drinks,23,FALSE,Danish
dani1285,gem,23,TRUE,Danish
dani1285,grapes,23,FALSE,Danish
dani1285,pilgrim,23,TRUE,Danish
dani1285,roses,23,FALSE,Danish
dani1285,satire,23,TRUE,Danish
dani1285,tradition,23,TRUE,Danish
dutc1256,banjo,23,TRUE,Dutch
dutc1256,bases,23,FALSE,Dutch
dutc1256,calorie,23,TRUE,Dutch
dutc1256,clitoris,23,TRUE,Dutch
dutc1256,colleges,23,FALSE,Dutch
dutc1256,crux,23,FALSE,Dutch
dutc1256,diabetes,23,TRUE,Dutch
dutc1256,emeritus,23,TRUE,Dutch
dutc1256,genre,23,TRUE,Dutch
dutc1256,magnesium,23,TRUE,Dutch
dutc1256,manicure,23,TRUE,Dutch
dutc1256,pools,23,FALSE,Dutch
dutc1256,puree,23,TRUE,Dutch
dutc1256,quad,23,TRUE,Dutch
dutc1256,remake,23,TRUE,Dutch
dutc1256,tips,23,FALSE,Dutch
dutc1256,totem,23,TRUE,Dutch
dutc1256,whiskey,23,FALSE,Dutch
esto1258,dessert,23,TRUE,Estonian
esto1258,mast,23,TRUE,Estonian
esto1258,menu,23,FALSE,Estonian
esto1258,peas,23,FALSE,Estonian
finn1318,agility,23,TRUE,Finnish
finn1318,alibi,23,TRUE,Finnish
finn1318,chips,23,TRUE,Finnish
finn1318,dimension,23,TRUE,Finnish
finn1318,embryo,23,TRUE,Finnish
finn1318,fauna,23,TRUE,Finnish
finn1318,gospel,23,TRUE,Finnish
finn1318,inertia,23,TRUE,Finnish
finn1318,jade,23,TRUE,Finnish
finn1318,pub,23,TRUE,Finnish
finn1318,slush,23,TRUE,Finnish
hung1274,proton,23,TRUE,Hungarian
icel1247,gal,23,FALSE,Icelandic
icel1247,sonar,23,FALSE,Icelandic
indo1316,debut,23,TRUE,Standard Indonesian
indo1316,folklore,23,FALSE,Standard Indonesian
indo1316,mantra,23,FALSE,Standard Indonesian
indo1316,nostalgia,23,TRUE,Standard Indonesian
ital1282,magma,23,TRUE,Italian
ital1282,mucosa,23,TRUE,Italian
ladi1251,boy,23,FALSE,Ladino
lati1261,complacent,23,FALSE,Latin
lati1261,concedes,23,FALSE,Latin
lati1261,expansive,23,FALSE,Latin
lati1261,immanent,23,FALSE,Latin
lati1261,pervades,23,FALSE,Latin
lush1249,bum,23,FALSE,Mizo
midd1317,chief,23,FALSE,Middle English
midd1317,den,23,FALSE,Middle English
midd1317,don,23,FALSE,Middle English
midd1317,eye,23,FALSE,Middle English
midd1317,pen,23,FALSE,Middle English
midd1317,song,23,TRUE,Middle English
nort2697,silk,23,FALSE,North Azerbaijani
nucl1301,vitamin,23,TRUE,Turkish
nucl1301,zebra,23,TRUE,Turkish
olde1238,bean,23,TRUE,Old English (ca. 450-1100)
oldf1239,dart,23,FALSE,Old French (842-ca. 1400)
oldf1239,eve,23,FALSE,Old French (842-ca. 1400)
oldf1239,fox,23,FALSE,Old French (842-ca. 1400)
oldf1239,message,23,TRUE,Old French (842-ca. 1400)
oldf1239,parole,23,FALSE,Old French (842-ca. 1400)
oldf1239,poet,23,FALSE,Old French (842-ca. 1400)
pali1273,rose,23,TRUE,Pali
pali1273,tile,23,FALSE,Pali
penn1240,rode,23,FALSE,Pennsylvania German
poli1260,cookie,23,TRUE,Polish
poli1260,deadline,23,TRUE,Polish
poli1260,ensemble,23,FALSE,Polish
poli1260,laser,23,TRUE,Polish
poli1260,marketing,23,TRUE,Polish
poli1260,migrant,23,TRUE,Polish
poli1260,polio,23,TRUE,Polish
poli1260,regalia,23,TRUE,Polish
port1283,abysmal,23,FALSE,Portuguese
port1283,anorexia,23,TRUE,Portuguese
port1283,candidates,23,FALSE,Portuguese
port1283,cranial,23,TRUE,Portuguese
port1283,doses,23,FALSE,Portuguese
port1283,ghetto,23,FALSE,Portuguese
port1283,graves,23,FALSE,Portuguese
port1283,lingerie,23,TRUE,Portuguese
port1283,rotor,23,TRUE,Portuguese
port1283,semifinal,23,TRUE,Portuguese
port1283,sniper,23,TRUE,Portuguese
port1283,transistor,23,TRUE,Portuguese
roma1327,apostolic,23,TRUE,Romanian
roma1327,aromatic,23,TRUE,Romanian
roma1327,colonialism,23,TRUE,Romanian
roma1327,concentric,23,TRUE,Romanian
roma1327,convergent,23,TRUE,Romanian
roma1327,curator,23,TRUE,Romanian
roma1327,derby,23,TRUE,Romanian
roma1327,electrician,23,TRUE,Romanian
roma1327,fitness,23,TRUE,Romanian
roma1327,fluorescent,23,TRUE,Romanian
roma1327,forum,23,TRUE,Romanian
roma1327,insular,23,TRUE,Romanian
roma1327,legislator,23,TRUE,Romanian
roma1327,ligament,23,TRUE,Romanian
roma1327,obedient,23,TRUE,Romanian
roma1327,pointer,23,TRUE,Romanian
roma1327,prevalent,23,TRUE,Romanian
roma1327,prohibit,23,FALSE,Romanian
roma1327,scan,23,FALSE,Romanian
roma1327,soprano,23,FALSE,Romanian
scot1243,yank,23,FALSE,Scots
slov1268,peg,23,FALSE,Slovenian
slov1269,hotel,23,TRUE,Slovak
slov1269,site,23,TRUE,Slovak
slov1269,squash,23,TRUE,Slovak
sout1528,astronaut,23,TRUE,Serbian-Croatian-Bosnian
sout1528,delta,23,TRUE,Serbian-Croatian-Bosnian
sout1528,ego,23,TRUE,Serbian-Croatian-Bosnian
stan1288,revolved,23,FALSE,Spanish
stan1288,softball,23,TRUE,Spanish
stan1288,tributes,23,FALSE,Spanish
stan1289,possible,23,TRUE,Catalan
stan1290,composites,23,FALSE,French
stan1290,socialisation,23,TRUE,French
stan1295,innovative,23,FALSE,German
stan1306,diplomat,23,TRUE,Standard Malay
stan1306,orbit,23,TRUE,Standard Malay
swah1253,agenda,23,FALSE,Swahili
swah1253,lava,23,FALSE,Swahili
swed1254,dilemma,23,TRUE,Swedish
swed1254,handled,23,FALSE,Swedish
swed1254,instruments,23,FALSE,Swedish
swed1254,mixer,23,TRUE,Swedish
swed1254,moments,23,FALSE,Swedish
swed1254,pep,23,FALSE,Swedish
swed1254,plums,23,FALSE,Swedish
swed1254,pumps,23,FALSE,Swedish
swed1254,pyjamas,23,TRUE,Swedish
swed1254,rolls,23,FALSE,Swedish
swed1254,serves,23,FALSE,Swedish
swed1254,slits,23,FALSE,Swedish
swed1254,standards,23,FALSE,Swedish
swed1254,tester,23,FALSE,Swedish
swed1254,vaccination,23,TRUE,Swedish
swed1254,veranda,23,TRUE,Swedish
tahi1242,mania,23,FALSE,Tahitian
taus1251,pad,23,FALSE,Tausug
wels1247,pyjamas,23,TRUE,Welsh
wels1247,thud,23,FALSE,Welsh
afri1274,mage,22,FALSE,Afrikaans
bisl1239,bang,22,FALSE,Bislama
cebu1242,bra,22,FALSE,Cebuano
cebu1242,parlor,22,TRUE,Cebuano
clas1250,tech,22,FALSE,Classical Nahuatl
corn1251,flour,22,FALSE,Cornish
czec1258,derby,22,TRUE,Czech
czec1258,entity,22,TRUE,Czech
czec1258,grizzly,22,TRUE,Czech
czec1258,slogan,22,TRUE,Czech
czec1258,trailer,22,TRUE,Czech
dani1285,bonus,22,TRUE,Danish
dani1285,depot,22,FALSE,Danish
dani1285,dollar,22,TRUE,Danish
dani1285,folder,22,FALSE,Danish
dani1285,garage,22,TRUE,Danish
dani1285,grape,22,FALSE,Danish
dani1285,halo,22,TRUE,Danish
dani1285,norm,22,TRUE,Danish
dani1285,veg,22,FALSE,Danish
dani1285,vitamin,22,TRUE,Danish
dutc1256,bikini,22,TRUE,Dutch
dutc1256,bungalow,22,TRUE,Dutch
dutc1256,creepy,22,TRUE,Dutch
dutc1256,darts,22,TRUE,Dutch
dutc1256,fairway,22,TRUE,Dutch
dutc1256,humanist,22,TRUE,Dutch
dutc1256,matte,22,TRUE,Dutch
dutc1256,meters,22,FALSE,Dutch
dutc1256,printers,22,FALSE,Dutch
dutc1256,registers,22,FALSE,Dutch
dutc1256,tanks,22,FALSE,Dutch
esto1258,mantel,22,FALSE,Estonian
esto1258,puts,22,FALSE,Estonian
esto1258,rind,22,FALSE,Estonian
esto1258,seek,22,FALSE,Estonian
finn1318,absorption,22,TRUE,Finnish
finn1318,chili,22,TRUE,Finnish
finn1318,designer,22,TRUE,Finnish
finn1318,drone,22,TRUE,Finnish
finn1318,handicap,22,TRUE,Finnish
finn1318,hoot,22,FALSE,Finnish
finn1318,jersey,22,TRUE,Finnish
finn1318,patina,22,TRUE,Finnish
finn1318,penis,22,TRUE,Finnish
finn1318,plasma,22,TRUE,Finnish
iban1264,beg,22,FALSE,Iban
icel1247,hind,22,TRUE,Icelandic
indo1316,cans,22,FALSE,Standard Indonesian
indo1316,imam,22,TRUE,Standard Indonesian
indo1316,samurai,22,TRUE,Standard Indonesian
ital1282,abrasive,22,FALSE,Italian
ital1282,boulevard,22,TRUE,Italian
ital1282,locus,22,TRUE,Italian
ital1282,mangrove,22,FALSE,Italian
ital1282,secretive,22,FALSE,Italian
lati1261,apocalypse,22,FALSE,Latin
lati1261,quotas,22,FALSE,Latin
lati1261,transfers,22,FALSE,Latin
luxe1241,hues,22,FALSE,Moselle Franconian
midd1317,colour,22,TRUE,Middle English
midd1317,harm,22,TRUE,Middle English
midd1317,pipe,22,FALSE,Middle English
midd1317,servant,22,FALSE,Middle English
midd1317,west,22,TRUE,Middle English
midd1317,woman,22,FALSE,Middle English
nort2697,top,22,FALSE,North Azerbaijani
olde1238,amber,22,FALSE,Old English (ca. 450-1100)
olde1238,hype,22,FALSE,Old English (ca. 450-1100)
oldf1239,abundant,22,FALSE,Old French (842-ca. 1400)
oldf1239,ardent,22,FALSE,Old French (842-ca. 1400)
oldf1239,disposition,22,FALSE,Old French (842-ca. 1400)
oldf1239,flour,22,FALSE,Old French (842-ca. 1400)
oldf1239,ton,22,FALSE,Old French (842-ca. 1400)
oldf1239,trace,22,TRUE,Old French (842-ca. 1400)
oldn1244,sand,22,FALSE,Old Norse
olds1249,pie,22,FALSE,Old Spanish
poli1260,ambient,22,TRUE,Polish
poli1260,gamma,22,TRUE,Polish
port1283,chef,22,TRUE,Portuguese
port1283,ices,22,FALSE,Portuguese
port1283,input,22,TRUE,Portuguese
port1283,mites,22,FALSE,Portuguese
port1283,robot,22,TRUE,Portuguese
port1283,sprint,22,TRUE,Portuguese
port1283,varies,22,FALSE,Portuguese
roma1327,augment,22,FALSE,Romanian
roma1327,benign,22,TRUE,Romanian
roma1327,casting,22,TRUE,Romanian
roma1327,caviar,22,TRUE,Romanian
roma1327,centrifugal,22,TRUE,Romanian
roma1327,crescendo,22,TRUE,Romanian
roma1327,decadent,22,TRUE,Romanian
roma1327,dual,22,TRUE,Romanian
roma1327,email,22,TRUE,Romanian
roma1327,familial,22,TRUE,Romanian
roma1327,femur,22,TRUE,Romanian
roma1327,hangar,22,TRUE,Romanian
roma1327,herald,22,TRUE,Romanian
roma1327,inaugural,22,TRUE,Romanian
roma1327,lexicon,22,TRUE,Romanian
roma1327,median,22,TRUE,Romanian
roma1327,motel,22,TRUE,Romanian
roma1327,naturalist,22,TRUE,Romanian
roma1327,opulent,22,TRUE,Romanian
roma1327,receptor,22,TRUE,Romanian
roma1327,reformist,22,TRUE,Romanian
roma1327,refrigerator,22,TRUE,Romanian
roma1327,seismic,22,TRUE,Romanian
roma1327,standby,22,TRUE,Romanian
roma1327,starter,22,TRUE,Romanian
slov1268,jam,22,FALSE,Slovenian
slov1268,ocean,22,TRUE,Slovenian
slov1268,oven,22,FALSE,Slovenian
slov1268,plug,22,FALSE,Slovenian
slov1268,trot,22,FALSE,Slovenian
slov1268,vile,22,FALSE,Slovenian
sout1528,bistro,22,FALSE,Serbian-Croatian-Bosnian
sout1528,incest,22,TRUE,Serbian-Croatian-Bosnian
sout1528,vagina,22,TRUE,Serbian-Croatian-Bosnian
stan1288,memorabilia,22,TRUE,Spanish
stan1288,online,22,TRUE,Spanish
stan1288,ranches,22,FALSE,Spanish
stan1288,streaming,22,TRUE,Spanish
stan1288,styling,22,TRUE,Spanish
stan1288,teenagers,22,FALSE,Spanish
stan1289,postal,22,TRUE,Catalan
stan1289,van,22,FALSE,Catalan
stan1290,acculturation,22,TRUE,French
stan1290,bikes,22,FALSE,French
stan1290,challenges,22,FALSE,French
stan1290,slows,22,FALSE,French
stan1290,tsunami,22,TRUE,French
stan1290,vampires,22,FALSE,French
stan1306,champagne,22,TRUE,Standard Malay
stan1306,sped,22,FALSE,Standard Malay
sume1241,men,22,FALSE,Sumerian
sume1241,tab,22,FALSE,Sumerian
swah1253,delta,22,TRUE,Swahili
swed1254,cerebral,22,TRUE,Swedish
swed1254,dialog,22,TRUE,Swedish
swed1254,emu,22,TRUE,Swedish
swed1254,genera,22,FALSE,Swedish
swed1254,immigration,22,TRUE,Swedish
swed1254,improvisation,22,TRUE,Swedish
swed1254,mobile,22,FALSE,Swedish
swed1254,regions,22,FALSE,Swedish
taga1270,che,22,FALSE,Tagalog
taga1270,dine,22,FALSE,Tagalog
taga1270,mare,22,FALSE,Tagalog
viet1252,cola,22,TRUE,Vietnamese
wels1247,protocol,22,TRUE,Welsh
cebu1242,gala,21,FALSE,Cebuano
cebu1242,halo,21,FALSE,Cebuano
cebu1242,regards,21,FALSE,Cebuano
cham1312,tuna,21,FALSE,Chamorro
chuu1238,pet,21,FALSE,Chuukese
corn1251,est,21,FALSE,Cornish
czec1258,rotunda,21,TRUE,Czech
dani1285,brochure,21,TRUE,Danish
dani1285,butterfly,21,TRUE,Danish
dani1285,diverse,21,FALSE,Danish
dani1285,feudal,21,TRUE,Danish
dani1285,grime,21,FALSE,Danish
dani1285,metals,21,FALSE,Danish
dani1285,pint,21,FALSE,Danish
dani1285,sorts,21,FALSE,Danish
dani1285,tempo,21,TRUE,Danish
dani1285,transparent,21,TRUE,Danish
dani1285,zoo,21,TRUE,Danish
dutc1256,camper,21,TRUE,Dutch
dutc1256,furry,21,TRUE,Dutch
dutc1256,holocaust,21,TRUE,Dutch
dutc1256,marinade,21,TRUE,Dutch
dutc1256,monsters,21,FALSE,Dutch
dutc1256,mores,21,TRUE,Dutch
dutc1256,reserves,21,FALSE,Dutch
dutc1256,shots,21,FALSE,Dutch
dutc1256,splinters,21,FALSE,Dutch
dutc1256,westers,21,FALSE,Dutch
esto1258,frank,21,FALSE,Estonian
finn1318,atlas,21,TRUE,Finnish
finn1318,hockey,21,TRUE,Finnish
finn1318,sus,21,FALSE,Finnish
finn1318,trans,21,FALSE,Finnish
gali1258,animal,21,TRUE,Galician
hait1244,kite,21,FALSE,Haitian
hung1274,fax,21,TRUE,Hungarian
indo1316,auditor,21,TRUE,Standard Indonesian
indo1316,inset,21,TRUE,Standard Indonesian
indo1316,menopause,21,TRUE,Standard Indonesian
indo1316,persona,21,TRUE,Standard Indonesian
indo1316,una,21,FALSE,Standard Indonesian
ital1282,additive,21,FALSE,Italian
ital1282,babysitter,21,TRUE,Italian
ital1282,bingo,21,TRUE,Italian
ital1282,clientele,21,TRUE,Italian
ital1282,coyote,21,TRUE,Italian
ital1282,kayak,21,TRUE,Italian
ital1282,uteri,21,FALSE,Italian
kawi1241,pita,21,FALSE,Kawi
kiny1244,data,21,FALSE,Kinyarwanda
lati1261,finale,21,FALSE,Latin
lati1261,pharynx,21,TRUE,Latin
lati1261,reverses,21,FALSE,Latin
latv1249,arts,21,FALSE,Latvian
latv1249,elements,21,FALSE,Latvian
latv1249,pants,21,FALSE,Latvian
latv1249,tin,21,FALSE,Latvian
latv1249,vista,21,FALSE,Latvian
manx1243,slug,21,TRUE,Manx
manx1243,ward,21,TRUE,Manx
midd1317,close,21,FALSE,Middle English
midd1317,cold,21,TRUE,Middle English
midd1317,grace,21,FALSE,Middle English
midd1317,light,21,FALSE,Middle English
midd1317,money,21,FALSE,Middle English
midd1317,note,21,TRUE,Middle English
midd1317,pro,21,FALSE,Middle English
midd1317,survey,21,FALSE,Middle English
midd1317,vessel,21,FALSE,Middle English
midd1317,wit,21,FALSE,Middle English
nucl1301,protein,21,TRUE,Turkish
olde1238,strand,21,FALSE,Old English (ca. 450-1100)
oldf1239,clamour,21,FALSE,Old French (842-ca. 1400)
oldf1239,cop,21,FALSE,Old French (842-ca. 1400)
oldf1239,countenance,21,TRUE,Old French (842-ca. 1400)
oldf1239,grave,21,FALSE,Old French (842-ca. 1400)
oldf1239,mare,21,FALSE,Old French (842-ca. 1400)
oldf1239,sole,21,FALSE,Old French (842-ca. 1400)
poli1260,jogging,21,TRUE,Polish
poli1260,ketchup,21,TRUE,Polish
poli1260,ravioli,21,TRUE,Polish
poli1260,safari,21,TRUE,Polish
poli1260,sprinter,21,TRUE,Polish
poli1260,tips,21,FALSE,Polish
port1283,entourage,21,TRUE,Portuguese
port1283,flushing,21,FALSE,Portuguese
port1283,interface,21,TRUE,Portuguese
port1283,minimize,21,TRUE,Portuguese
port1283,orbital,21,TRUE,Portuguese
port1283,skates,21,FALSE,Portuguese
port1283,smog,21,TRUE,Portuguese
port1283,update,21,TRUE,Portuguese
port1283,visualize,21,TRUE,Portuguese
roma1327,ascetic,21,TRUE,Romanian
roma1327,babe,21,FALSE,Romanian
roma1327,bonus,21,TRUE,Romanian
roma1327,botanist,21,TRUE,Romanian
roma1327,camaraderie,21,TRUE,Romanian
roma1327,climax,21,TRUE,Romanian
roma1327,contractor,21,TRUE,Romanian
roma1327,converge,21,TRUE,Romanian
roma1327,decrepit,21,TRUE,Romanian
roma1327,endemic,21,TRUE,Romanian
roma1327,feminist,21,TRUE,Romanian
roma1327,humor,21,FALSE,Romanian
roma1327,implant,21,TRUE,Romanian
roma1327,interdependent,21,TRUE,Romanian
roma1327,investigator,21,TRUE,Romanian
roma1327,pate,21,FALSE,Romanian
roma1327,radiant,21,TRUE,Romanian
roma1327,rapt,21,FALSE,Romanian
roma1327,retina,21,FALSE,Romanian
roma1327,rotor,21,TRUE,Romanian
roma1327,sacrament,21,TRUE,Romanian
roma1327,satanic,21,FALSE,Romanian
roma1327,sonic,21,TRUE,Romanian
roma1327,tango,21,FALSE,Romanian
roma1327,ultraviolet,21,TRUE,Romanian
roma1327,yen,21,TRUE,Romanian
scot1243,acceptance,21,FALSE,Scots
scot1243,peninsula,21,TRUE,Scots
sema1266,jar,21,FALSE,Semai
sida1246,gala,21,FALSE,Sidamo
slov1268,brat,21,FALSE,Slovenian
slov1268,jug,21,FALSE,Slovenian
sout1528,advent,21,FALSE,Serbian-Croatian-Bosnian
sout1528,dune,21,FALSE,Serbian-Croatian-Bosnian
sout1528,neon,21,TRUE,Serbian-Croatian-Bosnian
sout1528,placenta,21,TRUE,Serbian-Croatian-Bosnian
sout1528,trauma,21,TRUE,Serbian-Croatian-Bosnian
stan1288,algal,21,TRUE,Spanish
stan1288,capsules,21,FALSE,Spanish
stan1288,centres,21,FALSE,Spanish
stan1288,egos,21,FALSE,Spanish
stan1288,induces,21,FALSE,Spanish
stan1288,modules,21,FALSE,Spanish
stan1288,supernova,21,TRUE,Spanish
stan1288,variables,21,FALSE,Spanish
stan1289,formal,21,TRUE,Catalan
stan1289,post,21,TRUE,Catalan
stan1289,tub,21,FALSE,Catalan
stan1290,favorites,21,FALSE,French
stan1290,jihad,21,FALSE,French
stan1290,minimise,21,TRUE,French
stan1290,mutations,21,FALSE,French
stan1290,quadriceps,21,TRUE,French
stan1290,scares,21,FALSE,French
swed1254,agility,21,TRUE,Swedish
swed1254,animation,21,TRUE,Swedish
swed1254,bums,21,FALSE,Swedish
swed1254,degeneration,21,TRUE,Swedish
swed1254,diabetes,21,TRUE,Swedish
swed1254,gangster,21,TRUE,Swedish
swed1254,hump,21,FALSE,Swedish
swed1254,info,21,TRUE,Swedish
swed1254,kilometer,21,TRUE,Swedish
swed1254,lasts,21,FALSE,Swedish
swed1254,magnetism,21,TRUE,Swedish
swed1254,naive,21,FALSE,Swedish
swed1254,navel,21,TRUE,Swedish
swed1254,packs,21,FALSE,Swedish
swed1254,sands,21,FALSE,Swedish
swed1254,starter,21,FALSE,Swedish
swed1254,stereotype,21,FALSE,Swedish
swed1254,violinist,21,TRUE,Swedish
taga1270,dragon,21,TRUE,Tagalog
wels1247,bacteria,21,TRUE,Welsh
afri1274,penis,20,TRUE,Afrikaans
aleu1260,yam,20,FALSE,Aleut
arom1237,cot,20,FALSE,Aromanian
arom1237,sus,20,FALSE,Aromanian
cebu1242,linen,20,FALSE,Cebuano
cebu1242,sus,20,FALSE,Cebuano
chim1302,mama,20,FALSE,Bolivar-North Chimborazo Highland Quichua
chuu1238,resin,20,FALSE,Chuukese
corn1251,north,20,TRUE,Cornish
corn1251,west,20,TRUE,Cornish
czec1258,herpes,20,TRUE,Czech
czec1258,monitor,20,TRUE,Czech
czec1258,paradox,20,TRUE,Czech
czec1258,user,20,FALSE,Czech
dani1285,buffer,20,TRUE,Danish
dani1285,detention,20,TRUE,Danish
dani1285,dues,20,FALSE,Danish
dani1285,fibre,20,TRUE,Danish
dani1285,flask,20,FALSE,Danish
dani1285,haven,20,FALSE,Danish
dani1285,immigrant,20,TRUE,Danish
dani1285,intervention,20,TRUE,Danish
dani1285,malaria,20,TRUE,Danish
dani1285,pastel,20,TRUE,Danish
dani1285,plastic,20,TRUE,Danish
dani1285,reporter,20,TRUE,Danish
dani1285,starter,20,TRUE,Danish
dutc1256,dries,20,FALSE,Dutch
dutc1256,dumping,20,TRUE,Dutch
dutc1256,hamburger,20,TRUE,Dutch
dutc1256,ketchup,20,TRUE,Dutch
dutc1256,proton,20,TRUE,Dutch
dutc1256,stations,20,FALSE,Dutch
dutc1256,woke,20,TRUE,Dutch
esto1258,males,20,FALSE,Estonian
esto1258,monument,20,TRUE,Estonian
esto1258,naps,20,FALSE,Estonian
esto1258,seas,20,FALSE,Estonian
esto1258,valet,20,FALSE,Estonian
finn1318,evergreen,20,TRUE,Finnish
finn1318,neon,20,TRUE,Finnish
finn1318,paprika,20,TRUE,Finnish
finn1318,ultimate,20,TRUE,Finnish
icel1247,bland,20,FALSE,Icelandic
icel1247,brass,20,TRUE,Icelandic
icel1247,gust,20,FALSE,Icelandic
icel1247,lax,20,FALSE,Icelandic
icel1247,rein,20,FALSE,Icelandic
indo1316,fiat,20,TRUE,Standard Indonesian
indo1316,mare,20,TRUE,Standard Indonesian
indo1316,momentum,20,TRUE,Standard Indonesian
indo1316,tofu,20,TRUE,Standard Indonesian
iris1253,crap,20,FALSE,Irish
ital1282,caffeine,20,TRUE,Italian
ital1282,compressor,20,TRUE,Italian
ital1282,enclave,20,TRUE,Italian
ital1282,lasagna,20,TRUE,Italian
ital1282,multimedia,20,TRUE,Italian
ital1282,voodoo,20,FALSE,Italian
kach1280,tan,20,FALSE,Southern Jinghpaw
lati1261,ambient,20,FALSE,Latin
lati1261,convergent,20,FALSE,Latin
lati1261,emergent,20,FALSE,Latin
lati1261,feces,20,FALSE,Latin
lati1261,negate,20,FALSE,Latin
lati1261,obscures,20,FALSE,Latin
lati1261,reptiles,20,FALSE,Latin
lati1261,spires,20,FALSE,Latin
lati1261,strident,20,FALSE,Latin
latv1249,debates,20,FALSE,Latvian
magu1243,gamut,20,FALSE,Maguindanao
malt1254,fired,20,FALSE,Maltese
malt1254,temp,20,FALSE,Maltese
midd1317,age,20,FALSE,Middle English
midd1317,care,20,FALSE,Middle English
midd1317,glad,20,FALSE,Middle English
midd1317,hair,20,FALSE,Middle English
midd1317,house,20,FALSE,Middle English
midd1317,mon,20,FALSE,Middle English
midd1317,noise,20,FALSE,Middle English
midd1317,sea,20,FALSE,Middle English
midd1317,wan,20,TRUE,Middle English
olde1238,scene,20,FALSE,Old English (ca. 450-1100)
oldf1239,accident,20,TRUE,Old French (842-ca. 1400)
oldf1239,angle,20,FALSE,Old French (842-ca. 1400)
oldf1239,comparison,20,TRUE,Old French (842-ca. 1400)
oldf1239,discussion,20,TRUE,Old French (842-ca. 1400)
oldf1239,effect,20,TRUE,Old French (842-ca. 1400)
oldf1239,passer,20,FALSE,Old French (842-ca. 1400)
oldf1239,peril,20,TRUE,Old French (842-ca. 1400)
oldn1244,tin,20,TRUE,Old Norse
pala1344,dart,20,FALSE,Palauan
penn1240,dot,20,FALSE,Pennsylvania German
penn1240,gross,20,FALSE,Pennsylvania German
poli1260,kimono,20,TRUE,Polish
poli1260,plankton,20,TRUE,Polish
poli1260,syllabus,20,TRUE,Polish
port1283,confetti,20,FALSE,Portuguese
port1283,diplomas,20,FALSE,Portuguese
port1283,inspires,20,FALSE,Portuguese
port1283,magma,20,TRUE,Portuguese
port1283,mayonnaise,20,FALSE,Portuguese
port1283,milieu,20,TRUE,Portuguese
port1283,neural,20,TRUE,Portuguese
port1283,omelette,20,FALSE,Portuguese
port1283,pickles,20,FALSE,Portuguese
port1283,pipeline,20,TRUE,Portuguese
port1283,poodle,20,TRUE,Portuguese
port1283,psi,20,TRUE,Portuguese
port1283,spaghetti,20,FALSE,Portuguese
port1283,timer,20,TRUE,Portuguese
roma1327,conservatism,20,TRUE,Romanian
roma1327,cortex,20,TRUE,Romanian
roma1327,cosmos,20,TRUE,Romanian
roma1327,duo,20,TRUE,Romanian
roma1327,duplex,20,TRUE,Romanian
roma1327,fascism,20,TRUE,Romanian
roma1327,genital,20,TRUE,Romanian
roma1327,harem,20,TRUE,Romanian
roma1327,incipient,20,TRUE,Romanian
roma1327,input,20,TRUE,Romanian
roma1327,linoleum,20,TRUE,Romanian
roma1327,marital,20,TRUE,Romanian
roma1327,metabolism,20,TRUE,Romanian
roma1327,motto,20,TRUE,Romanian
roma1327,quartet,20,FALSE,Romanian
roma1327,superintendent,20,TRUE,Romanian
roma1327,supersonic,20,TRUE,Romanian
roma1327,tandem,20,TRUE,Romanian
roma1327,ups,20,FALSE,Romanian
scot1243,blackmail,20,FALSE,Scots
slov1269,paprika,20,TRUE,Slovak
slov1269,pop,20,TRUE,Slovak
sout1528,realist,20,TRUE,Serbian-Croatian-Bosnian
sout1528,referendum,20,TRUE,Serbian-Croatian-Bosnian
stan1288,agencies,20,FALSE,Spanish
stan1288,chutney,20,TRUE,Spanish
stan1288,gangsters,20,FALSE,Spanish
stan1288,puses,20,FALSE,Spanish
stan1288,reflexes,20,FALSE,Spanish
stan1288,sketches,20,FALSE,Spanish
stan1288,targets,20,FALSE,Spanish
stan1288,testimonies,20,FALSE,Spanish
stan1288,tinnitus,20,TRUE,Spanish
stan1288,urges,20,FALSE,Spanish
stan1289,combat,20,TRUE,Catalan
stan1289,comet,20,FALSE,Catalan
stan1289,motor,20,TRUE,Catalan
stan1289,primer,20,FALSE,Catalan
stan1289,tall,20,FALSE,Catalan
stan1289,ton,20,FALSE,Catalan
stan1290,bagel,20,TRUE,French
stan1290,blog,20,TRUE,French
stan1290,infractions,20,FALSE,French
stan1295,postoperative,20,FALSE,German
sume1241,dab,20,FALSE,Sumerian
sume1241,tar,20,FALSE,Sumerian
swed1254,arguments,20,FALSE,Swedish
swed1254,designs,20,FALSE,Swedish
swed1254,drifts,20,FALSE,Swedish
swed1254,massage,20,TRUE,Swedish
swed1254,neon,20,TRUE,Swedish
swed1254,planets,20,FALSE,Swedish
swed1254,stunt,20,TRUE,Swedish
taga1270,abdominal,20,TRUE,Tagalog
taga1270,chat,20,TRUE,Tagalog
taga1270,oasis,20,TRUE,Tagalog
toke1240,aka,20,FALSE,Tokelau
turk1304,radio,20,TRUE,Turkmen
west2354,heap,20,TRUE,Western Frisian
yuca1254,pat,20,FALSE,Yucatec Maya
cebu1242,data,19,FALSE,Cebuano
cebu1242,gaming,19,FALSE,Cebuano
cebu1242,tenant,19,TRUE,Cebuano
corn1251,anger,19,TRUE,Cornish
corn1251,grows,19,FALSE,Cornish
corn1251,pin,19,FALSE,Cornish
czec1258,aspirin,19,TRUE,Czech
czec1258,outsider,19,TRUE,Czech
czec1258,polymer,19,TRUE,Czech
dani1285,algebra,19,TRUE,Danish
dani1285,brandy,19,TRUE,Danish
dani1285,hydrogen,19,TRUE,Danish
dani1285,lapse,19,FALSE,Danish
dani1285,mas,19,FALSE,Danish
dani1285,meteor,19,TRUE,Danish
dani1285,mobile,19,TRUE,Danish
dani1285,omelet,19,TRUE,Danish
dani1285,organisation,19,FALSE,Danish
dani1285,propel,19,FALSE,Danish
dani1285,sponsor,19,TRUE,Danish
dani1285,vaccination,19,TRUE,Danish
dani1285,vase,19,TRUE,Danish
dutc1256,acne,19,TRUE,Dutch
dutc1256,casts,19,FALSE,Dutch
dutc1256,doctrines,19,FALSE,Dutch
dutc1256,glucose,19,TRUE,Dutch
dutc1256,gorilla,19,TRUE,Dutch
dutc1256,inverse,19,TRUE,Dutch
dutc1256,irrelevant,19,TRUE,Dutch
dutc1256,protectionist,19,TRUE,Dutch
dutc1256,scenario,19,TRUE,Dutch
dutc1256,tango,19,TRUE,Dutch
dutc1256,variant,19,TRUE,Dutch
esto1258,ale,19,FALSE,Estonian
esto1258,altar,19,TRUE,Estonian
esto1258,hail,19,FALSE,Estonian
esto1258,maid,19,FALSE,Estonian
finn1318,happening,19,TRUE,Finnish
finn1318,melon,19,FALSE,Finnish
finn1318,polio,19,TRUE,Finnish
finn1318,portfolio,19,TRUE,Finnish
hait1244,bat,19,FALSE,Haitian
hmon1333,dais,19,FALSE,Hmong Daw
hung1274,email,19,FALSE,Hungarian
icel1247,ark,19,FALSE,Icelandic
icel1247,barns,19,FALSE,Icelandic
icel1247,gap,19,TRUE,Icelandic
icel1247,golf,19,TRUE,Icelandic
icel1247,slit,19,FALSE,Icelandic
icel1247,vein,19,FALSE,Icelandic
ilok1237,radio,19,TRUE,Iloko
indo1316,amnesia,19,TRUE,Standard Indonesian
indo1316,bikini,19,TRUE,Standard Indonesian
indo1316,remedial,19,TRUE,Standard Indonesian
indo1316,trauma,19,TRUE,Standard Indonesian
indo1316,yen,19,FALSE,Standard Indonesian
ital1282,bypass,19,TRUE,Italian
ital1282,diaspora,19,TRUE,Italian
ital1282,joystick,19,TRUE,Italian
ital1282,pesticide,19,TRUE,Italian
ital1282,zucchini,19,FALSE,Italian
ladi1251,alma,19,FALSE,Ladino
ladi1251,ser,19,FALSE,Ladino
lati1261,allocate,19,FALSE,Latin
lati1261,decorator,19,FALSE,Latin
lati1261,sedans,19,FALSE,Latin
lati1261,taxis,19,FALSE,Latin
lati1261,tractor,19,FALSE,Latin
latv1249,process,19,TRUE,Latvian
latv1249,tilts,19,FALSE,Latvian
loui1240,sink,19,FALSE,Louisiana Creole French
manx1243,rein,19,FALSE,Manx
midd1317,bible,19,FALSE,Middle English
midd1317,cover,19,TRUE,Middle English
midd1317,craft,19,FALSE,Middle English
midd1317,desire,19,TRUE,Middle English
midd1317,feet,19,FALSE,Middle English
midd1317,foster,19,TRUE,Middle English
midd1317,fuller,19,FALSE,Middle English
midd1317,game,19,TRUE,Middle English
midd1317,honour,19,TRUE,Middle English
midd1317,mercy,19,FALSE,Middle English
midd1317,must,19,TRUE,Middle English
midd1317,passion,19,FALSE,Middle English
nort2697,fit,19,FALSE,North Azerbaijani
norw1258,ups,19,FALSE,Norwegian
nucl1301,kimono,19,TRUE,Turkish
nucl1301,neon,19,TRUE,Turkish
nucl1301,robot,19,TRUE,Turkish
olde1238,corona,19,FALSE,Old English (ca. 450-1100)
olde1238,hose,19,FALSE,Old English (ca. 450-1100)
olde1238,pistol,19,FALSE,Old English (ca. 450-1100)
oldf1239,couple,19,TRUE,Old French (842-ca. 1400)
oldf1239,forge,19,TRUE,Old French (842-ca. 1400)
oldf1239,future,19,TRUE,Old French (842-ca. 1400)
oldf1239,hostage,19,TRUE,Old French (842-ca. 1400)
oldf1239,label,19,FALSE,Old French (842-ca. 1400)
oldf1239,paper,19,TRUE,Old French (842-ca. 1400)
oldf1239,sec,19,FALSE,Old French (842-ca. 1400)
oldf1239,vigour,19,FALSE,Old French (842-ca. 1400)
oldn1244,ills,19,FALSE,Old Norse
pali1273,brave,19,FALSE,Pali
penn1240,den,19,FALSE,Pennsylvania German
poli1260,disco,19,TRUE,Polish
poli1260,layout,19,TRUE,Polish
poli1260,peeling,19,FALSE,Polish
poli1260,ruble,19,TRUE,Polish
poli1260,surfing,19,TRUE,Polish
port1283,approves,19,FALSE,Portuguese
port1283,bulimia,19,TRUE,Portuguese
port1283,cabaret,19,TRUE,Portuguese
port1283,caves,19,FALSE,Portuguese
port1283,clone,19,TRUE,Portuguese
port1283,determines,19,FALSE,Portuguese
port1283,familial,19,TRUE,Portuguese
port1283,fixes,19,FALSE,Portuguese
port1283,floods,19,FALSE,Portuguese
port1283,kimono,19,TRUE,Portuguese
port1283,leggings,19,FALSE,Portuguese
port1283,menus,19,FALSE,Portuguese
port1283,sonar,19,TRUE,Portuguese
port1283,trove,19,FALSE,Portuguese
roma1327,activist,19,TRUE,Romanian
roma1327,angelic,19,TRUE,Romanian
roma1327,campus,19,TRUE,Romanian
roma1327,curling,19,TRUE,Romanian
roma1327,excrement,19,TRUE,Romanian
roma1327,fax,19,TRUE,Romanian
roma1327,guru,19,TRUE,Romanian
roma1327,individualism,19,TRUE,Romanian
roma1327,inventor,19,TRUE,Romanian
roma1327,maternal,19,TRUE,Romanian
roma1327,metro,19,FALSE,Romanian
roma1327,microscopic,19,TRUE,Romanian
roma1327,naturalism,19,TRUE,Romanian
roma1327,nostalgic,19,TRUE,Romanian
roma1327,outsider,19,TRUE,Romanian
roma1327,paternal,19,FALSE,Romanian
roma1327,pluralism,19,TRUE,Romanian
roma1327,remake,19,TRUE,Romanian
roma1327,sinus,19,TRUE,Romanian
roma1327,software,19,TRUE,Romanian
roma1327,spectral,19,TRUE,Romanian
roma1327,sponsor,19,TRUE,Romanian
scot1243,earthquake,19,TRUE,Scots
scot1243,elm,19,TRUE,Scots
slov1269,liter,19,TRUE,Slovak
stan1288,eclipses,19,FALSE,Spanish
stan1288,ratios,19,FALSE,Spanish
stan1288,reggae,19,TRUE,Spanish
stan1288,zoos,19,FALSE,Spanish
stan1289,control,19,TRUE,Catalan
stan1289,dues,19,FALSE,Catalan
stan1290,clones,19,FALSE,French
stan1290,pharmacies,19,FALSE,French
stan1290,positives,19,FALSE,French
stan1290,ratios,19,FALSE,French
stan1290,visas,19,FALSE,French
swed1254,alibi,19,TRUE,Swedish
swed1254,container,19,TRUE,Swedish
swed1254,fluff,19,FALSE,Swedish
swed1254,generator,19,TRUE,Swedish
swed1254,gym,19,TRUE,Swedish
swed1254,irrelevant,19,TRUE,Swedish
swed1254,kale,19,FALSE,Swedish
swed1254,mister,19,FALSE,Swedish
swed1254,optimism,19,TRUE,Swedish
swed1254,rabbi,19,TRUE,Swedish
swed1254,schema,19,TRUE,Swedish
swed1254,shit,19,TRUE,Swedish
swed1254,socialism,19,TRUE,Swedish
swed1254,socks,19,FALSE,Swedish
swed1254,solvent,19,TRUE,Swedish
swed1254,stamps,19,FALSE,Swedish
swed1254,sticker,19,FALSE,Swedish
swed1254,von,19,FALSE,Swedish
taga1270,pedal,19,TRUE,Tagalog
taga1270,salmon,19,TRUE,Tagalog
tokp1240,spun,19,FALSE,Tok Pisin
tokp1240,wing,19,TRUE,Tok Pisin
yoru1245,aka,19,FALSE,Yoruba
afri1274,neon,18,TRUE,Afrikaans
bret1244,din,18,FALSE,Breton
bret1244,fall,18,FALSE,Breton
bret1244,had,18,FALSE,Breton
corn1251,blew,18,FALSE,Cornish
corn1251,flows,18,FALSE,Cornish
corn1251,gun,18,FALSE,Cornish
corn1251,min,18,FALSE,Cornish
czec1258,asteroid,18,TRUE,Czech
czec1258,ghetto,18,TRUE,Czech
czec1258,nylon,18,TRUE,Czech
dani1285,acceptable,18,TRUE,Danish
dani1285,album,18,TRUE,Danish
dani1285,cognac,18,TRUE,Danish
dani1285,diameter,18,TRUE,Danish
dani1285,efficient,18,FALSE,Danish
dani1285,fossil,18,TRUE,Danish
dani1285,hobby,18,TRUE,Danish
dani1285,kinder,18,FALSE,Danish
dani1285,latent,18,TRUE,Danish
dani1285,oxygen,18,TRUE,Danish
dani1285,rings,18,FALSE,Danish
dani1285,sabotage,18,TRUE,Danish
dani1285,slips,18,FALSE,Danish
dani1285,snot,18,TRUE,Danish
dani1285,socialist,18,TRUE,Danish
dani1285,taxa,18,FALSE,Danish
dani1285,visa,18,TRUE,Danish
dutc1256,bats,18,FALSE,Dutch
dutc1256,boulevard,18,TRUE,Dutch
dutc1256,crises,18,FALSE,Dutch
dutc1256,dashboard,18,TRUE,Dutch
dutc1256,editors,18,FALSE,Dutch
dutc1256,folklore,18,TRUE,Dutch
dutc1256,kimono,18,TRUE,Dutch
dutc1256,migraine,18,TRUE,Dutch
dutc1256,processor,18,TRUE,Dutch
dutc1256,ranch,18,TRUE,Dutch
dutc1256,weekend,18,TRUE,Dutch
dutc1256,yoghurt,18,TRUE,Dutch
esto1258,peer,18,TRUE,Estonian
esto1258,sage,18,FALSE,Estonian
esto1258,sauna,18,FALSE,Estonian
esto1258,tang,18,FALSE,Estonian
esto1258,variant,18,TRUE,Estonian
finn1318,domino,18,TRUE,Finnish
finn1318,embargo,18,TRUE,Finnish
finn1318,gorilla,18,TRUE,Finnish
finn1318,halo,18,TRUE,Finnish
finn1318,kale,18,FALSE,Finnish
finn1318,pivot,18,FALSE,Finnish
finn1318,referee,18,TRUE,Finnish
finn1318,shaker,18,TRUE,Finnish
finn1318,swap,18,TRUE,Finnish
finn1318,tornado,18,TRUE,Finnish
finn1318,trio,18,TRUE,Finnish
finn1318,underground,18,TRUE,Finnish
finn1318,ups,18,FALSE,Finnish
finn1318,voucher,18,TRUE,Finnish
hait1244,animal,18,TRUE,Haitian
hait1244,tan,18,FALSE,Haitian
haus1257,ice,18,FALSE,Hausa
hmon1333,mom,18,FALSE,Hmong Daw
icel1247,sending,18,TRUE,Icelandic
indo1316,apartheid,18,TRUE,Standard Indonesian
indo1316,banal,18,TRUE,Standard Indonesian
indo1316,investor,18,TRUE,Standard Indonesian
indo1316,khaki,18,TRUE,Standard Indonesian
ital1282,cognitive,18,FALSE,Italian
ital1282,minimal,18,TRUE,Italian
ital1282,pervasive,18,TRUE,Italian
lati1261,diabetes,18,TRUE,Latin
lati1261,hypotheses,18,FALSE,Latin
lati1261,refrigerator,18,FALSE,Latin
lati1261,restaurant,18,FALSE,Latin
malt1254,argument,18,TRUE,Maltese
malt1254,bell,18,FALSE,Maltese
midd1317,blow,18,TRUE,Middle English
midd1317,charge,18,FALSE,Middle English
midd1317,deep,18,FALSE,Middle English
midd1317,natural,18,TRUE,Middle English
midd1317,oil,18,FALSE,Middle English
midd1317,side,18,TRUE,Middle English
midd1317,south,18,TRUE,Middle English
midd1317,thought,18,FALSE,Middle English
midd1317,wife,18,FALSE,Middle English
midd1317,wine,18,FALSE,Middle English
midd1317,wise,18,FALSE,Middle English
midd1343,sin,18,FALSE,Middle High German
nort2697,can,18,FALSE,North Azerbaijani
nucl1301,metro,18,TRUE,Turkish
olde1238,accent,18,TRUE,Old English (ca. 450-1100)
olde1238,sped,18,FALSE,Old English (ca. 450-1100)
oldf1239,arc,18,FALSE,Old French (842-ca. 1400)
oldf1239,balance,18,FALSE,Old French (842-ca. 1400)
oldf1239,brace,18,FALSE,Old French (842-ca. 1400)
oldf1239,cope,18,FALSE,Old French (842-ca. 1400)
oldf1239,coroner,18,FALSE,Old French (842-ca. 1400)
oldf1239,dent,18,FALSE,Old French (842-ca. 1400)
oldf1239,empire,18,TRUE,Old French (842-ca. 1400)
oldf1239,felon,18,FALSE,Old French (842-ca. 1400)
oldf1239,malice,18,TRUE,Old French (842-ca. 1400)
oldf1239,multitude,18,FALSE,Old French (842-ca. 1400)
oldf1239,parent,18,TRUE,Old French (842-ca. 1400)
oldf1239,rote,18,TRUE,Old French (842-ca. 1400)
oldf1239,route,18,TRUE,Old French (842-ca. 1400)
oldf1239,union,18,FALSE,Old French (842-ca. 1400)
olds1249,pro,18,FALSE,Old Spanish
pali1273,guru,18,FALSE,Pali
penn1240,inner,18,TRUE,Pennsylvania German
plau1238,saut,18,FALSE,Plautdietsch
poli1260,briefing,18,TRUE,Polish
poli1260,prepaid,18,FALSE,Polish
poli1260,quad,18,TRUE,Polish
poli1260,slums,18,FALSE,Polish
poli1260,temp,18,FALSE,Polish
port1283,dimensional,18,TRUE,Portuguese
port1283,flamenco,18,TRUE,Portuguese
port1283,marches,18,FALSE,Portuguese
port1283,microbial,18,TRUE,Portuguese
port1283,observes,18,FALSE,Portuguese
port1283,performances,18,FALSE,Portuguese
port1283,pick-up,18,FALSE,Portuguese
port1283,reserves,18,FALSE,Portuguese
port1283,totem,18,TRUE,Portuguese
port1283,vodka,18,TRUE,Portuguese
roma1327,aerosol,18,TRUE,Romanian
roma1327,altruism,18,TRUE,Romanian
roma1327,anemic,18,TRUE,Romanian
roma1327,antibiotic,18,TRUE,Romanian
roma1327,apex,18,TRUE,Romanian
roma1327,asparagus,18,TRUE,Romanian
roma1327,autocratic,18,TRUE,Romanian
roma1327,cello,18,TRUE,Romanian
roma1327,climatic,18,TRUE,Romanian
roma1327,compost,18,TRUE,Romanian
roma1327,congenital,18,TRUE,Romanian
roma1327,crucifix,18,TRUE,Romanian
roma1327,dandy,18,TRUE,Romanian
roma1327,floral,18,TRUE,Romanian
roma1327,fragrant,18,TRUE,Romanian
roma1327,herpes,18,TRUE,Romanian
roma1327,jeep,18,TRUE,Romanian
roma1327,liberalism,18,TRUE,Romanian
roma1327,marker,18,TRUE,Romanian
roma1327,milieu,18,FALSE,Romanian
roma1327,oceanic,18,TRUE,Romanian
roma1327,pancreas,18,TRUE,Romanian
roma1327,porridge,18,TRUE,Romanian
roma1327,ranch,18,TRUE,Romanian
roma1327,redundant,18,TRUE,Romanian
roma1327,tabloid,18,TRUE,Romanian
roma1327,transistor,18,FALSE,Romanian
roma1327,vaginal,18,TRUE,Romanian
roma1327,vortex,18,TRUE,Romanian
slov1268,angel,18,TRUE,Slovenian
slov1269,olive,18,TRUE,Slovak
sout1528,beta,18,TRUE,Serbian-Croatian-Bosnian
sout1528,modem,18,TRUE,Serbian-Croatian-Bosnian
sout1528,motel,18,TRUE,Serbian-Croatian-Bosnian
sout1528,rigor,18,FALSE,Serbian-Croatian-Bosnian
stan1288,bistro,18,TRUE,Spanish
stan1288,cardio,18,FALSE,Spanish
stan1288,cools,18,FALSE,Spanish
stan1288,natures,18,FALSE,Spanish
stan1288,pulses,18,FALSE,Spanish
stan1288,raids,18,FALSE,Spanish
stan1288,reusable,18,TRUE,Spanish
stan1289,important,18,TRUE,Catalan
stan1289,irregular,18,TRUE,Catalan
stan1289,persona,18,FALSE,Catalan
stan1290,aquaculture,18,TRUE,French
stan1290,conjures,18,FALSE,French
stan1290,happenings,18,FALSE,French
stan1290,paradoxes,18,FALSE,French
stan1290,pointers,18,FALSE,French
stan1295,manipulative,18,FALSE,German
stan1306,aluminium,18,TRUE,Standard Malay
stan1306,auditorium,18,TRUE,Standard Malay
sume1241,jar,18,FALSE,Sumerian
swah1253,yoga,18,TRUE,Swahili
swed1254,acceleration,18,TRUE,Swedish
swed1254,cowboy,18,TRUE,Swedish
swed1254,curling,18,TRUE,Swedish
swed1254,emigration,18,TRUE,Swedish
swed1254,fax,18,TRUE,Swedish
swed1254,genre,18,TRUE,Swedish
swed1254,giver,18,FALSE,Swedish
swed1254,grenade,18,FALSE,Swedish
swed1254,hors,18,FALSE,Swedish
swed1254,humane,18,FALSE,Swedish
swed1254,icing,18,TRUE,Swedish
swed1254,incest,18,TRUE,Swedish
swed1254,keys,18,FALSE,Swedish
swed1254,lists,18,FALSE,Swedish
swed1254,molar,18,TRUE,Swedish
swed1254,paradox,18,TRUE,Swedish
swed1254,patriotism,18,TRUE,Swedish
swed1254,prostitution,18,TRUE,Swedish
swed1254,salts,18,FALSE,Swedish
swed1254,sinus,18,TRUE,Swedish
swed1254,slalom,18,TRUE,Swedish
swed1254,souvenir,18,TRUE,Swedish
swed1254,sparks,18,FALSE,Swedish
swed1254,stigma,18,TRUE,Swedish
swed1254,studs,18,FALSE,Swedish
swed1254,syntax,18,TRUE,Swedish
taga1270,domino,18,TRUE,Tagalog
taga1270,integral,18,TRUE,Tagalog
tokp1240,mail,18,FALSE,Tok Pisin
viet1252,spam,18,TRUE,Vietnamese
wels1247,robot,18,TRUE,Welsh
wels1247,throes,18,FALSE,Welsh
west2354,bite,18,FALSE,Western Frisian
afri1274,latte,17,FALSE,Afrikaans
arom1237,beau,17,FALSE,Aromanian
basq1248,has,17,FALSE,Basque
calo1236,man,17,FALSE,Caló
clas1250,cocoa,17,FALSE,Classical Nahuatl
corn1251,bran,17,FALSE,Cornish
corn1251,bro,17,FALSE,Cornish
corn1251,deg,17,FALSE,Cornish
corn1251,linen,17,TRUE,Cornish
czec1258,citrus,17,TRUE,Czech
czec1258,debut,17,TRUE,Czech
czec1258,diabetes,17,TRUE,Czech
czec1258,pita,17,TRUE,Czech
dani1285,advent,17,FALSE,Danish
dani1285,batter,17,FALSE,Danish
dani1285,dragon,17,FALSE,Danish
dani1285,films,17,FALSE,Danish
dani1285,funk,17,TRUE,Danish
dani1285,otter,17,FALSE,Danish
dani1285,racer,17,TRUE,Danish
dani1285,radius,17,TRUE,Danish
dani1285,ribs,17,FALSE,Danish
dani1285,shampoo,17,TRUE,Danish
dani1285,snaps,17,FALSE,Danish
dani1285,sus,17,FALSE,Danish
dani1285,veteran,17,TRUE,Danish
dutc1256,adolescent,17,TRUE,Dutch
dutc1256,aura,17,TRUE,Dutch
dutc1256,barbecue,17,TRUE,Dutch
dutc1256,credo,17,TRUE,Dutch
dutc1256,dissident,17,TRUE,Dutch
dutc1256,families,17,FALSE,Dutch
dutc1256,paperback,17,TRUE,Dutch
dutc1256,pasta,17,TRUE,Dutch
dutc1256,polio,17,TRUE,Dutch
dutc1256,scanner,17,TRUE,Dutch
dutc1256,shops,17,FALSE,Dutch
dutc1256,singles,17,TRUE,Dutch
dutc1256,stages,17,FALSE,Dutch
esto1258,embargo,17,TRUE,Estonian
esto1258,mink,17,TRUE,Estonian
esto1258,pause,17,FALSE,Estonian
esto1258,pits,17,FALSE,Estonian
esto1258,tort,17,FALSE,Estonian
finn1318,adoption,17,TRUE,Finnish
finn1318,cowboy,17,TRUE,Finnish
finn1318,demon,17,TRUE,Finnish
finn1318,persona,17,FALSE,Finnish
finn1318,slogan,17,FALSE,Finnish
finn1318,stigma,17,TRUE,Finnish
finn1318,tutor,17,TRUE,Finnish
haus1257,ton,17,TRUE,Hausa
hung1274,percent,17,FALSE,Hungarian
icel1247,eggs,17,TRUE,Icelandic
icel1247,flag,17,FALSE,Icelandic
icel1247,tug,17,FALSE,Icelandic
indo1316,basal,17,TRUE,Standard Indonesian
indo1316,developer,17,TRUE,Standard Indonesian
indo1316,diagnose,17,FALSE,Standard Indonesian
indo1316,habitat,17,TRUE,Standard Indonesian
indo1316,jurist,17,FALSE,Standard Indonesian
indo1316,legislator,17,TRUE,Standard Indonesian
indo1316,vodka,17,TRUE,Standard Indonesian
ital1282,doping,17,TRUE,Italian
ital1282,expertise,17,FALSE,Italian
ital1282,psi,17,TRUE,Italian
klam1254,dot,17,FALSE,Klamath-Modoc
lati1261,fries,17,FALSE,Latin
lati1261,urines,17,FALSE,Latin
latv1249,mute,17,FALSE,Latvian
latv1249,ornaments,17,FALSE,Latvian
latv1249,rats,17,FALSE,Latvian
loui1240,gin,17,FALSE,Louisiana Creole French
manx1243,rug,17,FALSE,Manx
mara1404,ban,17,FALSE,Maranao
midd1317,ages,17,FALSE,Middle English
midd1317,burden,17,FALSE,Middle English
midd1317,case,17,TRUE,Middle English
midd1317,evil,17,FALSE,Middle English
midd1317,female,17,FALSE,Middle English
midd1317,field,17,FALSE,Middle English
midd1317,find,17,FALSE,Middle English
midd1317,kingdom,17,TRUE,Middle English
midd1317,mid,17,TRUE,Middle English
midd1317,monk,17,TRUE,Middle English
midd1317,ore,17,FALSE,Middle English
midd1317,sad,17,TRUE,Middle English
midd1317,share,17,FALSE,Middle English
midd1317,sin,17,FALSE,Middle English
midd1317,spring,17,FALSE,Middle English
midd1317,staff,17,FALSE,Middle English
midd1317,stone,17,FALSE,Middle English
nort2697,pay,17,FALSE,North Azerbaijani
nucl1347,bind,17,FALSE,Wolof
olde1238,cops,17,FALSE,Old English (ca. 450-1100)
olde1238,foster,17,FALSE,Old English (ca. 450-1100)
olde1238,wad,17,FALSE,Old English (ca. 450-1100)
oldf1239,article,17,TRUE,Old French (842-ca. 1400)
oldf1239,idiot,17,FALSE,Old French (842-ca. 1400)
oldf1239,presumption,17,TRUE,Old French (842-ca. 1400)
oldf1239,privilege,17,TRUE,Old French (842-ca. 1400)
oldf1239,substance,17,FALSE,Old French (842-ca. 1400)
oldf1239,tan,17,FALSE,Old French (842-ca. 1400)
oldf1239,temple,17,TRUE,Old French (842-ca. 1400)
oldn1244,und,17,FALSE,Old Norse
penn1240,sex,17,FALSE,Pennsylvania German
poli1260,dictum,17,TRUE,Polish
poli1260,persona,17,FALSE,Polish
poli1260,pick-up,17,FALSE,Polish
poli1260,sauna,17,TRUE,Polish
poli1260,slalom,17,TRUE,Polish
poli1260,voodoo,17,TRUE,Polish
port1283,cheesecake,17,TRUE,Portuguese
port1283,cites,17,FALSE,Portuguese
port1283,finale,17,TRUE,Portuguese
port1283,handler,17,TRUE,Portuguese
port1283,limousine,17,FALSE,Portuguese
port1283,mores,17,TRUE,Portuguese
port1283,part-time,17,TRUE,Portuguese
port1283,patina,17,FALSE,Portuguese
port1283,proximal,17,TRUE,Portuguese
port1283,ranking,17,TRUE,Portuguese
port1283,staccato,17,TRUE,Portuguese
roma1327,adamant,17,TRUE,Romanian
roma1327,advent,17,TRUE,Romanian
roma1327,attic,17,FALSE,Romanian
roma1327,audio,17,TRUE,Romanian
roma1327,cola,17,TRUE,Romanian
roma1327,copyright,17,TRUE,Romanian
roma1327,dumping,17,TRUE,Romanian
roma1327,eclectic,17,TRUE,Romanian
roma1327,episodic,17,TRUE,Romanian
roma1327,grizzly,17,TRUE,Romanian
roma1327,habitat,17,TRUE,Romanian
roma1327,influx,17,TRUE,Romanian
roma1327,inorganic,17,TRUE,Romanian
roma1327,logo,17,TRUE,Romanian
roma1327,pacifist,17,TRUE,Romanian
roma1327,podium,17,TRUE,Romanian
roma1327,reticent,17,FALSE,Romanian
roma1327,scalpel,17,TRUE,Romanian
roma1327,semen,17,FALSE,Romanian
roma1327,smog,17,TRUE,Romanian
roma1327,totem,17,TRUE,Romanian
roma1327,transcendent,17,TRUE,Romanian
roma1327,vascular,17,TRUE,Romanian
roma1327,versatile,17,FALSE,Romanian
roma1327,vibrant,17,TRUE,Romanian
scot1243,terminology,17,TRUE,Scots
slov1268,baker,17,FALSE,Slovenian
slov1268,glad,17,FALSE,Slovenian
slov1269,formula,17,TRUE,Slovak
slov1269,golf,17,TRUE,Slovak
slov1269,magnet,17,TRUE,Slovak
slov1269,rite,17,FALSE,Slovak
sout1528,robot,17,TRUE,Serbian-Croatian-Bosnian
stan1288,abuses,17,FALSE,Spanish
stan1288,amateurs,17,FALSE,Spanish
stan1288,displays,17,FALSE,Spanish
stan1288,happenings,17,FALSE,Spanish
stan1288,kits,17,FALSE,Spanish
stan1288,mozzarella,17,TRUE,Spanish
stan1288,multidimensional,17,TRUE,Spanish
stan1288,parasites,17,FALSE,Spanish
stan1288,rafting,17,TRUE,Spanish
stan1288,spines,17,FALSE,Spanish
stan1289,golf,17,TRUE,Catalan
stan1289,leg,17,FALSE,Catalan
stan1289,net,17,TRUE,Catalan
stan1289,quarter,17,TRUE,Catalan
stan1289,regular,17,TRUE,Catalan
stan1290,divorces,17,FALSE,French
stan1290,inserts,17,FALSE,French
stan1290,mantra,17,TRUE,French
stan1290,stabilise,17,TRUE,French
stan1290,sweats,17,FALSE,French
swah1253,peninsula,17,FALSE,Swahili
swah1253,veto,17,TRUE,Swahili
swed1254,banks,17,FALSE,Swedish
swed1254,bastion,17,TRUE,Swedish
swed1254,bets,17,FALSE,Swedish
swed1254,blonde,17,FALSE,Swedish
swed1254,curator,17,TRUE,Swedish
swed1254,debut,17,TRUE,Swedish
swed1254,delegation,17,TRUE,Swedish
swed1254,derby,17,TRUE,Swedish
swed1254,eons,17,FALSE,Swedish
swed1254,extremist,17,TRUE,Swedish
swed1254,graces,17,FALSE,Swedish
swed1254,halter,17,FALSE,Swedish
swed1254,hangar,17,TRUE,Swedish
swed1254,historian,17,FALSE,Swedish
swed1254,hurts,17,FALSE,Swedish
swed1254,inflation,17,TRUE,Swedish
swed1254,jogging,17,TRUE,Swedish
swed1254,junta,17,TRUE,Swedish
swed1254,laser,17,TRUE,Swedish
swed1254,linoleum,17,TRUE,Swedish
swed1254,mausoleum,17,TRUE,Swedish
swed1254,mutation,17,TRUE,Swedish
swed1254,pals,17,FALSE,Swedish
swed1254,progressive,17,FALSE,Swedish
swed1254,splits,17,FALSE,Swedish
swed1254,sprinkler,17,TRUE,Swedish
swed1254,storms,17,FALSE,Swedish
swed1254,symbols,17,FALSE,Swedish
swed1254,tanks,17,FALSE,Swedish
swed1254,ultimatum,17,TRUE,Swedish
taga1270,penal,17,TRUE,Tagalog
taga1270,saga,17,FALSE,Tagalog
turk1304,alma,17,FALSE,Turkmen
wels1247,banjo,17,TRUE,Welsh
wels1247,mentor,17,TRUE,Welsh
west2354,eat,17,FALSE,Western Frisian
yuca1254,ox,17,FALSE,Yucatec Maya
basq1248,men,16,FALSE,Basque
bret1244,mat,16,FALSE,Breton
cebu1242,hero,16,FALSE,Cebuano
cebu1242,magnet,16,TRUE,Cebuano
cebu1242,pagan,16,FALSE,Cebuano
cebu1242,retarded,16,TRUE,Cebuano
corn1251,sin,16,FALSE,Cornish
czec1258,adolescence,16,TRUE,Czech
czec1258,crescendo,16,TRUE,Czech
czec1258,fantasy,16,TRUE,Czech
czec1258,nuance,16,TRUE,Czech
czec1258,remake,16,TRUE,Czech
czec1258,revert,16,FALSE,Czech
dani1285,bomber,16,TRUE,Danish
dani1285,cello,16,TRUE,Danish
dani1285,diagonal,16,TRUE,Danish
dani1285,epic,16,FALSE,Danish
dani1285,facade,16,TRUE,Danish
dani1285,federation,16,FALSE,Danish
dani1285,guitar,16,TRUE,Danish
dani1285,hopper,16,FALSE,Danish
dani1285,meditation,16,TRUE,Danish
dani1285,medley,16,TRUE,Danish
dani1285,messing,16,FALSE,Danish
dani1285,offers,16,FALSE,Danish
dani1285,producer,16,TRUE,Danish
dani1285,pyjamas,16,TRUE,Danish
dani1285,stigma,16,TRUE,Danish
dani1285,vaccine,16,TRUE,Danish
dutc1256,astronaut,16,TRUE,Dutch
dutc1256,booster,16,FALSE,Dutch
dutc1256,broccoli,16,TRUE,Dutch
dutc1256,cola,16,TRUE,Dutch
dutc1256,entourage,16,TRUE,Dutch
dutc1256,exploits,16,FALSE,Dutch
dutc1256,havens,16,FALSE,Dutch
dutc1256,mangrove,16,TRUE,Dutch
dutc1256,metro,16,TRUE,Dutch
dutc1256,plasma,16,TRUE,Dutch
dutc1256,referendum,16,TRUE,Dutch
dutc1256,splits,16,FALSE,Dutch
dutc1256,thinner,16,TRUE,Dutch
dutc1256,uranium,16,TRUE,Dutch
esto1258,teen,16,FALSE,Estonian
finn1318,agenda,16,TRUE,Finnish
finn1318,copyright,16,FALSE,Finnish
finn1318,stereo,16,TRUE,Finnish
gali1258,musical,16,TRUE,Galician
hait1244,pen,16,FALSE,Haitian
hung1274,guru,16,TRUE,Hungarian
icel1247,stamp,16,FALSE,Icelandic
icel1247,vista,16,FALSE,Icelandic
indo1316,atrium,16,TRUE,Standard Indonesian
indo1316,dispenser,16,TRUE,Standard Indonesian
indo1316,imperial,16,TRUE,Standard Indonesian
indo1316,pending,16,FALSE,Standard Indonesian
ital1282,boutique,16,TRUE,Italian
ital1282,brunch,16,TRUE,Italian
ital1282,investigative,16,TRUE,Italian
khas1269,sharing,16,FALSE,Khasi
lati1261,exacerbate,16,FALSE,Latin
lati1261,ultimatum,16,FALSE,Latin
latv1249,mist,16,FALSE,Latvian
malt1254,bolt,16,TRUE,Maltese
malt1254,mitt,16,FALSE,Maltese
malt1254,par,16,FALSE,Maltese
manx1243,block,16,TRUE,Manx
manx1243,hawk,16,FALSE,Manx
manx1243,hood,16,FALSE,Manx
mara1404,tom,16,FALSE,Maranao
midd1317,able,16,FALSE,Middle English
midd1317,dream,16,FALSE,Middle English
midd1317,feel,16,FALSE,Middle English
midd1317,fool,16,FALSE,Middle English
midd1317,forest,16,TRUE,Middle English
midd1317,gate,16,FALSE,Middle English
midd1317,ground,16,TRUE,Middle English
midd1317,mad,16,TRUE,Middle English
midd1317,rose,16,TRUE,Middle English
midd1317,salt,16,TRUE,Middle English
midd1317,saw,16,TRUE,Middle English
midd1317,science,16,FALSE,Middle English
midd1317,son,16,FALSE,Middle English
midd1317,twist,16,FALSE,Middle English
nort2671,main,16,FALSE,North Saami
nort2961,wan,16,FALSE,Northwestern Ojibwa
nucl1301,banal,16,TRUE,Turkish
nucl1301,drone,16,TRUE,Turkish
nucl1347,nun,16,FALSE,Wolof
olde1238,tiger,16,TRUE,Old English (ca. 450-1100)
olde1238,wage,16,FALSE,Old English (ca. 450-1100)
oldf1239,carpenter,16,FALSE,Old French (842-ca. 1400)
oldf1239,cat,16,FALSE,Old French (842-ca. 1400)
oldf1239,foil,16,FALSE,Old French (842-ca. 1400)
oldf1239,founder,16,FALSE,Old French (842-ca. 1400)
oldf1239,mission,16,FALSE,Old French (842-ca. 1400)
oldf1239,religion,16,TRUE,Old French (842-ca. 1400)
oldf1239,verdict,16,FALSE,Old French (842-ca. 1400)
oldn1244,folks,16,TRUE,Old Norse
pali1273,dine,16,FALSE,Pali
poli1260,bonanza,16,TRUE,Polish
poli1260,bullying,16,TRUE,Polish
poli1260,consulting,16,FALSE,Polish
poli1260,leasing,16,FALSE,Polish
poli1260,moratorium,16,TRUE,Polish
poli1260,spam,16,TRUE,Polish
poli1260,tabloid,16,TRUE,Polish
port1283,aches,16,FALSE,Portuguese
port1283,bets,16,FALSE,Portuguese
port1283,braille,16,TRUE,Portuguese
port1283,close-up,16,TRUE,Portuguese
port1283,escapes,16,FALSE,Portuguese
port1283,hippie,16,TRUE,Portuguese
port1283,magenta,16,TRUE,Portuguese
port1283,mousse,16,TRUE,Portuguese
port1283,ranges,16,FALSE,Portuguese
port1283,revitalize,16,TRUE,Portuguese
port1283,spins,16,FALSE,Portuguese
port1283,whiskey,16,FALSE,Portuguese
roma1327,beau,16,FALSE,Romanian
roma1327,cadet,16,TRUE,Romanian
roma1327,drummer,16,TRUE,Romanian
roma1327,electromagnetic,16,TRUE,Romanian
roma1327,embargo,16,TRUE,Romanian
roma1327,emblematic,16,TRUE,Romanian
roma1327,heterosexual,16,TRUE,Romanian
roma1327,incubator,16,TRUE,Romanian
roma1327,modernism,16,TRUE,Romanian
roma1327,pedigree,16,TRUE,Romanian
roma1327,preeminent,16,TRUE,Romanian
roma1327,radicalism,16,TRUE,Romanian
roma1327,renal,16,TRUE,Romanian
roma1327,strategist,16,TRUE,Romanian
roma1327,stringent,16,TRUE,Romanian
roma1327,traumatic,16,TRUE,Romanian
roma1327,tweed,16,TRUE,Romanian
scot1243,greets,16,FALSE,Scots
slov1268,soda,16,TRUE,Slovenian
slov1269,idiot,16,TRUE,Slovak
sout1528,amalgam,16,TRUE,Serbian-Croatian-Bosnian
sout1528,gangster,16,TRUE,Serbian-Croatian-Bosnian
sout1528,melodrama,16,TRUE,Serbian-Croatian-Bosnian
stan1288,brokers,16,FALSE,Spanish
stan1288,caches,16,FALSE,Spanish
stan1288,concedes,16,FALSE,Spanish
stan1288,elites,16,FALSE,Spanish
stan1288,pixel,16,TRUE,Spanish
stan1288,retailers,16,FALSE,Spanish
stan1288,robots,16,FALSE,Spanish
stan1289,adjectives,16,FALSE,Catalan
stan1289,centre,16,TRUE,Catalan
stan1289,element,16,TRUE,Catalan
stan1289,original,16,TRUE,Catalan
stan1289,quart,16,FALSE,Catalan
stan1289,regal,16,FALSE,Catalan
stan1289,test,16,TRUE,Catalan
stan1289,variants,16,FALSE,Catalan
stan1290,bachelors,16,FALSE,French
stan1290,jungles,16,FALSE,French
stan1290,parades,16,FALSE,French
stan1290,squats,16,FALSE,French
stan1290,sushi,16,TRUE,French
swat1243,live,16,FALSE,Swati
swed1254,absorption,16,TRUE,Swedish
swed1254,bondage,16,TRUE,Swedish
swed1254,chili,16,TRUE,Swedish
swed1254,desperation,16,TRUE,Swedish
swed1254,disco,16,TRUE,Swedish
swed1254,eds,16,FALSE,Swedish
swed1254,evangelist,16,TRUE,Swedish
swed1254,experiments,16,FALSE,Swedish
swed1254,florist,16,TRUE,Swedish
swed1254,graders,16,FALSE,Swedish
swed1254,ketchup,16,TRUE,Swedish
swed1254,manipulation,16,TRUE,Swedish
swed1254,mats,16,FALSE,Swedish
swed1254,offers,16,FALSE,Swedish
swed1254,organism,16,TRUE,Swedish
swed1254,ovation,16,TRUE,Swedish
swed1254,perversion,16,TRUE,Swedish
swed1254,plywood,16,TRUE,Swedish
swed1254,premier,16,FALSE,Swedish
swed1254,rabies,16,TRUE,Swedish
swed1254,stops,16,FALSE,Swedish
swed1254,strides,16,FALSE,Swedish
swed1254,tundra,16,TRUE,Swedish
taga1270,adobe,16,TRUE,Tagalog
taga1270,kimono,16,TRUE,Tagalog
taus1251,tug,16,FALSE,Tausug
tokp1240,hotel,16,TRUE,Tok Pisin
wara1300,tango,16,FALSE,Waray (Philippines)
wels1247,neon,16,TRUE,Welsh
wels1247,torso,16,TRUE,Welsh
west2354,fine,16,FALSE,Western Frisian
bali1278,med,15,FALSE,Balinese
basq1248,pot,15,FALSE,Basque
cebu1242,foreigner,15,FALSE,Cebuano
cebu1242,napkin,15,TRUE,Cebuano
cebu1242,turban,15,TRUE,Cebuano
chuu1238,tan,15,FALSE,Chuukese
corn1251,goes,15,FALSE,Cornish
czec1258,hamburger,15,TRUE,Czech
czec1258,neutron,15,TRUE,Czech
czec1258,rotor,15,TRUE,Czech
czec1258,vodka,15,TRUE,Czech
dani1285,aspiration,15,TRUE,Danish
dani1285,auditorium,15,TRUE,Danish
dani1285,computer,15,TRUE,Danish
dani1285,deviation,15,FALSE,Danish
dani1285,diminutive,15,TRUE,Danish
dani1285,gene,15,FALSE,Danish
dani1285,humane,15,TRUE,Danish
dani1285,idol,15,TRUE,Danish
dani1285,intern,15,FALSE,Danish
dani1285,kilometer,15,TRUE,Danish
dani1285,loves,15,FALSE,Danish
dani1285,mayonnaise,15,TRUE,Danish
dani1285,musket,15,TRUE,Danish
dani1285,rapport,15,FALSE,Danish
dani1285,recitation,15,TRUE,Danish
dani1285,ruse,15,FALSE,Danish
dani1285,sinus,15,FALSE,Danish
dani1285,spots,15,FALSE,Danish
dani1285,turban,15,TRUE,Danish
dani1285,turbine,15,TRUE,Danish
dani1285,ups,15,FALSE,Danish
dani1285,ventilator,15,TRUE,Danish
dutc1256,beige,15,TRUE,Dutch
dutc1256,bingo,15,TRUE,Dutch
dutc1256,blades,15,FALSE,Dutch
dutc1256,braille,15,TRUE,Dutch
dutc1256,citrus,15,TRUE,Dutch
dutc1256,counters,15,FALSE,Dutch
dutc1256,dollars,15,FALSE,Dutch
dutc1256,dope,15,FALSE,Dutch
dutc1256,euro,15,TRUE,Dutch
dutc1256,imam,15,TRUE,Dutch
dutc1256,immanent,15,TRUE,Dutch
dutc1256,migrant,15,TRUE,Dutch
dutc1256,modes,15,FALSE,Dutch
dutc1256,mysteries,15,FALSE,Dutch
dutc1256,paprika,15,TRUE,Dutch
dutc1256,ravages,15,FALSE,Dutch
dutc1256,recalcitrant,15,TRUE,Dutch
dutc1256,sneaker,15,TRUE,Dutch
dutc1256,trials,15,FALSE,Dutch
dutc1256,vulva,15,TRUE,Dutch
esto1258,abide,15,FALSE,Estonian
esto1258,prints,15,FALSE,Estonian
fiji1243,ate,15,FALSE,Fijian
finn1318,anemia,15,TRUE,Finnish
finn1318,emu,15,TRUE,Finnish
finn1318,hardware,15,FALSE,Finnish
finn1318,pita,15,TRUE,Finnish
finn1318,sherry,15,TRUE,Finnish
gali1258,man,15,FALSE,Galician
hung1274,e-mail,15,TRUE,Hungarian
hung1274,hints,15,FALSE,Hungarian
indo1316,analog,15,TRUE,Standard Indonesian
indo1316,banjo,15,FALSE,Standard Indonesian
indo1316,bazaar,15,FALSE,Standard Indonesian
indo1316,harem,15,TRUE,Standard Indonesian
indo1316,malaise,15,TRUE,Standard Indonesian
ital1282,invasive,15,TRUE,Italian
ital1282,machete,15,TRUE,Italian
ital1282,negate,15,FALSE,Italian
ladi1251,echo,15,FALSE,Ladino
ladi1251,fin,15,FALSE,Ladino
lati1261,resistant,15,FALSE,Latin
lati1261,resolves,15,FALSE,Latin
latv1249,moments,15,FALSE,Latvian
latv1249,risks,15,FALSE,Latvian
latv1249,rod,15,FALSE,Latvian
latv1249,tips,15,FALSE,Latvian
malt1254,port,15,TRUE,Maltese
manx1243,rub,15,TRUE,Manx
midd1317,animal,15,TRUE,Middle English
midd1317,arm,15,TRUE,Middle English
midd1317,bed,15,TRUE,Middle English
midd1317,best,15,FALSE,Middle English
midd1317,chance,15,FALSE,Middle English
midd1317,days,15,FALSE,Middle English
midd1317,dry,15,FALSE,Middle English
midd1317,dwell,15,FALSE,Middle English
midd1317,general,15,TRUE,Middle English
midd1317,hard,15,TRUE,Middle English
midd1317,hold,15,FALSE,Middle English
midd1317,music,15,FALSE,Middle English
midd1317,source,15,FALSE,Middle English
midd1317,table,15,FALSE,Middle English
midd1317,top,15,TRUE,Middle English
midd1317,torment,15,TRUE,Middle English
midd1317,wax,15,TRUE,Middle English
midd1317,white,15,FALSE,Middle English
midd1317,wind,15,FALSE,Middle English
midd1317,wrong,15,TRUE,Middle English
nort2697,min,15,FALSE,North Azerbaijani
olde1238,deg,15,FALSE,Old English (ca. 450-1100)
olde1238,papa,15,FALSE,Old English (ca. 450-1100)
oldf1239,abstinence,15,TRUE,Old French (842-ca. 1400)
oldf1239,ace,15,FALSE,Old French (842-ca. 1400)
oldf1239,color,15,TRUE,Old French (842-ca. 1400)
oldf1239,description,15,TRUE,Old French (842-ca. 1400)
oldf1239,dragon,15,TRUE,Old French (842-ca. 1400)
oldf1239,flame,15,TRUE,Old French (842-ca. 1400)
oldf1239,horror,15,FALSE,Old French (842-ca. 1400)
oldf1239,influence,15,TRUE,Old French (842-ca. 1400)
oldf1239,intelligence,15,FALSE,Old French (842-ca. 1400)
oldf1239,jet,15,FALSE,Old French (842-ca. 1400)
oldf1239,mile,15,FALSE,Old French (842-ca. 1400)
oldf1239,quart,15,FALSE,Old French (842-ca. 1400)
oldf1239,sage,15,FALSE,Old French (842-ca. 1400)
oldn1244,halt,15,FALSE,Old Norse
olds1249,peso,15,FALSE,Old Spanish
olds1249,pies,15,FALSE,Old Spanish
pali1273,matte,15,TRUE,Pali
plau1238,bleed,15,FALSE,Plautdietsch
plau1238,sea,15,FALSE,Plautdietsch
poli1260,chili,15,TRUE,Polish
poli1260,chore,15,FALSE,Polish
poli1260,entourage,15,FALSE,Polish
poli1260,mafia,15,TRUE,Polish
poli1260,spaghetti,15,TRUE,Polish
poli1260,tundra,15,TRUE,Polish
port1283,apartheid,15,TRUE,Portuguese
port1283,blitz,15,FALSE,Portuguese
port1283,cafeteria,15,TRUE,Portuguese
port1283,coccyx,15,FALSE,Portuguese
port1283,cones,15,FALSE,Portuguese
port1283,dives,15,FALSE,Portuguese
port1283,minimal,15,TRUE,Portuguese
port1283,muffin,15,TRUE,Portuguese
port1283,online,15,TRUE,Portuguese
port1283,operas,15,FALSE,Portuguese
port1283,pickup,15,TRUE,Portuguese
port1283,pines,15,FALSE,Portuguese
port1283,spam,15,TRUE,Portuguese
port1283,stripper,15,TRUE,Portuguese
port1283,wok,15,TRUE,Portuguese
roma1327,ambivalent,15,TRUE,Romanian
roma1327,arse,15,FALSE,Romanian
roma1327,bras,15,FALSE,Romanian
roma1327,coherent,15,FALSE,Romanian
roma1327,concede,15,TRUE,Romanian
roma1327,emu,15,TRUE,Romanian
roma1327,flaming,15,FALSE,Romanian
roma1327,insignificant,15,TRUE,Romanian
roma1327,jogging,15,TRUE,Romanian
roma1327,kidnapping,15,TRUE,Romanian
roma1327,limes,15,TRUE,Romanian
roma1327,minimal,15,TRUE,Romanian
roma1327,modernist,15,TRUE,Romanian
roma1327,motorist,15,FALSE,Romanian
roma1327,mucus,15,TRUE,Romanian
roma1327,pertinent,15,TRUE,Romanian
roma1327,pipeline,15,TRUE,Romanian
roma1327,predicament,15,TRUE,Romanian
roma1327,publicist,15,TRUE,Romanian
roma1327,rampant,15,TRUE,Romanian
roma1327,respirator,15,TRUE,Romanian
roma1327,sculptural,15,TRUE,Romanian
roma1327,slalom,15,TRUE,Romanian
roma1327,temperamental,15,TRUE,Romanian
scot1243,admire,15,TRUE,Scots
scot1243,shackles,15,FALSE,Scots
scot1243,souther,15,FALSE,Scots
slov1268,grad,15,TRUE,Slovenian
slov1268,punt,15,FALSE,Slovenian
slov1269,embargo,15,TRUE,Slovak
slov1269,festival,15,TRUE,Slovak
slov1269,mater,15,FALSE,Slovak
sout1528,dies,15,FALSE,Serbian-Croatian-Bosnian
sout1528,pacifist,15,TRUE,Serbian-Croatian-Bosnian
sout1528,pigment,15,TRUE,Serbian-Croatian-Bosnian
sout1528,totem,15,TRUE,Serbian-Croatian-Bosnian
stan1288,router,15,TRUE,Spanish
stan1288,snuffs,15,FALSE,Spanish
stan1288,stresses,15,FALSE,Spanish
stan1288,superstar,15,TRUE,Spanish
stan1288,vouchers,15,FALSE,Spanish
stan1288,waffles,15,FALSE,Spanish
stan1289,bar,15,TRUE,Catalan
stan1289,coca,15,TRUE,Catalan
stan1289,cop,15,FALSE,Catalan
stan1289,gras,15,FALSE,Catalan
stan1289,rap,15,FALSE,Catalan
stan1289,temps,15,FALSE,Catalan
stan1289,tennis,15,TRUE,Catalan
stan1289,vet,15,FALSE,Catalan
stan1290,allergies,15,FALSE,French
stan1290,boomer,15,TRUE,French
stan1290,businessmen,15,FALSE,French
stan1290,identifies,15,FALSE,French
stan1290,migrations,15,FALSE,French
stan1290,tortilla,15,TRUE,French
stan1295,surreal,15,TRUE,German
sume1241,gum,15,FALSE,Sumerian
sume1241,min,15,FALSE,Sumerian
sume1241,mug,15,FALSE,Sumerian
sume1241,pad,15,FALSE,Sumerian
swah1253,anti,15,FALSE,Swahili
swed1254,accelerator,15,FALSE,Swedish
swed1254,adept,15,FALSE,Swedish
swed1254,alligator,15,TRUE,Swedish
swed1254,analog,15,FALSE,Swedish
swed1254,emus,15,FALSE,Swedish
swed1254,ensemble,15,TRUE,Swedish
swed1254,folder,15,FALSE,Swedish
swed1254,gradient,15,TRUE,Swedish
swed1254,hens,15,FALSE,Swedish
swed1254,honor,15,FALSE,Swedish
swed1254,imam,15,TRUE,Swedish
swed1254,intolerant,15,TRUE,Swedish
swed1254,keyboard,15,TRUE,Swedish
swed1254,knots,15,FALSE,Swedish
swed1254,mentor,15,TRUE,Swedish
swed1254,mittens,15,FALSE,Swedish
swed1254,mogul,15,TRUE,Swedish
swed1254,nigger,15,TRUE,Swedish
swed1254,presents,15,FALSE,Swedish
swed1254,reformer,15,FALSE,Swedish
swed1254,swinging,15,TRUE,Swedish
taga1270,alma,15,FALSE,Tagalog
taga1270,bra,15,TRUE,Tagalog
taga1270,tolerable,15,TRUE,Tagalog
uppe1395,row,15,FALSE,Upper Sorbian
vend1245,mare,15,FALSE,Venda
wels1247,baths,15,FALSE,Welsh
yoga1237,pan,15,FALSE,Yogad
yoru1245,akin,15,FALSE,Yoruba
yoru1245,gin,15,FALSE,Yoruba
afri1274,motors,14,FALSE,Afrikaans
arom1237,chin,14,FALSE,Aromanian
ayiw1239,eve,14,FALSE,Äiwoo
bamb1269,ban,14,FALSE,Bambara
bamb1269,base,14,FALSE,Bambara
cahu1264,kill,14,FALSE,Cahuilla
cebu1242,pod,14,FALSE,Cebuano
cebu1242,terminal,14,TRUE,Cebuano
chim1302,pay,14,FALSE,Bolivar-North Chimborazo Highland Quichua
chuu1238,era,14,FALSE,Chuukese
clas1250,mix,14,FALSE,Classical Nahuatl
corn1251,wool,14,FALSE,Cornish
czec1258,metro,14,TRUE,Czech
czec1258,motel,14,TRUE,Czech
dani1285,bowling,14,TRUE,Danish
dani1285,cerebral,14,TRUE,Danish
dani1285,data,14,TRUE,Danish
dani1285,generator,14,TRUE,Danish
dani1285,genre,14,TRUE,Danish
dani1285,polo,14,TRUE,Danish
dani1285,prototype,14,TRUE,Danish
dani1285,rabies,14,TRUE,Danish
dani1285,rapt,14,FALSE,Danish
dani1285,tons,14,FALSE,Danish
dani1285,veranda,14,TRUE,Danish
dani1285,zebra,14,TRUE,Danish
dutc1256,bizarre,14,TRUE,Dutch
dutc1256,extremist,14,TRUE,Dutch
dutc1256,insecticide,14,TRUE,Dutch
dutc1256,magenta,14,TRUE,Dutch
dutc1256,marathon,14,TRUE,Dutch
dutc1256,realist,14,TRUE,Dutch
dutc1256,sensor,14,TRUE,Dutch
dutc1256,strips,14,FALSE,Dutch
dutc1256,titanium,14,TRUE,Dutch
dutc1256,winters,14,FALSE,Dutch
esto1258,hinges,14,FALSE,Estonian
esto1258,vine,14,FALSE,Estonian
finn1318,bees,14,FALSE,Finnish
finn1318,franchise,14,TRUE,Finnish
finn1318,genus,14,TRUE,Finnish
finn1318,hysteria,14,TRUE,Finnish
finn1318,median,14,FALSE,Finnish
finn1318,menu,14,TRUE,Finnish
finn1318,rabbi,14,TRUE,Finnish
finn1318,safari,14,TRUE,Finnish
finn1318,salon,14,FALSE,Finnish
finn1318,trauma,14,TRUE,Finnish
gali1258,area,14,TRUE,Galician
gali1258,can,14,FALSE,Galician
gali1258,note,14,TRUE,Galician
hung1274,jackpot,14,TRUE,Hungarian
iban1264,van,14,TRUE,Iban
icel1247,bless,14,FALSE,Icelandic
icel1247,gas,14,TRUE,Icelandic
icel1247,poll,14,FALSE,Icelandic
indo1316,aura,14,TRUE,Standard Indonesian
indo1316,coy,14,FALSE,Standard Indonesian
indo1316,logo,14,TRUE,Standard Indonesian
indo1316,milieu,14,TRUE,Standard Indonesian
indo1316,viral,14,TRUE,Standard Indonesian
ital1282,appellate,14,FALSE,Italian
ital1282,foie,14,FALSE,Italian
khot1251,bra,14,FALSE,Khotanese
lati1261,rodent,14,FALSE,Latin
lati1261,satisfies,14,FALSE,Latin
latv1249,progress,14,TRUE,Latvian
luxe1241,spill,14,FALSE,Moselle Franconian
malt1254,arrest,14,TRUE,Maltese
malt1254,dam,14,FALSE,Maltese
manx1243,bred,14,FALSE,Manx
mara1404,waged,14,FALSE,Maranao
midd1317,agreement,14,FALSE,Middle English
midd1317,angry,14,TRUE,Middle English
midd1317,bath,14,TRUE,Middle English
midd1317,blame,14,TRUE,Middle English
midd1317,blood,14,TRUE,Middle English
midd1317,clay,14,FALSE,Middle English
midd1317,equal,14,FALSE,Middle English
midd1317,fell,14,FALSE,Middle English
midd1317,garment,14,FALSE,Middle English
midd1317,gold,14,TRUE,Middle English
midd1317,grow,14,FALSE,Middle English
midd1317,heed,14,FALSE,Middle English
midd1317,hell,14,FALSE,Middle English
midd1317,inn,14,FALSE,Middle English
midd1317,main,14,FALSE,Middle English
midd1317,mere,14,FALSE,Middle English
midd1317,night,14,FALSE,Middle English
midd1317,proud,14,FALSE,Middle English
midd1317,purpose,14,FALSE,Middle English
midd1317,queen,14,FALSE,Middle English
midd1317,raise,14,FALSE,Middle English
midd1317,reed,14,FALSE,Middle English
midd1317,rod,14,FALSE,Middle English
midd1317,root,14,FALSE,Middle English
midd1317,said,14,FALSE,Middle English
midd1317,self,14,FALSE,Middle English
midd1317,ship,14,FALSE,Middle English
midd1317,sleep,14,FALSE,Middle English
midd1317,sly,14,TRUE,Middle English
midd1317,soul,14,FALSE,Middle English
midd1317,strange,14,FALSE,Middle English
midd1317,town,14,FALSE,Middle English
midd1317,trust,14,FALSE,Middle English
midd1317,vision,14,FALSE,Middle English
midd1317,youth,14,FALSE,Middle English
nort2697,say,14,FALSE,North Azerbaijani
nort2697,son,14,FALSE,North Azerbaijani
nucl1301,stabilize,14,FALSE,Turkish
nucl1347,fat,14,FALSE,Wolof
nyan1308,tomato,14,TRUE,Nyanja
olde1238,bead,14,FALSE,Old English (ca. 450-1100)
olde1238,bled,14,FALSE,Old English (ca. 450-1100)
olde1238,molten,14,FALSE,Old English (ca. 450-1100)
olde1238,muscle,14,FALSE,Old English (ca. 450-1100)
oldf1239,bastard,14,TRUE,Old French (842-ca. 1400)
oldf1239,bran,14,FALSE,Old French (842-ca. 1400)
oldf1239,cane,14,FALSE,Old French (842-ca. 1400)
oldf1239,cent,14,FALSE,Old French (842-ca. 1400)
oldf1239,chose,14,FALSE,Old French (842-ca. 1400)
oldf1239,creature,14,TRUE,Old French (842-ca. 1400)
oldf1239,ensemble,14,FALSE,Old French (842-ca. 1400)
oldf1239,fable,14,TRUE,Old French (842-ca. 1400)
oldf1239,humour,14,FALSE,Old French (842-ca. 1400)
oldf1239,mast,14,TRUE,Old French (842-ca. 1400)
oldf1239,menu,14,FALSE,Old French (842-ca. 1400)
oldf1239,reins,14,FALSE,Old French (842-ca. 1400)
oldf1239,repentance,14,TRUE,Old French (842-ca. 1400)
oldf1239,resident,14,TRUE,Old French (842-ca. 1400)
oldf1239,sermon,14,TRUE,Old French (842-ca. 1400)
oldf1239,testament,14,FALSE,Old French (842-ca. 1400)
oldf1239,valour,14,FALSE,Old French (842-ca. 1400)
oldf1239,vengeance,14,FALSE,Old French (842-ca. 1400)
oldf1239,vision,14,TRUE,Old French (842-ca. 1400)
oldn1244,grind,14,FALSE,Old Norse
pali1273,dose,14,FALSE,Pali
penn1240,glee,14,FALSE,Pennsylvania German
plat1254,solo,14,FALSE,Plateau Malagasy
poli1260,bikini,14,TRUE,Polish
poli1260,fax,14,TRUE,Polish
poli1260,logo,14,TRUE,Polish
poli1260,remake,14,TRUE,Polish
port1283,cardigan,14,TRUE,Portuguese
port1283,centres,14,FALSE,Portuguese
port1283,consumes,14,FALSE,Portuguese
port1283,fades,14,FALSE,Portuguese
port1283,fines,14,FALSE,Portuguese
port1283,flashback,14,TRUE,Portuguese
port1283,hamburger,14,TRUE,Portuguese
port1283,hormonal,14,TRUE,Portuguese
port1283,silicone,14,TRUE,Portuguese
port1283,township,14,TRUE,Portuguese
port1283,upgrade,14,TRUE,Portuguese
port1283,volleyball,14,FALSE,Portuguese
roma1327,agrarian,14,TRUE,Romanian
roma1327,atheist,14,FALSE,Romanian
roma1327,baptism,14,FALSE,Romanian
roma1327,bucolic,14,TRUE,Romanian
roma1327,cascade,14,FALSE,Romanian
roma1327,demonic,14,TRUE,Romanian
roma1327,fungi,14,TRUE,Romanian
roma1327,incoherent,14,FALSE,Romanian
roma1327,inept,14,TRUE,Romanian
roma1327,menstrual,14,TRUE,Romanian
roma1327,orchestral,14,TRUE,Romanian
roma1327,pancreatic,14,TRUE,Romanian
roma1327,parental,14,TRUE,Romanian
roma1327,populist,14,TRUE,Romanian
roma1327,pragmatism,14,TRUE,Romanian
roma1327,volcanic,14,FALSE,Romanian
roma1327,yoga,14,TRUE,Romanian
slov1268,magnet,14,TRUE,Slovenian
slov1268,metal,14,TRUE,Slovenian
slov1268,tiger,14,TRUE,Slovenian
slov1269,infant,14,FALSE,Slovak
slov1269,pier,14,FALSE,Slovak
slov1269,sex,14,TRUE,Slovak
sout1528,internet,14,TRUE,Serbian-Croatian-Bosnian
stan1288,biker,14,TRUE,Spanish
stan1288,buffers,14,FALSE,Spanish
stan1288,contended,14,FALSE,Spanish
stan1288,hobbies,14,FALSE,Spanish
stan1288,ignores,14,FALSE,Spanish
stan1288,pops,14,FALSE,Spanish
stan1288,subsidies,14,FALSE,Spanish
stan1289,angle,14,TRUE,Catalan
stan1289,animals,14,FALSE,Catalan
stan1289,card,14,FALSE,Catalan
stan1289,cent,14,TRUE,Catalan
stan1289,fit,14,FALSE,Catalan
stan1289,mat,14,TRUE,Catalan
stan1289,mini,14,FALSE,Catalan
stan1289,personal,14,TRUE,Catalan
stan1289,principal,14,TRUE,Catalan
stan1289,tan,14,FALSE,Catalan
stan1289,tap,14,TRUE,Catalan
stan1290,affiliations,14,FALSE,French
stan1290,algal,14,TRUE,French
stan1290,perceptions,14,FALSE,French
stan1290,robots,14,FALSE,French
stan1290,transgressions,14,FALSE,French
stan1306,kindergarten,14,TRUE,Standard Malay
stan1306,nitrogen,14,TRUE,Standard Malay
sume1241,lag,14,FALSE,Sumerian
swed1254,aggressive,14,FALSE,Swedish
swed1254,antagonism,14,TRUE,Swedish
swed1254,bags,14,FALSE,Swedish
swed1254,barbecue,14,TRUE,Swedish
swed1254,bombs,14,FALSE,Swedish
swed1254,cafeteria,14,TRUE,Swedish
swed1254,dispenser,14,FALSE,Swedish
swed1254,divergent,14,TRUE,Swedish
swed1254,euro,14,TRUE,Swedish
swed1254,experts,14,FALSE,Swedish
swed1254,exports,14,FALSE,Swedish
swed1254,folklore,14,TRUE,Swedish
swed1254,generations,14,FALSE,Swedish
swed1254,innovation,14,TRUE,Swedish
swed1254,leasing,14,TRUE,Swedish
swed1254,magnesium,14,TRUE,Swedish
swed1254,masters,14,FALSE,Swedish
swed1254,materialism,14,TRUE,Swedish
swed1254,ministers,14,FALSE,Swedish
swed1254,passages,14,FALSE,Swedish
swed1254,planks,14,FALSE,Swedish
swed1254,realism,14,TRUE,Swedish
swed1254,sabotage,14,TRUE,Swedish
swed1254,server,14,TRUE,Swedish
swed1254,starts,14,FALSE,Swedish
swed1254,subversive,14,FALSE,Swedish
swed1254,vagina,14,TRUE,Swedish
taga1270,karate,14,TRUE,Tagalog
taga1270,password,14,FALSE,Tagalog
taga1270,seminar,14,TRUE,Tagalog
taga1270,ser,14,FALSE,Tagalog
uppe1395,had,14,FALSE,Upper Sorbian
viet1252,coca,14,TRUE,Vietnamese
west2354,leaf,14,TRUE,Western Frisian
west2354,ride,14,TRUE,Western Frisian
afri1274,vagina,13,TRUE,Afrikaans
area1240,para,13,FALSE,'Are'are
arom1237,rob,13,FALSE,Aromanian
cebu1242,abnormal,13,TRUE,Cebuano
cebu1242,timing,13,FALSE,Cebuano
cebu1242,western,13,FALSE,Cebuano
chim1302,may,13,FALSE,Bolivar-North Chimborazo Highland Quichua
corn1251,air,13,TRUE,Cornish
corn1251,worm,13,FALSE,Cornish
czec1258,radon,13,TRUE,Czech
dani1285,alligator,13,TRUE,Danish
dani1285,avenue,13,TRUE,Danish
dani1285,bio,13,FALSE,Danish
dani1285,bland,13,FALSE,Danish
dani1285,diagnose,13,FALSE,Danish
dani1285,grove,13,FALSE,Danish
dani1285,horde,13,TRUE,Danish
dani1285,inflation,13,TRUE,Danish
dani1285,intuition,13,TRUE,Danish
dani1285,jazz,13,TRUE,Danish
dani1285,mannequin,13,TRUE,Danish
dani1285,marker,13,FALSE,Danish
dani1285,pens,13,FALSE,Danish
dani1285,pigs,13,FALSE,Danish
dani1285,prank,13,FALSE,Danish
dani1285,semester,13,TRUE,Danish
dani1285,studies,13,FALSE,Danish
dani1285,tango,13,TRUE,Danish
dani1285,ultimatum,13,TRUE,Danish
dani1285,vagina,13,TRUE,Danish
dutc1256,banners,13,FALSE,Dutch
dutc1256,excuses,13,FALSE,Dutch
dutc1256,habitat,13,TRUE,Dutch
dutc1256,illustrator,13,TRUE,Dutch
dutc1256,limousine,13,TRUE,Dutch
dutc1256,milder,13,FALSE,Dutch
dutc1256,monoxide,13,TRUE,Dutch
dutc1256,motel,13,TRUE,Dutch
dutc1256,patina,13,TRUE,Dutch
dutc1256,persona,13,TRUE,Dutch
dutc1256,phases,13,FALSE,Dutch
dutc1256,pick-up,13,FALSE,Dutch
dutc1256,rapper,13,TRUE,Dutch
dutc1256,shutters,13,FALSE,Dutch
dutc1256,taps,13,FALSE,Dutch
dutc1256,trucker,13,TRUE,Dutch
esto1258,kiosk,13,TRUE,Estonian
esto1258,kits,13,FALSE,Estonian
esto1258,seller,13,FALSE,Estonian
finn1318,banjo,13,TRUE,Finnish
finn1318,blues,13,TRUE,Finnish
finn1318,bouquet,13,TRUE,Finnish
finn1318,crescendo,13,TRUE,Finnish
finn1318,genre,13,TRUE,Finnish
finn1318,immersion,13,TRUE,Finnish
finn1318,intervention,13,FALSE,Finnish
finn1318,kimono,13,TRUE,Finnish
finn1318,marina,13,TRUE,Finnish
finn1318,metro,13,TRUE,Finnish
finn1318,remission,13,TRUE,Finnish
finn1318,sees,13,FALSE,Finnish
futu1245,fine,13,FALSE,Futuna-Aniwa
gali1258,real,13,TRUE,Galician
hait1244,long,13,TRUE,Haitian
haus1257,sage,13,FALSE,Hausa
hmon1333,hub,13,FALSE,Hmong Daw
hung1274,agility,13,TRUE,Hungarian
icel1247,spark,13,FALSE,Icelandic
indo1316,advisor,13,TRUE,Standard Indonesian
indo1316,alumni,13,FALSE,Standard Indonesian
indo1316,karma,13,TRUE,Standard Indonesian
indo1316,plaza,13,TRUE,Standard Indonesian
indo1316,posting,13,TRUE,Standard Indonesian
iris1253,atlas,13,TRUE,Irish
ital1282,fontanelle,13,TRUE,Italian
ital1282,know-how,13,TRUE,Italian
ital1282,lacrosse,13,TRUE,Italian
ital1282,normative,13,TRUE,Italian
ital1282,salmonella,13,TRUE,Italian
ital1282,taco,13,TRUE,Italian
ital1282,testosterone,13,TRUE,Italian
lati1261,analyse,13,FALSE,Latin
lati1261,commando,13,FALSE,Latin
lati1261,deterrent,13,FALSE,Latin
lati1261,donate,13,FALSE,Latin
lati1261,module,13,TRUE,Latin
lati1261,protege,13,FALSE,Latin
lati1261,pulses,13,FALSE,Latin
lati1261,reticent,13,FALSE,Latin
latv1249,malt,13,FALSE,Latvian
latv1249,skate,13,FALSE,Latvian
loui1240,wit,13,FALSE,Louisiana Creole French
malt1254,gods,13,FALSE,Maltese
malt1254,sing,13,FALSE,Maltese
malt1254,star,13,FALSE,Maltese
manx1243,bloom,13,TRUE,Manx
manx1243,brick,13,FALSE,Manx
midd1317,act,13,FALSE,Middle English
midd1317,anger,13,FALSE,Middle English
midd1317,bar,13,FALSE,Middle English
midd1317,beast,13,FALSE,Middle English
midd1317,chest,13,FALSE,Middle English
midd1317,creature,13,TRUE,Middle English
midd1317,different,13,FALSE,Middle English
midd1317,duke,13,FALSE,Middle English
midd1317,easy,13,FALSE,Middle English
midd1317,fat,13,FALSE,Middle English
midd1317,frighten,13,TRUE,Middle English
midd1317,fruit,13,FALSE,Middle English
midd1317,green,13,FALSE,Middle English
midd1317,hire,13,FALSE,Middle English
midd1317,hurt,13,FALSE,Middle English
midd1317,instrument,13,TRUE,Middle English
midd1317,material,13,TRUE,Middle English
midd1317,pan,13,FALSE,Middle English
midd1317,rich,13,FALSE,Middle English
midd1317,seen,13,FALSE,Middle English
midd1317,sense,13,FALSE,Middle English
midd1317,skin,13,FALSE,Middle English
midd1317,tree,13,FALSE,Middle English
midd1317,wall,13,FALSE,Middle English
midd1317,win,13,FALSE,Middle English
nort2961,min,13,FALSE,Northwestern Ojibwa
nucl1301,ego,13,TRUE,Turkish
nucl1301,muck,13,FALSE,Turkish
olde1238,pal,13,FALSE,Old English (ca. 450-1100)
olde1238,rift,13,FALSE,Old English (ca. 450-1100)
olde1238,slim,13,FALSE,Old English (ca. 450-1100)
oldf1239,aide,13,FALSE,Old French (842-ca. 1400)
oldf1239,alien,13,TRUE,Old French (842-ca. 1400)
oldf1239,bout,13,FALSE,Old French (842-ca. 1400)
oldf1239,chant,13,FALSE,Old French (842-ca. 1400)
oldf1239,college,13,FALSE,Old French (842-ca. 1400)
oldf1239,covert,13,FALSE,Old French (842-ca. 1400)
oldf1239,item,13,FALSE,Old French (842-ca. 1400)
oldf1239,nape,13,FALSE,Old French (842-ca. 1400)
oldf1239,province,13,TRUE,Old French (842-ca. 1400)
oldf1239,remembrance,13,FALSE,Old French (842-ca. 1400)
oldf1239,visible,13,TRUE,Old French (842-ca. 1400)
oldn1244,mold,13,FALSE,Old Norse
olds1249,man,13,FALSE,Old Spanish
pali1273,ore,13,FALSE,Pali
pali1273,pace,13,FALSE,Pali
poli1260,comeback,13,TRUE,Polish
poli1260,credo,13,TRUE,Polish
poli1260,genie,13,FALSE,Polish
poli1260,mores,13,FALSE,Polish
poli1260,pizza,13,TRUE,Polish
poli1260,respondent,13,TRUE,Polish
port1283,backup,13,TRUE,Portuguese
port1283,boutique,13,TRUE,Portuguese
port1283,chores,13,FALSE,Portuguese
port1283,conceptual,13,TRUE,Portuguese
port1283,derives,13,FALSE,Portuguese
port1283,developer,13,TRUE,Portuguese
port1283,distal,13,TRUE,Portuguese
port1283,dramas,13,FALSE,Portuguese
port1283,formulas,13,FALSE,Portuguese
port1283,hacker,13,TRUE,Portuguese
port1283,resides,13,FALSE,Portuguese
port1283,swells,13,FALSE,Portuguese
port1283,torque,13,TRUE,Portuguese
port1283,tributes,13,FALSE,Portuguese
port1283,tundra,13,TRUE,Portuguese
roma1327,adore,13,TRUE,Romanian
roma1327,bisexual,13,TRUE,Romanian
roma1327,bypass,13,TRUE,Romanian
roma1327,chic,13,FALSE,Romanian
roma1327,coroner,13,TRUE,Romanian
roma1327,dualism,13,TRUE,Romanian
roma1327,federalism,13,TRUE,Romanian
roma1327,graffiti,13,TRUE,Romanian
roma1327,holocaust,13,TRUE,Romanian
roma1327,indigent,13,FALSE,Romanian
roma1327,itinerant,13,TRUE,Romanian
roma1327,linguistic,13,FALSE,Romanian
roma1327,liqueur,13,FALSE,Romanian
roma1327,paranoia,13,TRUE,Romanian
roma1327,pendant,13,FALSE,Romanian
roma1327,potent,13,TRUE,Romanian
roma1327,prenatal,13,TRUE,Romanian
roma1327,safari,13,TRUE,Romanian
roma1327,server,13,TRUE,Romanian
roma1327,tester,13,TRUE,Romanian
roma1327,tonal,13,TRUE,Romanian
roma1327,vampire,13,FALSE,Romanian
roma1327,viral,13,TRUE,Romanian
roma1327,zoom,13,TRUE,Romanian
scot1243,tires,13,FALSE,Scots
slov1268,pianist,13,TRUE,Slovenian
slov1268,planet,13,TRUE,Slovenian
slov1268,zebra,13,TRUE,Slovenian
slov1269,cholera,13,TRUE,Slovak
slov1269,menu,13,TRUE,Slovak
slov1269,segment,13,TRUE,Slovak
sout1528,metro,13,TRUE,Serbian-Croatian-Bosnian
sout1528,tango,13,TRUE,Serbian-Croatian-Bosnian
stan1288,contours,13,FALSE,Spanish
stan1288,expended,13,FALSE,Spanish
stan1288,presides,13,FALSE,Spanish
stan1288,sponsors,13,FALSE,Spanish
stan1289,cup,13,FALSE,Catalan
stan1289,disc,13,TRUE,Catalan
stan1289,editor,13,TRUE,Catalan
stan1289,fall,13,FALSE,Catalan
stan1289,fragment,13,TRUE,Catalan
stan1289,lent,13,FALSE,Catalan
stan1289,put,13,FALSE,Catalan
stan1289,sent,13,FALSE,Catalan
stan1289,tort,13,TRUE,Catalan
stan1289,variant,13,TRUE,Catalan
stan1290,destinations,13,FALSE,French
stan1306,mantra,13,TRUE,Standard Malay
swah1253,polio,13,FALSE,Swahili
swed1254,apartheid,13,TRUE,Swedish
swed1254,asbestos,13,FALSE,Swedish
swed1254,astronomer,13,FALSE,Swedish
swed1254,bomber,13,FALSE,Swedish
swed1254,bridges,13,FALSE,Swedish
swed1254,bunker,13,TRUE,Swedish
swed1254,charms,13,FALSE,Swedish
swed1254,diva,13,TRUE,Swedish
swed1254,e-mail,13,TRUE,Swedish
swed1254,fascist,13,TRUE,Swedish
swed1254,heroin,13,TRUE,Swedish
swed1254,internet,13,TRUE,Swedish
swed1254,lids,13,FALSE,Swedish
swed1254,logo,13,TRUE,Swedish
swed1254,loves,13,FALSE,Swedish
swed1254,mousse,13,TRUE,Swedish
swed1254,myriad,13,TRUE,Swedish
swed1254,obligations,13,FALSE,Swedish
swed1254,optimist,13,TRUE,Swedish
swed1254,orgasm,13,TRUE,Swedish
swed1254,panorama,13,TRUE,Swedish
swed1254,radiator,13,TRUE,Swedish
swed1254,reds,13,FALSE,Swedish
swed1254,regimen,13,FALSE,Swedish
swed1254,rests,13,FALSE,Swedish
swed1254,scanner,13,TRUE,Swedish
swed1254,sec,13,FALSE,Swedish
swed1254,thinner,13,TRUE,Swedish
taga1270,okra,13,TRUE,Tagalog
tahi1242,mare,13,FALSE,Tahitian
turk1304,metal,13,TRUE,Turkmen
west2354,help,13,TRUE,Western Frisian
west2354,need,13,TRUE,Western Frisian
west2354,tear,13,FALSE,Western Frisian
arom1237,pat,12,FALSE,Aromanian
bamb1269,fan,12,FALSE,Bambara
bret1244,hen,12,FALSE,Breton
cebu1242,hanger,12,TRUE,Cebuano
cebu1242,pastor,12,TRUE,Cebuano
cebu1242,salsa,12,TRUE,Cebuano
cebu1242,tad,12,FALSE,Cebuano
clas1250,ton,12,FALSE,Classical Nahuatl
czec1258,diesel,12,TRUE,Czech
czec1258,karate,12,TRUE,Czech
czec1258,notebook,12,TRUE,Czech
czec1258,prevalence,12,TRUE,Czech
czec1258,spas,12,FALSE,Czech
czec1258,sternum,12,TRUE,Czech
dani1285,banks,12,FALSE,Danish
dani1285,citation,12,TRUE,Danish
dani1285,degeneration,12,TRUE,Danish
dani1285,deposition,12,FALSE,Danish
dani1285,donation,12,FALSE,Danish
dani1285,forms,12,FALSE,Danish
dani1285,hangar,12,TRUE,Danish
dani1285,immigration,12,TRUE,Danish
dani1285,links,12,FALSE,Danish
dani1285,monumental,12,TRUE,Danish
dani1285,neon,12,TRUE,Danish
dani1285,pate,12,FALSE,Danish
dani1285,referendum,12,TRUE,Danish
dani1285,resume,12,FALSE,Danish
dani1285,robot,12,TRUE,Danish
dani1285,rocker,12,FALSE,Danish
dani1285,salts,12,FALSE,Danish
dani1285,sublime,12,TRUE,Danish
dani1285,violinist,12,TRUE,Danish
dani1285,virulent,12,FALSE,Danish
dehu1237,ate,12,FALSE,Dehu
dutc1256,catwalk,12,TRUE,Dutch
dutc1256,essayist,12,TRUE,Dutch
dutc1256,fans,12,FALSE,Dutch
dutc1256,genocide,12,TRUE,Dutch
dutc1256,karate,12,TRUE,Dutch
dutc1256,leggings,12,FALSE,Dutch
dutc1256,marines,12,TRUE,Dutch
dutc1256,nationalist,12,TRUE,Dutch
dutc1256,sleets,12,FALSE,Dutch
dutc1256,sonar,12,TRUE,Dutch
dutc1256,studs,12,FALSE,Dutch
dutc1256,trips,12,FALSE,Dutch
dutc1256,trucks,12,FALSE,Dutch
esto1258,gangster,12,TRUE,Estonian
esto1258,pang,12,FALSE,Estonian
esto1258,saga,12,FALSE,Estonian
esto1258,seminar,12,TRUE,Estonian
esto1258,supermarket,12,TRUE,Estonian
esto1258,toad,12,FALSE,Estonian
finn1318,algebra,12,TRUE,Finnish
finn1318,helium,12,TRUE,Finnish
finn1318,nebula,12,FALSE,Finnish
finn1318,okra,12,TRUE,Finnish
finn1318,para,12,TRUE,Finnish
finn1318,priori,12,FALSE,Finnish
finn1318,shampoo,12,TRUE,Finnish
finn1318,teak,12,TRUE,Finnish
finn1318,tweed,12,TRUE,Finnish
gali1258,move,12,TRUE,Galician
hait1244,lay,12,FALSE,Haitian
haus1257,mama,12,FALSE,Hausa
haus1257,mesa,12,FALSE,Hausa
hung1274,app,12,TRUE,Hungarian
hung1274,karma,12,TRUE,Hungarian
hung1274,nonstop,12,TRUE,Hungarian
hung1274,spam,12,TRUE,Hungarian
hung1274,taxis,12,TRUE,Hungarian
hung1274,tested,12,FALSE,Hungarian
icel1247,feta,12,FALSE,Icelandic
icel1247,tap,12,FALSE,Icelandic
indo1316,tutorial,12,TRUE,Standard Indonesian
iris1253,adamant,12,FALSE,Irish
ital1282,briefing,12,TRUE,Italian
ital1282,floriculture,12,TRUE,Italian
ital1282,understatement,12,TRUE,Italian
ladi1251,din,12,FALSE,Ladino
ladi1251,pile,12,FALSE,Ladino
lati1261,calcium,12,TRUE,Latin
lati1261,connector,12,FALSE,Latin
lati1261,insistent,12,FALSE,Latin
lati1261,insulate,12,FALSE,Latin
lati1261,magnate,12,FALSE,Latin
lati1261,mucosa,12,TRUE,Latin
lati1261,quantitative,12,FALSE,Latin
lati1261,resumes,12,FALSE,Latin
lati1261,vernix,12,FALSE,Latin
latv1249,motors,12,FALSE,Latvian
latv1249,pilot,12,FALSE,Latvian
latv1249,starts,12,FALSE,Latvian
malt1254,self,12,FALSE,Maltese
manx1243,gun,12,FALSE,Manx
manx1243,jerk,12,FALSE,Manx
manx1243,punt,12,FALSE,Manx
midd1317,bread,12,FALSE,Middle English
midd1317,children,12,FALSE,Middle English
midd1317,clothing,12,TRUE,Middle English
midd1317,fest,12,FALSE,Middle English
midd1317,fish,12,FALSE,Middle English
midd1317,foul,12,FALSE,Middle English
midd1317,hood,12,FALSE,Middle English
midd1317,keep,12,FALSE,Middle English
midd1317,lead,12,FALSE,Middle English
midd1317,river,12,FALSE,Middle English
midd1317,seller,12,FALSE,Middle English
midd1317,service,12,FALSE,Middle English
midd1317,taste,12,FALSE,Middle English
midd1317,tear,12,FALSE,Middle English
midd1317,worn,12,FALSE,Middle English
moki1238,pen,12,FALSE,Mokilese
moki1238,war,12,FALSE,Mokilese
nucl1301,deadlock,12,TRUE,Turkish
nucl1301,filler,12,FALSE,Turkish
nucl1301,ruble,12,TRUE,Turkish
oldf1239,barge,12,FALSE,Old French (842-ca. 1400)
oldf1239,bracelet,12,TRUE,Old French (842-ca. 1400)
oldf1239,champ,12,FALSE,Old French (842-ca. 1400)
oldf1239,chat,12,FALSE,Old French (842-ca. 1400)
oldf1239,delicious,12,TRUE,Old French (842-ca. 1400)
oldf1239,foie,12,FALSE,Old French (842-ca. 1400)
oldf1239,hospital,12,TRUE,Old French (842-ca. 1400)
oldf1239,lard,12,TRUE,Old French (842-ca. 1400)
oldf1239,lesser,12,FALSE,Old French (842-ca. 1400)
oldf1239,miracle,12,TRUE,Old French (842-ca. 1400)
oldf1239,novel,12,FALSE,Old French (842-ca. 1400)
oldf1239,obedience,12,TRUE,Old French (842-ca. 1400)
oldf1239,page,12,TRUE,Old French (842-ca. 1400)
oldf1239,premier,12,FALSE,Old French (842-ca. 1400)
oldf1239,profession,12,TRUE,Old French (842-ca. 1400)
oldf1239,real,12,FALSE,Old French (842-ca. 1400)
oldf1239,serpent,12,FALSE,Old French (842-ca. 1400)
oldf1239,wit,12,FALSE,Old French (842-ca. 1400)
oldn1244,gram,12,FALSE,Old Norse
pali1273,accent,12,FALSE,Pali
papi1253,pan,12,FALSE,Papiamento
penn1240,bang,12,FALSE,Pennsylvania German
poli1260,feta,12,TRUE,Polish
poli1260,marina,12,TRUE,Polish
poli1260,muffin,12,TRUE,Polish
poli1260,rodeo,12,TRUE,Polish
poli1260,trauma,12,TRUE,Polish
port1283,antiques,12,FALSE,Portuguese
port1283,bipolar,12,TRUE,Portuguese
port1283,bullying,12,TRUE,Portuguese
port1283,confesses,12,FALSE,Portuguese
port1283,curves,12,FALSE,Portuguese
port1283,defines,12,FALSE,Portuguese
port1283,enclave,12,TRUE,Portuguese
port1283,ensemble,12,TRUE,Portuguese
port1283,kosher,12,TRUE,Portuguese
port1283,latitudes,12,FALSE,Portuguese
port1283,logos,12,FALSE,Portuguese
port1283,parasites,12,FALSE,Portuguese
port1283,placebo,12,TRUE,Portuguese
port1283,presses,12,FALSE,Portuguese
port1283,slides,12,FALSE,Portuguese
port1283,thumbnail,12,TRUE,Portuguese
port1283,vets,12,FALSE,Portuguese
roma1327,audit,12,TRUE,Romanian
roma1327,charismatic,12,TRUE,Romanian
roma1327,clitoris,12,TRUE,Romanian
roma1327,congruent,12,TRUE,Romanian
roma1327,credo,12,TRUE,Romanian
roma1327,discrete,12,TRUE,Romanian
roma1327,feminism,12,TRUE,Romanian
roma1327,hectic,12,TRUE,Romanian
roma1327,icon,12,TRUE,Romanian
roma1327,jihad,12,TRUE,Romanian
roma1327,karate,12,TRUE,Romanian
roma1327,ketchup,12,TRUE,Romanian
roma1327,moderator,12,TRUE,Romanian
roma1327,orbital,12,TRUE,Romanian
roma1327,patio,12,TRUE,Romanian
roma1327,placebo,12,TRUE,Romanian
roma1327,procedural,12,TRUE,Romanian
roma1327,punk,12,TRUE,Romanian
roma1327,rebate,12,FALSE,Romanian
roma1327,sacramental,12,TRUE,Romanian
roma1327,spatula,12,FALSE,Romanian
scot1243,abs,12,FALSE,Scots
slov1269,barometer,12,TRUE,Slovak
slov1269,panic,12,FALSE,Slovak
sout1528,biceps,12,TRUE,Serbian-Croatian-Bosnian
sout1528,fetus,12,TRUE,Serbian-Croatian-Bosnian
sout1528,marketing,12,TRUE,Serbian-Croatian-Bosnian
sout1528,menses,12,FALSE,Serbian-Croatian-Bosnian
stan1288,bytes,12,FALSE,Spanish
stan1288,deliveries,12,FALSE,Spanish
stan1288,deluxe,12,FALSE,Spanish
stan1288,gays,12,FALSE,Spanish
stan1288,irises,12,FALSE,Spanish
stan1288,realities,12,FALSE,Spanish
stan1288,resorts,12,FALSE,Spanish
stan1288,risotto,12,TRUE,Spanish
stan1288,souvenirs,12,FALSE,Spanish
stan1289,article,12,TRUE,Catalan
stan1289,bull,12,FALSE,Catalan
stan1289,canal,12,TRUE,Catalan
stan1289,dorm,12,FALSE,Catalan
stan1289,fan,12,FALSE,Catalan
stan1289,full,12,FALSE,Catalan
stan1289,gel,12,TRUE,Catalan
stan1289,material,12,TRUE,Catalan
stan1289,metal,12,TRUE,Catalan
stan1289,puny,12,FALSE,Catalan
stan1289,sec,12,FALSE,Catalan
stan1289,superior,12,TRUE,Catalan
stan1289,zebra,12,TRUE,Catalan
stan1290,captures,12,FALSE,French
stan1290,distributions,12,FALSE,French
stan1290,formats,12,FALSE,French
stan1290,galaxies,12,FALSE,French
stan1290,mandates,12,FALSE,French
stan1290,mayoral,12,FALSE,French
stan1290,smashes,12,FALSE,French
stan1290,staffer,12,FALSE,French
stan1295,additives,12,FALSE,German
sume1241,bun,12,FALSE,Sumerian
swah1253,anemia,12,TRUE,Swahili
swat1243,bona,12,FALSE,Swati
swed1254,abdominal,12,TRUE,Swedish
swed1254,areas,12,FALSE,Swedish
swed1254,beds,12,FALSE,Swedish
swed1254,blocks,12,FALSE,Swedish
swed1254,buds,12,FALSE,Swedish
swed1254,cello,12,TRUE,Swedish
swed1254,crescendo,12,TRUE,Swedish
swed1254,dams,12,FALSE,Swedish
swed1254,deflation,12,TRUE,Swedish
swed1254,digital,12,TRUE,Swedish
swed1254,gelatin,12,TRUE,Swedish
swed1254,jeans,12,TRUE,Swedish
swed1254,kids,12,TRUE,Swedish
swed1254,liberalism,12,TRUE,Swedish
swed1254,minerals,12,FALSE,Swedish
swed1254,nylon,12,TRUE,Swedish
swed1254,paprika,12,TRUE,Swedish
swed1254,partners,12,FALSE,Swedish
swed1254,penicillin,12,TRUE,Swedish
swed1254,podium,12,TRUE,Swedish
swed1254,ports,12,FALSE,Swedish
swed1254,proportions,12,FALSE,Swedish
swed1254,proton,12,TRUE,Swedish
swed1254,puck,12,TRUE,Swedish
swed1254,segregation,12,TRUE,Swedish
swed1254,terrorism,12,TRUE,Swedish
swed1254,visions,12,FALSE,Swedish
swed1254,woke,12,TRUE,Swedish
swed1254,yoghurt,12,TRUE,Swedish
taga1270,salvage,12,FALSE,Tagalog
tetu1245,bee,12,FALSE,Tetum
toke1240,tone,12,FALSE,Tokelau
tokp1240,ing,12,FALSE,Tok Pisin
tokp1240,par,12,FALSE,Tok Pisin
tokp1240,profit,12,TRUE,Tok Pisin
tokp1240,saut,12,FALSE,Tok Pisin
tzot1259,ants,12,FALSE,Tzotzil
vure1239,sum,12,FALSE,Vurës
west2354,folk,12,TRUE,Western Frisian
west2354,glide,12,TRUE,Western Frisian
west2354,neat,12,FALSE,Western Frisian
yaka1277,gamut,12,FALSE,Yakan
yape1248,pin,12,FALSE,Yapese
arom1237,sec,11,FALSE,Aromanian
arom1237,spun,11,FALSE,Aromanian
arom1237,sum,11,FALSE,Aromanian
bali1278,tales,11,FALSE,Balinese
bisl1239,bras,11,FALSE,Bislama
bret1244,bed,11,FALSE,Breton
bret1244,den,11,FALSE,Breton
bret1244,mad,11,FALSE,Breton
cebu1242,aroma,11,FALSE,Cebuano
cebu1242,managing,11,FALSE,Cebuano
chim1302,papa,11,FALSE,Bolivar-North Chimborazo Highland Quichua
chuu1238,sus,11,FALSE,Chuukese
corn1251,fore,11,FALSE,Cornish
czec1258,detergent,11,TRUE,Czech
czec1258,hippie,11,TRUE,Czech
czec1258,stereo,11,TRUE,Czech
czec1258,wok,11,TRUE,Czech
dani1285,auditor,11,FALSE,Danish
dani1285,blues,11,TRUE,Danish
dani1285,bouquet,11,TRUE,Danish
dani1285,detergent,11,TRUE,Danish
dani1285,diplomat,11,TRUE,Danish
dani1285,feminist,11,TRUE,Danish
dani1285,irritable,11,FALSE,Danish
dani1285,jungle,11,TRUE,Danish
dani1285,mediation,11,TRUE,Danish
dani1285,mediator,11,TRUE,Danish
dani1285,mines,11,FALSE,Danish
dani1285,mink,11,TRUE,Danish
dani1285,optimist,11,TRUE,Danish
dani1285,plateau,11,TRUE,Danish
dani1285,polka,11,TRUE,Danish
dani1285,prostitution,11,TRUE,Danish
dani1285,protein,11,TRUE,Danish
dani1285,rendezvous,11,TRUE,Danish
dani1285,respirator,11,TRUE,Danish
dani1285,risen,11,FALSE,Danish
dani1285,talents,11,FALSE,Danish
dani1285,tester,11,TRUE,Danish
dani1285,torso,11,TRUE,Danish
dani1285,variable,11,TRUE,Danish
dani1285,variant,11,TRUE,Danish
dani1285,yoga,11,TRUE,Danish
dani1285,zones,11,FALSE,Danish
dutc1256,apartheid,11,TRUE,Dutch
dutc1256,baskets,11,FALSE,Dutch
dutc1256,containers,11,FALSE,Dutch
dutc1256,coyote,11,TRUE,Dutch
dutc1256,dates,11,FALSE,Dutch
dutc1256,dioxide,11,TRUE,Dutch
dutc1256,enclave,11,TRUE,Dutch
dutc1256,frames,11,FALSE,Dutch
dutc1256,fucking,11,TRUE,Dutch
dutc1256,ghetto,11,FALSE,Dutch
dutc1256,hippie,11,TRUE,Dutch
dutc1256,jeans,11,TRUE,Dutch
dutc1256,lingerie,11,TRUE,Dutch
dutc1256,octopus,11,TRUE,Dutch
dutc1256,passages,11,FALSE,Dutch
dutc1256,shirts,11,FALSE,Dutch
dutc1256,surprises,11,FALSE,Dutch
dutc1256,transcendent,11,FALSE,Dutch
dutc1256,trauma,11,TRUE,Dutch
dutc1256,watts,11,FALSE,Dutch
dutc1256,wok,11,TRUE,Dutch
dutc1256,yoga,11,TRUE,Dutch
esto1258,broom,11,FALSE,Estonian
esto1258,referendum,11,TRUE,Estonian
finn1318,diesel,11,TRUE,Finnish
finn1318,duo,11,TRUE,Finnish
finn1318,emission,11,TRUE,Finnish
finn1318,jargon,11,TRUE,Finnish
finn1318,magnesium,11,TRUE,Finnish
finn1318,nylon,11,FALSE,Finnish
finn1318,pasta,11,TRUE,Finnish
finn1318,perversion,11,TRUE,Finnish
finn1318,tango,11,TRUE,Finnish
gali1258,idea,11,TRUE,Galician
gali1258,tear,11,FALSE,Galician
garo1247,dam,11,FALSE,Garo
hait1244,ban,11,FALSE,Haitian
hait1244,tire,11,FALSE,Haitian
haus1257,farce,11,FALSE,Hausa
hung1274,online,11,TRUE,Hungarian
hung1274,vodka,11,TRUE,Hungarian
icel1247,disk,11,TRUE,Icelandic
ilok1237,bales,11,FALSE,Iloko
indo1316,amalgam,11,TRUE,Standard Indonesian
indo1316,delirium,11,TRUE,Standard Indonesian
indo1316,internet,11,TRUE,Standard Indonesian
iris1253,dollar,11,TRUE,Irish
iris1253,neon,11,TRUE,Irish
ital1282,alfalfa,11,TRUE,Italian
ital1282,avatar,11,TRUE,Italian
ital1282,bestseller,11,TRUE,Italian
ital1282,biker,11,TRUE,Italian
ital1282,downtown,11,TRUE,Italian
ital1282,innovative,11,FALSE,Italian
ital1282,playback,11,FALSE,Italian
kiny1244,papa,11,FALSE,Kinyarwanda
ladi1251,kale,11,FALSE,Ladino
lati1261,bales,11,FALSE,Latin
lati1261,concludes,11,FALSE,Latin
lati1261,defies,11,FALSE,Latin
lati1261,incandescent,11,FALSE,Latin
lati1261,platinum,11,TRUE,Latin
lati1261,reflector,11,FALSE,Latin
latv1249,bass,11,TRUE,Latvian
latv1249,pasts,11,FALSE,Latvian
latv1249,tanks,11,FALSE,Latvian
latv1249,vistas,11,FALSE,Latvian
luok1236,hero,11,FALSE,Luo (Kenya and Tanzania)
luxe1241,grad,11,FALSE,Moselle Franconian
malt1254,miss,11,FALSE,Maltese
malt1254,wild,11,FALSE,Maltese
manx1243,walker,11,FALSE,Manx
masb1238,banal,11,FALSE,Masbatenyo
midd1317,agree,11,FALSE,Middle English
midd1317,ale,11,FALSE,Middle English
midd1317,answer,11,FALSE,Middle English
midd1317,armour,11,FALSE,Middle English
midd1317,bee,11,TRUE,Middle English
midd1317,camp,11,FALSE,Middle English
midd1317,cat,11,TRUE,Middle English
midd1317,counsel,11,FALSE,Middle English
midd1317,cow,11,FALSE,Middle English
midd1317,cruel,11,TRUE,Middle English
midd1317,din,11,FALSE,Middle English
midd1317,father,11,FALSE,Middle English
midd1317,fold,11,FALSE,Middle English
midd1317,fortune,11,TRUE,Middle English
midd1317,gain,11,FALSE,Middle English
midd1317,ill,11,FALSE,Middle English
midd1317,jet,11,FALSE,Middle English
midd1317,knew,11,FALSE,Middle English
midd1317,lad,11,FALSE,Middle English
midd1317,male,11,TRUE,Middle English
midd1317,meet,11,FALSE,Middle English
midd1317,mouth,11,TRUE,Middle English
midd1317,officer,11,FALSE,Middle English
midd1317,ox,11,FALSE,Middle English
midd1317,parliament,11,FALSE,Middle English
midd1317,pope,11,TRUE,Middle English
midd1317,pride,11,FALSE,Middle English
midd1317,sore,11,FALSE,Middle English
midd1317,story,11,FALSE,Middle English
midd1317,tame,11,TRUE,Middle English
midd1317,voice,11,FALSE,Middle English
midd1317,walk,11,TRUE,Middle English
midd1317,waste,11,FALSE,Middle English
midd1317,worthy,11,TRUE,Middle English
nort2697,boy,11,FALSE,North Azerbaijani
nort2697,plan,11,TRUE,North Azerbaijani
nort2961,ing,11,FALSE,Northwestern Ojibwa
nucl1301,safer,11,FALSE,Turkish
nucl1301,server,11,TRUE,Turkish
nucl1301,uterus,11,TRUE,Turkish
nucl1301,video,11,TRUE,Turkish
olde1238,syringe,11,FALSE,Old English (ca. 450-1100)
olde1238,turtle,11,TRUE,Old English (ca. 450-1100)
oldf1239,conscience,11,TRUE,Old French (842-ca. 1400)
oldf1239,fiance,11,FALSE,Old French (842-ca. 1400)
oldf1239,finer,11,FALSE,Old French (842-ca. 1400)
oldf1239,ham,11,FALSE,Old French (842-ca. 1400)
oldf1239,obedient,11,TRUE,Old French (842-ca. 1400)
oldf1239,presentation,11,TRUE,Old French (842-ca. 1400)
oldf1239,science,11,FALSE,Old French (842-ca. 1400)
oldf1239,tenor,11,FALSE,Old French (842-ca. 1400)
oldf1239,user,11,FALSE,Old French (842-ca. 1400)
oldf1239,volume,11,TRUE,Old French (842-ca. 1400)
oldf1239,west,11,TRUE,Old French (842-ca. 1400)
olds1249,metal,11,TRUE,Old Spanish
poli1260,bingo,11,TRUE,Polish
poli1260,karate,11,TRUE,Polish
poli1260,karma,11,TRUE,Polish
poli1260,peso,11,TRUE,Polish
poli1260,sexy,11,TRUE,Polish
port1283,aromas,11,FALSE,Portuguese
port1283,best-seller,11,FALSE,Portuguese
port1283,chiffon,11,TRUE,Portuguese
port1283,dissolves,11,FALSE,Portuguese
port1283,domes,11,FALSE,Portuguese
port1283,hectares,11,FALSE,Portuguese
port1283,matte,11,FALSE,Portuguese
port1283,meetings,11,FALSE,Portuguese
port1283,premarital,11,TRUE,Portuguese
port1283,retires,11,FALSE,Portuguese
port1283,tragedies,11,FALSE,Portuguese
roma1327,asteroid,11,TRUE,Romanian
roma1327,briefing,11,TRUE,Romanian
roma1327,determinism,11,TRUE,Romanian
roma1327,doctrinal,11,TRUE,Romanian
roma1327,elitist,11,TRUE,Romanian
roma1327,extremism,11,TRUE,Romanian
roma1327,gadget,11,TRUE,Romanian
roma1327,hamburger,11,TRUE,Romanian
roma1327,insomnia,11,FALSE,Romanian
roma1327,modular,11,TRUE,Romanian
roma1327,mogul,11,TRUE,Romanian
roma1327,moron,11,FALSE,Romanian
roma1327,observant,11,TRUE,Romanian
roma1327,orgasm,11,TRUE,Romanian
roma1327,peso,11,TRUE,Romanian
roma1327,repugnant,11,TRUE,Romanian
roma1327,rocker,11,TRUE,Romanian
roma1327,sexy,11,TRUE,Romanian
roma1327,sprinter,11,TRUE,Romanian
roma1327,surfing,11,TRUE,Romanian
roma1327,vernacular,11,TRUE,Romanian
sici1248,nun,11,FALSE,Sicilian
slov1269,lone,11,FALSE,Slovak
sout1528,folder,11,TRUE,Serbian-Croatian-Bosnian
sout1528,slalom,11,TRUE,Serbian-Croatian-Bosnian
stan1288,cappuccino,11,TRUE,Spanish
stan1288,coincides,11,FALSE,Spanish
stan1288,endures,11,FALSE,Spanish
stan1288,maximal,11,TRUE,Spanish
stan1288,pesto,11,TRUE,Spanish
stan1288,quotas,11,FALSE,Spanish
stan1288,scrolls,11,FALSE,Spanish
stan1288,surreal,11,TRUE,Spanish
stan1289,arc,11,TRUE,Catalan
stan1289,articles,11,FALSE,Catalan
stan1289,central,11,TRUE,Catalan
stan1289,color,11,TRUE,Catalan
stan1289,consent,11,TRUE,Catalan
stan1289,coral,11,TRUE,Catalan
stan1289,cot,11,FALSE,Catalan
stan1289,era,11,FALSE,Catalan
stan1289,fur,11,FALSE,Catalan
stan1289,iris,11,TRUE,Catalan
stan1289,oval,11,TRUE,Catalan
stan1289,pet,11,FALSE,Catalan
stan1289,pit,11,FALSE,Catalan
stan1289,pop,11,TRUE,Catalan
stan1289,sit,11,FALSE,Catalan
stan1289,solar,11,TRUE,Catalan
stan1289,total,11,TRUE,Catalan
stan1289,usual,11,TRUE,Catalan
stan1289,vista,11,TRUE,Catalan
stan1290,adaptive,11,FALSE,French
stan1290,cottages,11,FALSE,French
stan1290,entrepreneurs,11,FALSE,French
stan1290,granola,11,TRUE,French
stan1290,ignores,11,FALSE,French
stan1306,nostalgia,11,TRUE,Standard Malay
swah1253,bikini,11,TRUE,Swahili
swed1254,asteroid,11,TRUE,Swedish
swed1254,audition,11,TRUE,Swedish
swed1254,comeback,11,TRUE,Swedish
swed1254,drives,11,FALSE,Swedish
swed1254,glamour,11,TRUE,Swedish
swed1254,gorilla,11,TRUE,Swedish
swed1254,halls,11,FALSE,Swedish
swed1254,hamstring,11,FALSE,Swedish
swed1254,imports,11,FALSE,Swedish
swed1254,jeep,11,TRUE,Swedish
swed1254,karate,11,TRUE,Swedish
swed1254,max,11,TRUE,Swedish
swed1254,penis,11,TRUE,Swedish
swed1254,pessimism,11,TRUE,Swedish
swed1254,pizza,11,TRUE,Swedish
swed1254,poems,11,FALSE,Swedish
swed1254,predisposition,11,TRUE,Swedish
swed1254,protein,11,TRUE,Swedish
swed1254,referendum,11,TRUE,Swedish
swed1254,respirator,11,TRUE,Swedish
swed1254,spaghetti,11,TRUE,Swedish
swed1254,stakes,11,FALSE,Swedish
swed1254,tango,11,TRUE,Swedish
taga1270,radar,11,TRUE,Tagalog
uppe1395,list,11,FALSE,Upper Sorbian
wels1247,pasta,11,TRUE,Welsh
arom1237,car,10,FALSE,Aromanian
arom1237,sap,10,FALSE,Aromanian
baba1267,jam,10,FALSE,Baba Malay
bali1278,wit,10,FALSE,Balinese
bamb1269,nun,10,FALSE,Bambara
bamb1269,tile,10,FALSE,Bambara
bret1244,bras,10,FALSE,Breton
bret1244,lost,10,FALSE,Breton
bret1244,metal,10,TRUE,Breton
cebu1242,dose,10,FALSE,Cebuano
cebu1242,helmet,10,TRUE,Cebuano
cebu1242,reporter,10,FALSE,Cebuano
cebu1242,semester,10,TRUE,Cebuano
cebu1242,testing,10,TRUE,Cebuano
cebu1242,walker,10,FALSE,Cebuano
clas1250,home,10,FALSE,Classical Nahuatl
corn1251,ages,10,FALSE,Cornish
czec1258,foyer,10,TRUE,Czech
czec1258,slalom,10,TRUE,Czech
czec1258,thriller,10,TRUE,Czech
czec1258,vertigo,10,TRUE,Czech
dani1285,alters,10,FALSE,Danish
dani1285,assimilation,10,FALSE,Danish
dani1285,bags,10,FALSE,Danish
dani1285,brunette,10,TRUE,Danish
dani1285,bumper,10,FALSE,Danish
dani1285,delta,10,TRUE,Danish
dani1285,determination,10,TRUE,Danish
dani1285,e-mail,10,TRUE,Danish
dani1285,flannel,10,FALSE,Danish
dani1285,guts,10,FALSE,Danish
dani1285,innovation,10,TRUE,Danish
dani1285,matrix,10,FALSE,Danish
dani1285,nigger,10,TRUE,Danish
dani1285,realist,10,TRUE,Danish
dani1285,regime,10,TRUE,Danish
dani1285,revolutions,10,FALSE,Danish
dani1285,tastes,10,FALSE,Danish
dutc1256,ambivalent,10,TRUE,Dutch
dutc1256,bagel,10,TRUE,Dutch
dutc1256,cholesterol,10,TRUE,Dutch
dutc1256,combo,10,TRUE,Dutch
dutc1256,debacle,10,TRUE,Dutch
dutc1256,expertise,10,TRUE,Dutch
dutc1256,feminist,10,TRUE,Dutch
dutc1256,finalist,10,TRUE,Dutch
dutc1256,grapefruit,10,TRUE,Dutch
dutc1256,levers,10,FALSE,Dutch
dutc1256,lipstick,10,TRUE,Dutch
dutc1256,marina,10,FALSE,Dutch
dutc1256,nerd,10,TRUE,Dutch
dutc1256,parameter,10,TRUE,Dutch
dutc1256,peroxide,10,TRUE,Dutch
dutc1256,pesticide,10,TRUE,Dutch
dutc1256,proven,10,TRUE,Dutch
dutc1256,speeches,10,FALSE,Dutch
dutc1256,stalking,10,TRUE,Dutch
dutc1256,supporters,10,FALSE,Dutch
esto1258,asteroid,10,TRUE,Estonian
esto1258,ended,10,FALSE,Estonian
esto1258,pee,10,FALSE,Estonian
esto1258,realism,10,TRUE,Estonian
esto1258,sordid,10,FALSE,Estonian
finn1318,amnesia,10,TRUE,Finnish
finn1318,beige,10,TRUE,Finnish
finn1318,bingo,10,TRUE,Finnish
finn1318,curling,10,TRUE,Finnish
finn1318,diabetes,10,TRUE,Finnish
finn1318,ensemble,10,TRUE,Finnish
finn1318,fission,10,TRUE,Finnish
finn1318,ghetto,10,FALSE,Finnish
finn1318,heroin,10,FALSE,Finnish
finn1318,inhibition,10,FALSE,Finnish
finn1318,intuition,10,TRUE,Finnish
finn1318,limbo,10,TRUE,Finnish
finn1318,pneumonia,10,TRUE,Finnish
finn1318,puree,10,FALSE,Finnish
finn1318,saga,10,FALSE,Finnish
finn1318,terse,10,FALSE,Finnish
finn1318,vagina,10,TRUE,Finnish
finn1318,vodka,10,TRUE,Finnish
gali1258,fire,10,FALSE,Galician
gali1258,fundamental,10,TRUE,Galician
gali1258,hospital,10,TRUE,Galician
gali1258,pan,10,FALSE,Galician
gali1258,pole,10,TRUE,Galician
gali1258,polo,10,TRUE,Galician
gali1258,ser,10,FALSE,Galician
gali1258,use,10,TRUE,Galician
gali1258,valor,10,TRUE,Galician
hait1244,ant,10,FALSE,Haitian
hait1244,chat,10,FALSE,Haitian
hait1244,mango,10,FALSE,Haitian
hait1244,men,10,FALSE,Haitian
hung1274,paranoia,10,TRUE,Hungarian
icel1247,fax,10,TRUE,Icelandic
icel1247,gum,10,FALSE,Icelandic
icel1247,skins,10,FALSE,Icelandic
icel1247,snarl,10,FALSE,Icelandic
icel1247,spilling,10,FALSE,Icelandic
ilok1237,dies,10,FALSE,Iloko
indo1316,arsenal,10,TRUE,Standard Indonesian
indo1316,dumping,10,TRUE,Standard Indonesian
indo1316,setup,10,FALSE,Standard Indonesian
ital1282,arcane,10,FALSE,Italian
ital1282,chutney,10,TRUE,Italian
ital1282,superstar,10,TRUE,Italian
kiny1244,mama,10,FALSE,Kinyarwanda
lati1261,cadmium,10,TRUE,Latin
lati1261,charisma,10,FALSE,Latin
lati1261,commuter,10,FALSE,Latin
lati1261,constitutive,10,FALSE,Latin
lati1261,cooperate,10,FALSE,Latin
lati1261,doctorate,10,FALSE,Latin
lati1261,guru,10,FALSE,Latin
lati1261,illustrator,10,FALSE,Latin
lati1261,millennium,10,TRUE,Latin
lati1261,proponent,10,FALSE,Latin
lati1261,repellent,10,FALSE,Latin
lati1261,resilient,10,FALSE,Latin
latv1249,dome,10,FALSE,Latvian
latv1249,parks,10,FALSE,Latvian
latv1249,polo,10,TRUE,Latvian
latv1249,tempt,10,FALSE,Latvian
latv1249,verbs,10,FALSE,Latvian
luxe1241,has,10,FALSE,Moselle Franconian
luxe1241,hat,10,FALSE,Moselle Franconian
luxe1241,hell,10,FALSE,Moselle Franconian
luxe1241,keen,10,FALSE,Moselle Franconian
luxe1241,war,10,FALSE,Moselle Franconian
malt1254,brim,10,FALSE,Maltese
malt1254,elf,10,FALSE,Maltese
malt1254,ram,10,FALSE,Maltese
malt1254,tar,10,FALSE,Maltese
malt1254,umbrella,10,TRUE,Maltese
manx1243,altar,10,TRUE,Manx
midd1317,apple,10,FALSE,Middle English
midd1317,busy,10,FALSE,Middle English
midd1317,calm,10,FALSE,Middle English
midd1317,canon,10,FALSE,Middle English
midd1317,charter,10,FALSE,Middle English
midd1317,cook,10,TRUE,Middle English
midd1317,division,10,FALSE,Middle English
midd1317,egg,10,FALSE,Middle English
midd1317,flower,10,FALSE,Middle English
midd1317,fragment,10,TRUE,Middle English
midd1317,glass,10,FALSE,Middle English
midd1317,hedge,10,FALSE,Middle English
midd1317,helm,10,FALSE,Middle English
midd1317,helmet,10,FALSE,Middle English
midd1317,hide,10,TRUE,Middle English
midd1317,hunter,10,TRUE,Middle English
midd1317,ing,10,FALSE,Middle English
midd1317,journey,10,FALSE,Middle English
midd1317,lives,10,FALSE,Middle English
midd1317,lover,10,FALSE,Middle English
midd1317,marked,10,FALSE,Middle English
midd1317,metal,10,TRUE,Middle English
midd1317,ones,10,FALSE,Middle English
midd1317,pane,10,FALSE,Middle English
midd1317,path,10,TRUE,Middle English
midd1317,rap,10,FALSE,Middle English
midd1317,rode,10,FALSE,Middle English
midd1317,rote,10,FALSE,Middle English
midd1317,wicked,10,FALSE,Middle English
midd1317,wonder,10,FALSE,Middle English
nort2697,film,10,TRUE,North Azerbaijani
nort2697,lift,10,TRUE,North Azerbaijani
nort2697,sink,10,FALSE,North Azerbaijani
nort2961,bid,10,FALSE,Northwestern Ojibwa
nucl1301,jargon,10,TRUE,Turkish
nucl1301,motel,10,TRUE,Turkish
nucl1301,rotor,10,TRUE,Turkish
nucl1301,sauna,10,TRUE,Turkish
nucl1301,tundra,10,TRUE,Turkish
nucl1301,yoga,10,TRUE,Turkish
nupe1254,emu,10,FALSE,Nupe-Nupe-Tako
olde1238,pad,10,FALSE,Old English (ca. 450-1100)
olde1238,user,10,FALSE,Old English (ca. 450-1100)
oldf1239,code,10,FALSE,Old French (842-ca. 1400)
oldf1239,contention,10,FALSE,Old French (842-ca. 1400)
oldf1239,eclipse,10,TRUE,Old French (842-ca. 1400)
oldf1239,errant,10,FALSE,Old French (842-ca. 1400)
oldf1239,famine,10,TRUE,Old French (842-ca. 1400)
oldf1239,patient,10,TRUE,Old French (842-ca. 1400)
oldf1239,rat,10,TRUE,Old French (842-ca. 1400)
oldf1239,venison,10,FALSE,Old French (842-ca. 1400)
oldn1244,bang,10,FALSE,Old Norse
pali1273,mesa,10,FALSE,Pali
pali1273,pose,10,FALSE,Pali
papi1253,para,10,FALSE,Papiamento
plau1238,blank,10,FALSE,Plautdietsch
plau1238,brow,10,FALSE,Plautdietsch
poli1260,audio,10,TRUE,Polish
poli1260,cola,10,TRUE,Polish
poli1260,fiesta,10,TRUE,Polish
poli1260,mantel,10,FALSE,Polish
poli1260,risotto,10,TRUE,Polish
port1283,accuses,10,FALSE,Portuguese
port1283,altitudes,10,FALSE,Portuguese
port1283,brownie,10,TRUE,Portuguese
port1283,closes,10,FALSE,Portuguese
port1283,cookies,10,FALSE,Portuguese
port1283,diner,10,TRUE,Portuguese
port1283,fatigues,10,FALSE,Portuguese
port1283,feta,10,TRUE,Portuguese
port1283,karaoke,10,TRUE,Portuguese
port1283,macro,10,TRUE,Portuguese
port1283,melanoma,10,TRUE,Portuguese
port1283,pager,10,TRUE,Portuguese
port1283,tablets,10,FALSE,Portuguese
port1283,urges,10,FALSE,Portuguese
roma1327,apologetic,10,TRUE,Romanian
roma1327,autism,10,TRUE,Romanian
roma1327,biceps,10,TRUE,Romanian
roma1327,bikini,10,TRUE,Romanian
roma1327,catering,10,TRUE,Romanian
roma1327,congenial,10,TRUE,Romanian
roma1327,diabetic,10,TRUE,Romanian
roma1327,disco,10,TRUE,Romanian
roma1327,doctoral,10,TRUE,Romanian
roma1327,emergent,10,TRUE,Romanian
roma1327,felon,10,FALSE,Romanian
roma1327,fetus,10,TRUE,Romanian
roma1327,finalist,10,TRUE,Romanian
roma1327,gradient,10,TRUE,Romanian
roma1327,logistic,10,TRUE,Romanian
roma1327,logos,10,TRUE,Romanian
roma1327,mango,10,TRUE,Romanian
roma1327,medial,10,TRUE,Romanian
roma1327,microcosm,10,TRUE,Romanian
roma1327,neural,10,TRUE,Romanian
roma1327,pictorial,10,TRUE,Romanian
roma1327,pizza,10,TRUE,Romanian
roma1327,rodeo,10,TRUE,Romanian
roma1327,seminal,10,TRUE,Romanian
roma1327,separatist,10,TRUE,Romanian
roma1327,sexist,10,TRUE,Romanian
roma1327,sonar,10,TRUE,Romanian
sanj1284,dam,10,FALSE,Western Tlacolula Valley Zapotec
slov1268,host,10,FALSE,Slovenian
slov1268,poker,10,TRUE,Slovenian
slov1268,radar,10,TRUE,Slovenian
slov1269,environment,10,TRUE,Slovak
slov1269,video,10,TRUE,Slovak
sout1528,diva,10,FALSE,Serbian-Croatian-Bosnian
sout1528,linoleum,10,TRUE,Serbian-Croatian-Bosnian
sout1528,respirator,10,TRUE,Serbian-Croatian-Bosnian
sout1528,rotor,10,TRUE,Serbian-Croatian-Bosnian
sout1528,sprinter,10,TRUE,Serbian-Croatian-Bosnian
stan1288,coyotes,10,FALSE,Spanish
stan1288,porches,10,FALSE,Spanish
stan1288,tsunami,10,TRUE,Spanish
stan1289,animal,10,TRUE,Catalan
stan1289,comes,10,FALSE,Catalan
stan1289,den,10,FALSE,Catalan
stan1289,error,10,TRUE,Catalan
stan1289,fill,10,FALSE,Catalan
stan1289,fruit,10,TRUE,Catalan
stan1289,ions,10,FALSE,Catalan
stan1289,particular,10,TRUE,Catalan
stan1289,pedal,10,TRUE,Catalan
stan1289,port,10,TRUE,Catalan
stan1289,pro,10,TRUE,Catalan
stan1289,radical,10,TRUE,Catalan
stan1289,salt,10,FALSE,Catalan
stan1289,similar,10,TRUE,Catalan
stan1290,albums,10,FALSE,French
stan1290,gays,10,FALSE,French
stan1290,globalisation,10,TRUE,French
stan1290,gurus,10,FALSE,French
stan1290,interventions,10,FALSE,French
stan1290,socialise,10,FALSE,French
stan1306,amalgam,10,TRUE,Standard Malay
sume1241,gala,10,FALSE,Sumerian
swed1254,aspen,10,TRUE,Swedish
swed1254,beige,10,TRUE,Swedish
swed1254,caddie,10,TRUE,Swedish
swed1254,cockpit,10,TRUE,Swedish
swed1254,dollars,10,FALSE,Swedish
swed1254,evergreen,10,TRUE,Swedish
swed1254,exporter,10,FALSE,Swedish
swed1254,fats,10,FALSE,Swedish
swed1254,feta,10,TRUE,Swedish
swed1254,films,10,FALSE,Swedish
swed1254,fission,10,TRUE,Swedish
swed1254,flocks,10,FALSE,Swedish
swed1254,gardens,10,FALSE,Swedish
swed1254,glider,10,FALSE,Swedish
swed1254,hits,10,FALSE,Swedish
swed1254,images,10,FALSE,Swedish
swed1254,integration,10,TRUE,Swedish
swed1254,intensive,10,FALSE,Swedish
swed1254,knockout,10,TRUE,Swedish
swed1254,latex,10,TRUE,Swedish
swed1254,layout,10,TRUE,Swedish
swed1254,marijuana,10,TRUE,Swedish
swed1254,maximal,10,TRUE,Swedish
swed1254,meters,10,FALSE,Swedish
swed1254,minimal,10,TRUE,Swedish
swed1254,mollusk,10,FALSE,Swedish
swed1254,mysticism,10,TRUE,Swedish
swed1254,neutron,10,TRUE,Swedish
swed1254,operative,10,FALSE,Swedish
swed1254,overalls,10,FALSE,Swedish
swed1254,patients,10,FALSE,Swedish
swed1254,realisation,10,FALSE,Swedish
swed1254,scanning,10,TRUE,Swedish
swed1254,skepticism,10,TRUE,Swedish
swed1254,successive,10,FALSE,Swedish
swed1254,suggestive,10,FALSE,Swedish
swed1254,ticks,10,FALSE,Swedish
swed1254,transistor,10,TRUE,Swedish
swed1254,variants,10,FALSE,Swedish
swed1254,vegetarian,10,TRUE,Swedish
taga1270,baron,10,TRUE,Tagalog
taga1270,robot,10,TRUE,Tagalog
taga1270,sauna,10,FALSE,Tagalog
taga1270,yoga,10,TRUE,Tagalog
tokp1240,mining,10,FALSE,Tok Pisin
turk1304,ant,10,FALSE,Turkmen
turk1304,gum,10,FALSE,Turkmen
turk1304,harp,10,FALSE,Turkmen
uppe1395,knot,10,FALSE,Upper Sorbian
west2354,fear,10,FALSE,Western Frisian
west2354,hear,10,FALSE,Western Frisian
west2354,lean,10,FALSE,Western Frisian
west2354,master,10,TRUE,Western Frisian
west2354,read,10,FALSE,Western Frisian
yoga1237,don,10,FALSE,Yogad
zuni1245,tom,10,FALSE,Zuni
afri1274,apartheid,9,TRUE,Afrikaans
afri1274,helium,9,TRUE,Afrikaans
afri1274,karate,9,TRUE,Afrikaans
arom1237,bush,9,FALSE,Aromanian
arom1237,meal,9,FALSE,Aromanian
arom1237,tar,9,FALSE,Aromanian
basq1248,auto,9,TRUE,Basque
basq1248,cricket,9,TRUE,Basque
basq1248,gas,9,TRUE,Basque
bisl1239,bet,9,FALSE,Bislama
bisl1239,grin,9,FALSE,Bislama
bret1244,start,9,FALSE,Breton
cahu1264,will,9,FALSE,Cahuilla
cebu1242,parking,9,FALSE,Cebuano
cebu1242,pasta,9,TRUE,Cebuano
cebu1242,torpedo,9,TRUE,Cebuano
czec1258,adolescent,9,TRUE,Czech
czec1258,determinant,9,TRUE,Czech
czec1258,investor,9,TRUE,Czech
czec1258,logos,9,FALSE,Czech
czec1258,neon,9,TRUE,Czech
czec1258,respondent,9,TRUE,Czech
czec1258,supermarket,9,TRUE,Czech
dani1285,aluminium,9,TRUE,Danish
dani1285,bums,9,FALSE,Danish
dani1285,dampen,9,FALSE,Danish
dani1285,debut,9,TRUE,Danish
dani1285,deportation,9,FALSE,Danish
dani1285,desperate,9,FALSE,Danish
dani1285,desperation,9,TRUE,Danish
dani1285,dollars,9,FALSE,Danish
dani1285,excerpt,9,TRUE,Danish
dani1285,fission,9,TRUE,Danish
dani1285,frigid,9,FALSE,Danish
dani1285,gangs,9,FALSE,Danish
dani1285,genus,9,TRUE,Danish
dani1285,gifts,9,FALSE,Danish
dani1285,hats,9,FALSE,Danish
dani1285,haves,9,FALSE,Danish
dani1285,humanist,9,TRUE,Danish
dani1285,imam,9,TRUE,Danish
dani1285,internet,9,TRUE,Danish
dani1285,inverse,9,FALSE,Danish
dani1285,kimono,9,TRUE,Danish
dani1285,mentor,9,TRUE,Danish
dani1285,nominal,9,TRUE,Danish
dani1285,parks,9,FALSE,Danish
dani1285,pasta,9,TRUE,Danish
dani1285,patina,9,TRUE,Danish
dani1285,pines,9,FALSE,Danish
dani1285,silt,9,TRUE,Danish
dani1285,sparks,9,FALSE,Danish
dani1285,spas,9,FALSE,Danish
dani1285,taster,9,FALSE,Danish
dani1285,tornado,9,TRUE,Danish
dani1285,trailer,9,TRUE,Danish
dani1285,weekend,9,TRUE,Danish
dutc1256,beginners,9,FALSE,Dutch
dutc1256,consensus,9,TRUE,Dutch
dutc1256,convergent,9,TRUE,Dutch
dutc1256,cuisine,9,TRUE,Dutch
dutc1256,hotels,9,FALSE,Dutch
dutc1256,interviewer,9,TRUE,Dutch
dutc1256,modem,9,TRUE,Dutch
dutc1256,modernist,9,TRUE,Dutch
dutc1256,plutonium,9,TRUE,Dutch
dutc1256,spam,9,TRUE,Dutch
esto1258,adapter,9,TRUE,Estonian
finn1318,ballerina,9,TRUE,Finnish
finn1318,bogey,9,TRUE,Finnish
finn1318,bungalow,9,TRUE,Finnish
finn1318,definition,9,FALSE,Finnish
finn1318,dementia,9,TRUE,Finnish
finn1318,gamma,9,TRUE,Finnish
finn1318,gourmet,9,FALSE,Finnish
finn1318,laser,9,TRUE,Finnish
finn1318,moat,9,FALSE,Finnish
finn1318,moron,9,TRUE,Finnish
finn1318,pee,9,TRUE,Finnish
finn1318,plankton,9,TRUE,Finnish
finn1318,thorax,9,TRUE,Finnish
finn1318,torso,9,TRUE,Finnish
finn1318,tundra,9,TRUE,Finnish
finn1318,utopian,9,TRUE,Finnish
gali1258,base,9,TRUE,Galician
gali1258,ear,9,FALSE,Galician
gali1258,fin,9,FALSE,Galician
gali1258,lime,9,FALSE,Galician
gali1258,material,9,TRUE,Galician
gali1258,trade,9,FALSE,Galician
gali1258,vapor,9,TRUE,Galician
garo1247,rake,9,FALSE,Garo
hait1244,baton,9,FALSE,Haitian
hait1244,van,9,FALSE,Haitian
haus1257,nun,9,TRUE,Hausa
hung1274,aura,9,TRUE,Hungarian
hung1274,mogul,9,TRUE,Hungarian
icel1247,mas,9,FALSE,Icelandic
indo1316,sampling,9,TRUE,Standard Indonesian
iris1253,banana,9,TRUE,Irish
ital1282,nuclei,9,FALSE,Italian
ital1282,samurai,9,TRUE,Italian
ital1282,tequila,9,TRUE,Italian
lati1261,autos,9,FALSE,Latin
lati1261,defenses,9,FALSE,Latin
lati1261,emerges,9,FALSE,Latin
lati1261,gurus,9,FALSE,Latin
lati1261,juveniles,9,FALSE,Latin
lati1261,replica,9,FALSE,Latin
latv1249,dots,9,FALSE,Latvian
lith1251,bananas,9,FALSE,Lithuanian
malt1254,ark,9,FALSE,Maltese
malt1254,lag,9,FALSE,Maltese
malt1254,natural,9,TRUE,Maltese
malt1254,rat,9,FALSE,Maltese
malt1254,start,9,FALSE,Maltese
manx1243,feeder,9,FALSE,Manx
manx1243,gay,9,FALSE,Manx
mars1254,piano,9,TRUE,Marshallese
midd1317,angel,9,FALSE,Middle English
midd1317,bargain,9,FALSE,Middle English
midd1317,beam,9,FALSE,Middle English
midd1317,bet,9,FALSE,Middle English
midd1317,bond,9,FALSE,Middle English
midd1317,bone,9,FALSE,Middle English
midd1317,bred,9,FALSE,Middle English
midd1317,cap,9,FALSE,Middle English
midd1317,coin,9,FALSE,Middle English
midd1317,damage,9,TRUE,Middle English
midd1317,desert,9,TRUE,Middle English
midd1317,ear,9,FALSE,Middle English
midd1317,fare,9,FALSE,Middle English
midd1317,fill,9,FALSE,Middle English
midd1317,flat,9,FALSE,Middle English
midd1317,flesh,9,TRUE,Middle English
midd1317,grain,9,FALSE,Middle English
midd1317,hail,9,FALSE,Middle English
midd1317,hate,9,TRUE,Middle English
midd1317,hole,9,TRUE,Middle English
midd1317,horrible,9,TRUE,Middle English
midd1317,ice,9,FALSE,Middle English
midd1317,mount,9,FALSE,Middle English
midd1317,mystery,9,FALSE,Middle English
midd1317,plant,9,FALSE,Middle English
midd1317,poison,9,FALSE,Middle English
midd1317,pray,9,FALSE,Middle English
midd1317,priest,9,FALSE,Middle English
midd1317,roof,9,FALSE,Middle English
midd1317,sang,9,FALSE,Middle English
midd1317,silver,9,TRUE,Middle English
midd1317,ski,9,FALSE,Middle English
midd1317,stage,9,TRUE,Middle English
midd1317,strengthen,9,TRUE,Middle English
midd1317,tent,9,FALSE,Middle English
midd1317,value,9,FALSE,Middle English
midd1317,vices,9,FALSE,Middle English
midd1317,welcome,9,TRUE,Middle English
midd1317,wisdom,9,TRUE,Middle English
midd1317,woe,9,FALSE,Middle English
midd1317,women,9,FALSE,Middle English
nort2671,hat,9,FALSE,North Saami
nort2697,radio,9,TRUE,North Azerbaijani
nort2961,pin,9,FALSE,Northwestern Ojibwa
nucl1301,basal,9,FALSE,Turkish
nucl1301,forum,9,TRUE,Turkish
nucl1301,marketing,9,TRUE,Turkish
oldf1239,blunt,9,FALSE,Old French (842-ca. 1400)
oldf1239,deluge,9,FALSE,Old French (842-ca. 1400)
oldf1239,dresser,9,FALSE,Old French (842-ca. 1400)
oldf1239,niece,9,TRUE,Old French (842-ca. 1400)
oldf1239,olive,9,TRUE,Old French (842-ca. 1400)
oldf1239,restriction,9,TRUE,Old French (842-ca. 1400)
oldf1239,rover,9,FALSE,Old French (842-ca. 1400)
oldf1239,vicious,9,TRUE,Old French (842-ca. 1400)
oldn1244,gulls,9,FALSE,Old Norse
olds1249,pueblo,9,FALSE,Old Spanish
pamp1243,animal,9,TRUE,Pampanga
pamp1243,pun,9,FALSE,Pampanga
papi1253,papa,9,FALSE,Papiamento
plau1238,reed,9,FALSE,Plautdietsch
poli1260,chilli,9,TRUE,Polish
poli1260,imam,9,TRUE,Polish
poli1260,info,9,TRUE,Polish
poli1260,playback,9,TRUE,Polish
poli1260,popcorn,9,TRUE,Polish
poli1260,radon,9,TRUE,Polish
poli1260,stand-up,9,TRUE,Polish
port1283,balances,9,FALSE,Portuguese
port1283,blackout,9,FALSE,Portuguese
port1283,crises,9,FALSE,Portuguese
port1283,decides,9,FALSE,Portuguese
port1283,desktop,9,TRUE,Portuguese
port1283,envies,9,FALSE,Portuguese
port1283,expertise,9,TRUE,Portuguese
port1283,homes,9,FALSE,Portuguese
port1283,intelligentsia,9,TRUE,Portuguese
port1283,maximize,9,TRUE,Portuguese
port1283,rapper,9,TRUE,Portuguese
port1283,revolves,9,FALSE,Portuguese
port1283,tapes,9,FALSE,Portuguese
port1283,tosses,9,FALSE,Portuguese
port1283,trailers,9,FALSE,Portuguese
port1283,tutorial,9,TRUE,Portuguese
port1283,videotape,9,FALSE,Portuguese
roma1327,ambient,9,TRUE,Romanian
roma1327,avocado,9,TRUE,Romanian
roma1327,banjo,9,TRUE,Romanian
roma1327,cardigan,9,TRUE,Romanian
roma1327,clinician,9,TRUE,Romanian
roma1327,consulting,9,TRUE,Romanian
roma1327,contractual,9,TRUE,Romanian
roma1327,escalator,9,TRUE,Romanian
roma1327,flamenco,9,TRUE,Romanian
roma1327,flaps,9,FALSE,Romanian
roma1327,geologic,9,TRUE,Romanian
roma1327,imam,9,TRUE,Romanian
roma1327,internist,9,TRUE,Romanian
roma1327,knockout,9,TRUE,Romanian
roma1327,lupus,9,TRUE,Romanian
roma1327,managerial,9,TRUE,Romanian
roma1327,mascara,9,TRUE,Romanian
roma1327,minuscule,9,TRUE,Romanian
roma1327,premiere,9,FALSE,Romanian
roma1327,reggae,9,TRUE,Romanian
roma1327,simulator,9,TRUE,Romanian
roma1327,sparse,9,FALSE,Romanian
roma1327,spas,9,FALSE,Romanian
roma1327,sportsmen,9,FALSE,Romanian
roma1327,teas,9,FALSE,Romanian
roma1327,thriller,9,TRUE,Romanian
roma1327,yuan,9,TRUE,Romanian
scot1243,adapt,9,TRUE,Scots
scot1245,macaroni,9,TRUE,Scottish Gaelic
sici1248,era,9,FALSE,Sicilian
slov1268,bran,9,FALSE,Slovenian
slov1268,device,9,FALSE,Slovenian
slov1268,mane,9,FALSE,Slovenian
slov1268,ser,9,FALSE,Slovenian
slov1268,tom,9,FALSE,Slovenian
slov1269,alibi,9,TRUE,Slovak
slov1269,mama,9,TRUE,Slovak
slov1269,rude,9,FALSE,Slovak
slov1269,syntax,9,TRUE,Slovak
sout1528,bikini,9,TRUE,Serbian-Croatian-Bosnian
sout1528,fest,9,FALSE,Serbian-Croatian-Bosnian
sout1528,ketchup,9,FALSE,Serbian-Croatian-Bosnian
sout1528,simulator,9,TRUE,Serbian-Croatian-Bosnian
stan1288,canola,9,TRUE,Spanish
stan1288,chiles,9,FALSE,Spanish
stan1288,crews,9,FALSE,Spanish
stan1288,ferries,9,FALSE,Spanish
stan1288,nightclubs,9,FALSE,Spanish
stan1289,accent,9,TRUE,Catalan
stan1289,agent,9,TRUE,Catalan
stan1289,ball,9,TRUE,Catalan
stan1289,bus,9,TRUE,Catalan
stan1289,cable,9,TRUE,Catalan
stan1289,call,9,FALSE,Catalan
stan1289,extra,9,TRUE,Catalan
stan1289,finals,9,FALSE,Catalan
stan1289,gas,9,TRUE,Catalan
stan1289,generals,9,FALSE,Catalan
stan1289,instruments,9,FALSE,Catalan
stan1289,lunar,9,TRUE,Catalan
stan1289,mineral,9,TRUE,Catalan
stan1289,pair,9,FALSE,Catalan
stan1289,pastor,9,TRUE,Catalan
stan1289,rectangle,9,TRUE,Catalan
stan1289,single,9,TRUE,Catalan
stan1289,sort,9,FALSE,Catalan
stan1290,additives,9,FALSE,French
stan1290,conversions,9,FALSE,French
stan1290,exiles,9,FALSE,French
stan1290,narratives,9,FALSE,French
stan1290,survives,9,FALSE,French
stan1290,vibe,9,TRUE,French
swed1254,agents,9,FALSE,Swedish
swed1254,amalgam,9,FALSE,Swedish
swed1254,anus,9,TRUE,Swedish
swed1254,asks,9,FALSE,Swedish
swed1254,asset,9,FALSE,Swedish
swed1254,associations,9,FALSE,Swedish
swed1254,astronaut,9,TRUE,Swedish
swed1254,bingo,9,TRUE,Swedish
swed1254,bites,9,FALSE,Swedish
swed1254,blues,9,TRUE,Swedish
swed1254,boulevard,9,TRUE,Swedish
swed1254,broccoli,9,TRUE,Swedish
swed1254,checks,9,FALSE,Swedish
swed1254,diesel,9,TRUE,Swedish
swed1254,dominant,9,TRUE,Swedish
swed1254,doping,9,TRUE,Swedish
swed1254,global,9,TRUE,Swedish
swed1254,gourmet,9,TRUE,Swedish
swed1254,graffiti,9,TRUE,Swedish
swed1254,instrumentation,9,TRUE,Swedish
swed1254,mango,9,TRUE,Swedish
swed1254,militant,9,TRUE,Swedish
swed1254,miners,9,FALSE,Swedish
swed1254,moms,9,FALSE,Swedish
swed1254,nationalist,9,TRUE,Swedish
swed1254,periods,9,FALSE,Swedish
swed1254,publicist,9,TRUE,Swedish
swed1254,stylist,9,TRUE,Swedish
swed1254,symbolism,9,TRUE,Swedish
swed1254,temp,9,FALSE,Swedish
swed1254,totem,9,TRUE,Swedish
swed1254,underarm,9,TRUE,Swedish
swed1254,vandalism,9,TRUE,Swedish
taga1270,magma,9,TRUE,Tagalog
taus1251,gamut,9,FALSE,Tausug
tetu1245,mama,9,FALSE,Tetum
tokp1240,grin,9,FALSE,Tok Pisin
tokp1240,mon,9,FALSE,Tok Pisin
wels1247,bananas,9,FALSE,Welsh
west2354,grave,9,FALSE,Western Frisian
west2354,man,9,TRUE,Western Frisian
west2354,plant,9,TRUE,Western Frisian
west2354,ring,9,TRUE,Western Frisian
west2354,sink,9,FALSE,Western Frisian
west2354,spin,9,FALSE,Western Frisian
west2354,winter,9,TRUE,Western Frisian
west2630,wins,9,FALSE,Western Abenaki
area1240,papa,8,FALSE,'Are'are
arom1237,che,8,FALSE,Aromanian
arom1237,slab,8,FALSE,Aromanian
basq1248,been,8,FALSE,Basque
basq1248,tea,8,TRUE,Basque
cebu1242,salmon,8,TRUE,Cebuano
chuu1238,rum,8,FALSE,Chuukese
corn1251,bore,8,FALSE,Cornish
czec1258,fax,8,TRUE,Czech
czec1258,helium,8,TRUE,Czech
czec1258,peso,8,TRUE,Czech
czec1258,sauna,8,TRUE,Czech
czec1258,trauma,8,TRUE,Czech
dani1285,aggression,8,TRUE,Danish
dani1285,analog,8,TRUE,Danish
dani1285,assets,8,FALSE,Danish
dani1285,barns,8,FALSE,Danish
dani1285,bidder,8,FALSE,Danish
dani1285,boulevard,8,TRUE,Danish
dani1285,calcium,8,TRUE,Danish
dani1285,cowboy,8,TRUE,Danish
dani1285,deprivation,8,FALSE,Danish
dani1285,diabetes,8,TRUE,Danish
dani1285,facet,8,TRUE,Danish
dani1285,financier,8,TRUE,Danish
dani1285,folklore,8,TRUE,Danish
dani1285,genera,8,FALSE,Danish
dani1285,hash,8,TRUE,Danish
dani1285,hors,8,FALSE,Danish
dani1285,millennium,8,TRUE,Danish
dani1285,muffin,8,TRUE,Danish
dani1285,naive,8,TRUE,Danish
dani1285,nationalist,8,TRUE,Danish
dani1285,password,8,TRUE,Danish
dani1285,ports,8,FALSE,Danish
dani1285,ranch,8,TRUE,Danish
dani1285,rats,8,FALSE,Danish
dani1285,regions,8,FALSE,Danish
dani1285,rigs,8,FALSE,Danish
dutc1256,activist,8,TRUE,Dutch
dutc1256,analyses,8,FALSE,Dutch
dutc1256,blender,8,TRUE,Dutch
dutc1256,brunch,8,TRUE,Dutch
dutc1256,cadmium,8,TRUE,Dutch
dutc1256,campus,8,TRUE,Dutch
dutc1256,cheques,8,FALSE,Dutch
dutc1256,clients,8,FALSE,Dutch
dutc1256,coaches,8,FALSE,Dutch
dutc1256,columnist,8,TRUE,Dutch
dutc1256,diva,8,TRUE,Dutch
dutc1256,doses,8,FALSE,Dutch
dutc1256,experts,8,FALSE,Dutch
dutc1256,hypotheses,8,FALSE,Dutch
dutc1256,indices,8,FALSE,Dutch
dutc1256,kids,8,FALSE,Dutch
dutc1256,mascara,8,TRUE,Dutch
dutc1256,matrices,8,FALSE,Dutch
dutc1256,paranoia,8,TRUE,Dutch
dutc1256,safari,8,TRUE,Dutch
dutc1256,sardines,8,FALSE,Dutch
dutc1256,seminar,8,TRUE,Dutch
dutc1256,sexy,8,TRUE,Dutch
dutc1256,smog,8,TRUE,Dutch
dutc1256,teams,8,FALSE,Dutch
dutc1256,vector,8,TRUE,Dutch
esto1258,penis,8,FALSE,Estonian
finn1318,aggression,8,TRUE,Finnish
finn1318,cola,8,TRUE,Finnish
finn1318,herpes,8,TRUE,Finnish
finn1318,jumbo,8,TRUE,Finnish
finn1318,leasing,8,TRUE,Finnish
finn1318,magma,8,TRUE,Finnish
finn1318,pizza,8,TRUE,Finnish
finn1318,posse,8,TRUE,Finnish
finn1318,progression,8,FALSE,Finnish
finn1318,risotto,8,TRUE,Finnish
gali1258,cause,8,TRUE,Galician
gali1258,gas,8,TRUE,Galician
gali1258,meter,8,FALSE,Galician
gali1258,principal,8,TRUE,Galician
gali1258,radio,8,TRUE,Galician
gali1258,saber,8,FALSE,Galician
gali1258,salsa,8,TRUE,Galician
gali1258,tea,8,FALSE,Galician
gali1258,tempo,8,FALSE,Galician
hait1244,gate,8,FALSE,Haitian
hait1244,pat,8,FALSE,Haitian
hait1244,plant,8,TRUE,Haitian
hung1274,mousse,8,TRUE,Hungarian
hung1274,pizza,8,TRUE,Hungarian
iban1264,wad,8,FALSE,Iban
icel1247,beta,8,TRUE,Icelandic
icel1247,stress,8,TRUE,Icelandic
ilok1237,dose,8,FALSE,Iloko
indo1316,aerosol,8,TRUE,Standard Indonesian
indo1316,grad,8,FALSE,Standard Indonesian
ital1282,best-seller,8,FALSE,Italian
ital1282,karma,8,TRUE,Italian
ital1282,underdog,8,TRUE,Italian
ital1282,videotape,8,TRUE,Italian
lati1261,uranium,8,TRUE,Latin
lati1261,vulvas,8,FALSE,Latin
latv1249,aka,8,FALSE,Latvian
latv1249,fails,8,FALSE,Latvian
latv1249,gods,8,FALSE,Latvian
latv1249,opera,8,TRUE,Latvian
latv1249,robots,8,FALSE,Latvian
latv1249,temps,8,FALSE,Latvian
latv1249,violets,8,FALSE,Latvian
luok1236,mesa,8,FALSE,Luo (Kenya and Tanzania)
luxe1241,rout,8,FALSE,Moselle Franconian
malt1254,bin,8,FALSE,Maltese
malt1254,palm,8,TRUE,Maltese
malt1254,plural,8,TRUE,Maltese
malt1254,sink,8,TRUE,Maltese
malt1254,test,8,TRUE,Maltese
manx1243,tuck,8,FALSE,Manx
mara1404,posed,8,FALSE,Maranao
midd1317,active,8,FALSE,Middle English
midd1317,boy,8,FALSE,Middle English
midd1317,clothes,8,FALSE,Middle English
midd1317,cloud,8,TRUE,Middle English
midd1317,comfort,8,FALSE,Middle English
midd1317,culture,8,FALSE,Middle English
midd1317,deny,8,FALSE,Middle English
midd1317,dew,8,FALSE,Middle English
midd1317,dice,8,FALSE,Middle English
midd1317,dwelling,8,FALSE,Middle English
midd1317,flight,8,TRUE,Middle English
midd1317,foot,8,FALSE,Middle English
midd1317,fox,8,FALSE,Middle English
midd1317,grey,8,TRUE,Middle English
midd1317,heaven,8,FALSE,Middle English
midd1317,home,8,FALSE,Middle English
midd1317,hot,8,TRUE,Middle English
midd1317,lift,8,FALSE,Middle English
midd1317,live,8,FALSE,Middle English
midd1317,maker,8,FALSE,Middle English
midd1317,mat,8,FALSE,Middle English
midd1317,nature,8,TRUE,Middle English
midd1317,noon,8,FALSE,Middle English
midd1317,penance,8,FALSE,Middle English
midd1317,pound,8,TRUE,Middle English
midd1317,question,8,FALSE,Middle English
midd1317,rent,8,TRUE,Middle English
midd1317,rudder,8,FALSE,Middle English
midd1317,sand,8,TRUE,Middle English
midd1317,scrape,8,FALSE,Middle English
midd1317,shine,8,FALSE,Middle English
midd1317,sky,8,TRUE,Middle English
midd1317,snow,8,TRUE,Middle English
midd1317,store,8,FALSE,Middle English
midd1317,sword,8,TRUE,Middle English
midd1317,thin,8,FALSE,Middle English
midd1317,throne,8,FALSE,Middle English
midd1317,thunder,8,FALSE,Middle English
midd1317,trace,8,FALSE,Middle English
midd1317,twig,8,FALSE,Middle English
midd1317,wet,8,TRUE,Middle English
midd1317,wolf,8,TRUE,Middle English
midd1317,won,8,FALSE,Middle English
nort2671,dot,8,FALSE,North Saami
nort2671,jus,8,FALSE,North Saami
nort2671,sus,8,FALSE,North Saami
nort2697,bank,8,TRUE,North Azerbaijani
nort2697,bar,8,TRUE,North Azerbaijani
nort2697,era,8,TRUE,North Azerbaijani
nort2697,tar,8,TRUE,North Azerbaijani
nucl1301,magma,8,TRUE,Turkish
nucl1301,online,8,FALSE,Turkish
nucl1301,pizza,8,TRUE,Turkish
olde1238,brine,8,TRUE,Old English (ca. 450-1100)
oldf1239,compost,8,FALSE,Old French (842-ca. 1400)
oldf1239,corruption,8,TRUE,Old French (842-ca. 1400)
oldf1239,costume,8,FALSE,Old French (842-ca. 1400)
oldf1239,dancer,8,FALSE,Old French (842-ca. 1400)
oldf1239,discretion,8,TRUE,Old French (842-ca. 1400)
oldf1239,franchise,8,FALSE,Old French (842-ca. 1400)
oldf1239,gorge,8,FALSE,Old French (842-ca. 1400)
oldf1239,grievance,8,FALSE,Old French (842-ca. 1400)
oldf1239,honor,8,TRUE,Old French (842-ca. 1400)
oldf1239,pressure,8,TRUE,Old French (842-ca. 1400)
oldf1239,profitable,8,FALSE,Old French (842-ca. 1400)
oldf1239,recorder,8,FALSE,Old French (842-ca. 1400)
oldf1239,redemption,8,TRUE,Old French (842-ca. 1400)
oldf1239,regal,8,TRUE,Old French (842-ca. 1400)
oldf1239,remission,8,TRUE,Old French (842-ca. 1400)
oldf1239,repugnant,8,FALSE,Old French (842-ca. 1400)
oldf1239,response,8,TRUE,Old French (842-ca. 1400)
oldf1239,robes,8,FALSE,Old French (842-ca. 1400)
oldf1239,role,8,FALSE,Old French (842-ca. 1400)
oldf1239,site,8,TRUE,Old French (842-ca. 1400)
oldf1239,suggestion,8,TRUE,Old French (842-ca. 1400)
oldf1239,tremor,8,FALSE,Old French (842-ca. 1400)
oldf1239,verge,8,FALSE,Old French (842-ca. 1400)
oldf1239,voucher,8,FALSE,Old French (842-ca. 1400)
oldn1244,ing,8,FALSE,Old Norse
papi1253,awe,8,FALSE,Papiamento
papi1253,solo,8,FALSE,Papiamento
penn1240,link,8,FALSE,Pennsylvania German
plau1238,gone,8,FALSE,Plautdietsch
plau1238,junk,8,FALSE,Plautdietsch
poli1260,aerosol,8,FALSE,Polish
poli1260,cache,8,TRUE,Polish
poli1260,magenta,8,TRUE,Polish
poli1260,magma,8,TRUE,Polish
poli1260,ranking,8,TRUE,Polish
poli1260,roaming,8,TRUE,Polish
poli1260,sensor,8,TRUE,Polish
poli1260,software,8,TRUE,Polish
poli1260,upgrade,8,TRUE,Polish
port1283,assumes,8,FALSE,Portuguese
port1283,brunch,8,TRUE,Portuguese
port1283,checkup,8,FALSE,Portuguese
port1283,chocolates,8,FALSE,Portuguese
port1283,combo,8,TRUE,Portuguese
port1283,compares,8,FALSE,Portuguese
port1283,dialogues,8,FALSE,Portuguese
port1283,fractures,8,FALSE,Portuguese
port1283,mixes,8,FALSE,Portuguese
port1283,negatives,8,FALSE,Portuguese
port1283,neutrino,8,TRUE,Portuguese
port1283,pulses,8,FALSE,Portuguese
port1283,resolves,8,FALSE,Portuguese
port1283,samurai,8,TRUE,Portuguese
port1283,scanner,8,FALSE,Portuguese
port1283,sensor,8,TRUE,Portuguese
roma1327,aerobic,8,TRUE,Romanian
roma1327,antisocial,8,TRUE,Romanian
roma1327,best-seller,8,FALSE,Romanian
roma1327,blazer,8,TRUE,Romanian
roma1327,broccoli,8,TRUE,Romanian
roma1327,cervix,8,TRUE,Romanian
roma1327,digit,8,TRUE,Romanian
roma1327,draconian,8,TRUE,Romanian
roma1327,ecologist,8,TRUE,Romanian
roma1327,flashback,8,TRUE,Romanian
roma1327,fundamentalism,8,TRUE,Romanian
roma1327,habitual,8,FALSE,Romanian
roma1327,inadvertent,8,TRUE,Romanian
roma1327,latex,8,TRUE,Romanian
roma1327,metabolic,8,TRUE,Romanian
roma1327,mimetic,8,TRUE,Romanian
roma1327,sprinkler,8,TRUE,Romanian
roma1327,superstar,8,TRUE,Romanian
roma1327,topless,8,TRUE,Romanian
scot1243,unspeakable,8,TRUE,Scots
slov1268,admiral,8,TRUE,Slovenian
slov1268,kilometer,8,TRUE,Slovenian
slov1268,urban,8,TRUE,Slovenian
slov1269,grapefruit,8,TRUE,Slovak
slov1269,placenta,8,TRUE,Slovak
slov1269,turban,8,TRUE,Slovak
slov1269,vodka,8,TRUE,Slovak
sout1528,bona,8,FALSE,Serbian-Croatian-Bosnian
sout1528,euro,8,TRUE,Serbian-Croatian-Bosnian
sout1528,laser,8,TRUE,Serbian-Croatian-Bosnian
sout1528,libido,8,TRUE,Serbian-Croatian-Bosnian
sout1528,primate,8,FALSE,Serbian-Croatian-Bosnian
stan1288,hubs,8,FALSE,Spanish
stan1288,icebergs,8,FALSE,Spanish
stan1288,incremental,8,TRUE,Spanish
stan1288,niches,8,FALSE,Spanish
stan1288,plagues,8,FALSE,Spanish
stan1288,redefine,8,TRUE,Spanish
stan1288,replicate,8,TRUE,Spanish
stan1288,societal,8,TRUE,Spanish
stan1288,sprays,8,FALSE,Spanish
stan1288,visas,8,FALSE,Spanish
stan1289,accident,8,TRUE,Catalan
stan1289,art,8,TRUE,Catalan
stan1289,base,8,TRUE,Catalan
stan1289,cars,8,FALSE,Catalan
stan1289,coma,8,TRUE,Catalan
stan1289,corn,8,FALSE,Catalan
stan1289,corpus,8,TRUE,Catalan
stan1289,data,8,FALSE,Catalan
stan1289,desert,8,TRUE,Catalan
stan1289,film,8,TRUE,Catalan
stan1289,fins,8,FALSE,Catalan
stan1289,hoc,8,FALSE,Catalan
stan1289,instrument,8,TRUE,Catalan
stan1289,lateral,8,TRUE,Catalan
stan1289,mall,8,FALSE,Catalan
stan1289,nap,8,FALSE,Catalan
stan1289,normal,8,TRUE,Catalan
stan1289,ones,8,FALSE,Catalan
stan1289,pens,8,FALSE,Catalan
stan1289,presents,8,FALSE,Catalan
stan1289,pus,8,TRUE,Catalan
stan1289,quarts,8,FALSE,Catalan
stan1289,rep,8,FALSE,Catalan
stan1289,rot,8,FALSE,Catalan
stan1289,variable,8,TRUE,Catalan
stan1289,vocal,8,TRUE,Catalan
stan1290,appropriations,8,FALSE,French
stan1290,chromosomes,8,FALSE,French
stan1290,classifications,8,FALSE,French
stan1290,icebergs,8,FALSE,French
stan1290,philtrum,8,TRUE,French
stan1295,degenerative,8,FALSE,German
stan1306,banjo,8,TRUE,Standard Malay
stan1306,neon,8,TRUE,Standard Malay
stan1306,proton,8,TRUE,Standard Malay
swed1254,artists,8,FALSE,Swedish
swed1254,ballerina,8,TRUE,Swedish
swed1254,banjo,8,TRUE,Swedish
swed1254,bartender,8,TRUE,Swedish
swed1254,cardigan,8,TRUE,Swedish
swed1254,expansive,8,FALSE,Swedish
swed1254,feminist,8,TRUE,Swedish
swed1254,frustration,8,TRUE,Swedish
swed1254,gems,8,FALSE,Swedish
swed1254,ghetto,8,TRUE,Swedish
swed1254,guru,8,TRUE,Swedish
swed1254,helium,8,TRUE,Swedish
swed1254,idealism,8,TRUE,Swedish
swed1254,imperialism,8,TRUE,Swedish
swed1254,imperialist,8,TRUE,Swedish
swed1254,inferno,8,TRUE,Swedish
swed1254,initiation,8,TRUE,Swedish
swed1254,institutions,8,FALSE,Swedish
swed1254,marina,8,TRUE,Swedish
swed1254,metabolism,8,TRUE,Swedish
swed1254,pacifist,8,TRUE,Swedish
swed1254,pensions,8,FALSE,Swedish
swed1254,plankton,8,TRUE,Swedish
swed1254,posts,8,FALSE,Swedish
swed1254,realist,8,TRUE,Swedish
swed1254,repression,8,TRUE,Swedish
swed1254,shots,8,FALSE,Swedish
swed1254,snacks,8,FALSE,Swedish
swed1254,spades,8,FALSE,Swedish
swed1254,systems,8,FALSE,Swedish
swed1254,thriller,8,TRUE,Swedish
swed1254,trauma,8,TRUE,Swedish
swed1254,unilateral,8,TRUE,Swedish
swed1254,visas,8,FALSE,Swedish
swed1254,wok,8,TRUE,Swedish
taga1270,taping,8,FALSE,Tagalog
taga1270,virus,8,TRUE,Tagalog
teop1238,moon,8,FALSE,Teop
tokp1240,kit,8,FALSE,Tok Pisin
unam1242,hate,8,FALSE,Unami
uppe1395,law,8,FALSE,Upper Sorbian
west2354,auto,8,FALSE,Western Frisian
west2354,bear,8,TRUE,Western Frisian
west2354,hope,8,TRUE,Western Frisian
west2354,sin,8,FALSE,Western Frisian
xhos1239,cola,8,FALSE,Xhosa
yaka1277,guru,8,FALSE,Yakan
yuca1254,bat,8,FALSE,Yucatec Maya
arom1237,drum,7,FALSE,Aromanian
arom1237,nod,7,FALSE,Aromanian
basq1248,radio,7,FALSE,Basque
cebu1242,bangs,7,FALSE,Cebuano
cebu1242,hiring,7,FALSE,Cebuano
cebu1242,ultimatum,7,FALSE,Cebuano
cent2087,pan,7,FALSE,Coastal-Naga Bikol
chuu1238,sat,7,FALSE,Chuukese
corn1251,pocket,7,TRUE,Cornish
cree1270,pose,7,FALSE,Creek
czec1258,aids,7,TRUE,Czech
czec1258,astronaut,7,TRUE,Czech
czec1258,groggy,7,FALSE,Czech
czec1258,kimono,7,TRUE,Czech
czec1258,libido,7,TRUE,Czech
czec1258,mutant,7,TRUE,Czech
czec1258,referendum,7,TRUE,Czech
czec1258,sprinter,7,TRUE,Czech
czec1258,tango,7,TRUE,Czech
czec1258,video,7,TRUE,Czech
dani1285,digital,7,TRUE,Danish
dani1285,emigration,7,TRUE,Danish
dani1285,flags,7,FALSE,Danish
dani1285,fuck,7,FALSE,Danish
dani1285,hospitals,7,FALSE,Danish
dani1285,kinds,7,FALSE,Danish
dani1285,knives,7,FALSE,Danish
dani1285,magnesium,7,TRUE,Danish
dani1285,montage,7,TRUE,Danish
dani1285,moratorium,7,TRUE,Danish
dani1285,piles,7,FALSE,Danish
dani1285,planets,7,FALSE,Danish
dani1285,races,7,FALSE,Danish
dani1285,spam,7,FALSE,Danish
dani1285,tones,7,FALSE,Danish
dani1285,virus,7,TRUE,Danish
dani1285,yoghurt,7,TRUE,Danish
dutc1256,amateurs,7,FALSE,Dutch
dutc1256,artefact,7,TRUE,Dutch
dutc1256,bandages,7,FALSE,Dutch
dutc1256,chefs,7,FALSE,Dutch
dutc1256,clans,7,FALSE,Dutch
dutc1256,collage,7,TRUE,Dutch
dutc1256,criteria,7,FALSE,Dutch
dutc1256,cyanide,7,TRUE,Dutch
dutc1256,ethos,7,TRUE,Dutch
dutc1256,goals,7,FALSE,Dutch
dutc1256,jacks,7,FALSE,Dutch
dutc1256,racist,7,TRUE,Dutch
dutc1256,romances,7,FALSE,Dutch
dutc1256,scores,7,FALSE,Dutch
dutc1256,skateboard,7,TRUE,Dutch
dutc1256,tests,7,FALSE,Dutch
dutc1256,topless,7,TRUE,Dutch
esto1258,autos,7,FALSE,Estonian
esto1258,hamburger,7,TRUE,Estonian
esto1258,plankton,7,TRUE,Estonian
esto1258,tees,7,FALSE,Estonian
esto1258,veal,7,FALSE,Estonian
finn1318,atrium,7,TRUE,Finnish
finn1318,emeritus,7,TRUE,Finnish
finn1318,enigma,7,TRUE,Finnish
finn1318,euro,7,TRUE,Finnish
finn1318,feedback,7,TRUE,Finnish
finn1318,fudge,7,TRUE,Finnish
finn1318,goodwill,7,TRUE,Finnish
finn1318,guru,7,TRUE,Finnish
finn1318,hiatus,7,TRUE,Finnish
finn1318,inferno,7,TRUE,Finnish
finn1318,manila,7,TRUE,Finnish
finn1318,oregano,7,TRUE,Finnish
finn1318,paranoia,7,TRUE,Finnish
finn1318,peso,7,TRUE,Finnish
finn1318,radon,7,TRUE,Finnish
finn1318,rotunda,7,TRUE,Finnish
finn1318,voodoo,7,TRUE,Finnish
gali1258,actor,7,TRUE,Galician
gali1258,case,7,FALSE,Galician
gali1258,cruel,7,TRUE,Galician
gali1258,dance,7,TRUE,Galician
gali1258,defender,7,FALSE,Galician
gali1258,escape,7,TRUE,Galician
gali1258,fame,7,FALSE,Galician
gali1258,free,7,FALSE,Galician
gali1258,gusto,7,FALSE,Galician
gali1258,interior,7,TRUE,Galician
gali1258,lace,7,FALSE,Galician
gali1258,legal,7,TRUE,Galician
gali1258,mesa,7,FALSE,Galician
gali1258,render,7,TRUE,Galician
gali1258,sexual,7,TRUE,Galician
gali1258,son,7,FALSE,Galician
hait1244,bra,7,FALSE,Haitian
hait1244,mas,7,FALSE,Haitian
hait1244,prepare,7,TRUE,Haitian
haus1257,sauna,7,FALSE,Hausa
hung1274,laptop,7,TRUE,Hungarian
hung1274,magma,7,TRUE,Hungarian
hung1274,termed,7,FALSE,Hungarian
icel1247,brands,7,FALSE,Icelandic
icel1247,fart,7,FALSE,Icelandic
indo1316,asteroid,7,TRUE,Standard Indonesian
indo1316,doping,7,TRUE,Standard Indonesian
indo1316,trimester,7,TRUE,Standard Indonesian
ital1282,logos,7,TRUE,Italian
ital1282,supernova,7,TRUE,Italian
ladi1251,era,7,FALSE,Ladino
lati1261,affective,7,FALSE,Latin
lati1261,clitoris,7,TRUE,Latin
lati1261,determinant,7,FALSE,Latin
lati1261,locale,7,FALSE,Latin
lati1261,placebo,7,FALSE,Latin
latv1249,parole,7,FALSE,Latvian
latv1249,salts,7,FALSE,Latvian
latv1249,slave,7,FALSE,Latvian
latv1249,solo,7,TRUE,Latvian
latv1249,villa,7,TRUE,Latvian
malt1254,tin,7,FALSE,Maltese
malt1254,ward,7,FALSE,Maltese
mans1262,boot,7,FALSE,Mansaka
manx1243,furnish,7,FALSE,Manx
midd1317,ache,7,FALSE,Middle English
midd1317,ark,7,FALSE,Middle English
midd1317,awe,7,TRUE,Middle English
midd1317,bank,7,FALSE,Middle English
midd1317,basket,7,TRUE,Middle English
midd1317,brand,7,FALSE,Middle English
midd1317,breed,7,FALSE,Middle English
midd1317,burst,7,FALSE,Middle English
midd1317,club,7,FALSE,Middle English
midd1317,corn,7,FALSE,Middle English
midd1317,cure,7,FALSE,Middle English
midd1317,deal,7,FALSE,Middle English
midd1317,doom,7,FALSE,Middle English
midd1317,earn,7,FALSE,Middle English
midd1317,ease,7,FALSE,Middle English
midd1317,enemy,7,TRUE,Middle English
midd1317,fallen,7,FALSE,Middle English
midd1317,flour,7,TRUE,Middle English
midd1317,fond,7,FALSE,Middle English
midd1317,fore,7,TRUE,Middle English
midd1317,friend,7,FALSE,Middle English
midd1317,garden,7,FALSE,Middle English
midd1317,gay,7,FALSE,Middle English
midd1317,gras,7,FALSE,Middle English
midd1317,hare,7,FALSE,Middle English
midd1317,hem,7,TRUE,Middle English
midd1317,hospital,7,FALSE,Middle English
midd1317,hour,7,FALSE,Middle English
midd1317,issue,7,TRUE,Middle English
midd1317,ivory,7,FALSE,Middle English
midd1317,kiss,7,FALSE,Middle English
midd1317,lend,7,FALSE,Middle English
midd1317,lore,7,FALSE,Middle English
midd1317,mail,7,FALSE,Middle English
midd1317,manly,7,FALSE,Middle English
midd1317,mock,7,FALSE,Middle English
midd1317,moist,7,FALSE,Middle English
midd1317,nose,7,TRUE,Middle English
midd1317,ought,7,FALSE,Middle English
midd1317,pace,7,FALSE,Middle English
midd1317,palace,7,FALSE,Middle English
midd1317,patience,7,FALSE,Middle English
midd1317,pie,7,FALSE,Middle English
midd1317,pilgrimage,7,TRUE,Middle English
midd1317,pure,7,TRUE,Middle English
midd1317,rebellion,7,FALSE,Middle English
midd1317,recover,7,FALSE,Middle English
midd1317,ride,7,FALSE,Middle English
midd1317,sight,7,FALSE,Middle English
midd1317,sister,7,FALSE,Middle English
midd1317,smart,7,FALSE,Middle English
midd1317,smoke,7,TRUE,Middle English
midd1317,street,7,FALSE,Middle English
midd1317,stroke,7,FALSE,Middle English
midd1317,swell,7,FALSE,Middle English
midd1317,tail,7,FALSE,Middle English
midd1317,token,7,TRUE,Middle English
midd1317,tome,7,FALSE,Middle English
midd1317,true,7,FALSE,Middle English
midd1317,view,7,FALSE,Middle English
midd1317,violence,7,TRUE,Middle English
nort2671,diet,7,FALSE,North Saami
nort2697,planet,7,TRUE,North Azerbaijani
nort2697,tale,7,FALSE,North Azerbaijani
nort2697,tin,7,FALSE,North Azerbaijani
nucl1301,bikini,7,TRUE,Turkish
oldf1239,arson,7,TRUE,Old French (842-ca. 1400)
oldf1239,bat,7,FALSE,Old French (842-ca. 1400)
oldf1239,complexion,7,TRUE,Old French (842-ca. 1400)
oldf1239,cue,7,FALSE,Old French (842-ca. 1400)
oldf1239,fret,7,FALSE,Old French (842-ca. 1400)
oldf1239,guise,7,FALSE,Old French (842-ca. 1400)
oldf1239,liberal,7,FALSE,Old French (842-ca. 1400)
oldf1239,licence,7,FALSE,Old French (842-ca. 1400)
oldf1239,paste,7,TRUE,Old French (842-ca. 1400)
oldf1239,pastor,7,TRUE,Old French (842-ca. 1400)
oldf1239,pavement,7,FALSE,Old French (842-ca. 1400)
oldf1239,plaid,7,FALSE,Old French (842-ca. 1400)
oldf1239,plume,7,TRUE,Old French (842-ca. 1400)
oldf1239,resemblance,7,FALSE,Old French (842-ca. 1400)
oldf1239,session,7,TRUE,Old French (842-ca. 1400)
oldf1239,summer,7,TRUE,Old French (842-ca. 1400)
oldf1239,tenement,7,FALSE,Old French (842-ca. 1400)
oldf1239,trainer,7,FALSE,Old French (842-ca. 1400)
oldf1239,usage,7,TRUE,Old French (842-ca. 1400)
oldn1244,bands,7,FALSE,Old Norse
oldn1244,blend,7,TRUE,Old Norse
plau1238,bees,7,FALSE,Plautdietsch
poli1260,bestseller,7,TRUE,Polish
poli1260,manila,7,TRUE,Polish
poli1260,mutant,7,TRUE,Polish
poli1260,optimum,7,TRUE,Polish
poli1260,patio,7,TRUE,Polish
poli1260,router,7,TRUE,Polish
poli1260,topless,7,TRUE,Polish
port1283,aliens,7,FALSE,Portuguese
port1283,amino,7,FALSE,Portuguese
port1283,avatar,7,TRUE,Portuguese
port1283,brides,7,FALSE,Portuguese
port1283,camper,7,TRUE,Portuguese
port1283,chutney,7,TRUE,Portuguese
port1283,clips,7,FALSE,Portuguese
port1283,coaches,7,FALSE,Portuguese
port1283,egos,7,FALSE,Portuguese
port1283,on-line,7,TRUE,Portuguese
port1283,pixel,7,TRUE,Portuguese
port1283,poses,7,FALSE,Portuguese
port1283,processes,7,FALSE,Portuguese
port1283,rifles,7,FALSE,Portuguese
port1283,sites,7,FALSE,Portuguese
port1283,spas,7,FALSE,Portuguese
roma1327,artefact,7,FALSE,Romanian
roma1327,axial,7,TRUE,Romanian
roma1327,bungalow,7,TRUE,Romanian
roma1327,chili,7,TRUE,Romanian
roma1327,conceptual,7,TRUE,Romanian
roma1327,favoritism,7,TRUE,Romanian
roma1327,galactic,7,TRUE,Romanian
roma1327,hormonal,7,TRUE,Romanian
roma1327,karma,7,TRUE,Romanian
roma1327,kimono,7,TRUE,Romanian
roma1327,lesbian,7,TRUE,Romanian
roma1327,libido,7,TRUE,Romanian
roma1327,magenta,7,TRUE,Romanian
roma1327,modelling,7,TRUE,Romanian
roma1327,pandemic,7,TRUE,Romanian
roma1327,relativism,7,TRUE,Romanian
roma1327,scorer,7,TRUE,Romanian
roma1327,semiconductor,7,TRUE,Romanian
roma1327,shaker,7,TRUE,Romanian
roma1327,shortening,7,TRUE,Romanian
roma1327,sociologist,7,TRUE,Romanian
roma1327,spam,7,TRUE,Romanian
roma1327,subtext,7,TRUE,Romanian
roma1327,visceral,7,TRUE,Romanian
scot1243,municipality,7,TRUE,Scots
scot1243,rumps,7,FALSE,Scots
scot1243,spherical,7,TRUE,Scots
slov1268,stark,7,FALSE,Slovenian
slov1269,kilometer,7,TRUE,Slovak
slov1269,pasta,7,FALSE,Slovak
slov1269,penis,7,TRUE,Slovak
slov1269,psi,7,FALSE,Slovak
slov1269,whisky,7,TRUE,Slovak
sout1528,asteroid,7,TRUE,Serbian-Croatian-Bosnian
sout1528,neutron,7,TRUE,Serbian-Croatian-Bosnian
sout1528,patina,7,TRUE,Serbian-Croatian-Bosnian
sout1528,proton,7,TRUE,Serbian-Croatian-Bosnian
stan1288,ascended,7,FALSE,Spanish
stan1288,catchers,7,FALSE,Spanish
stan1288,competed,7,FALSE,Spanish
stan1288,crushes,7,FALSE,Spanish
stan1288,geek,7,TRUE,Spanish
stan1288,granola,7,TRUE,Spanish
stan1288,histories,7,FALSE,Spanish
stan1288,presumes,7,FALSE,Spanish
stan1288,resumes,7,FALSE,Spanish
stan1288,sushi,7,TRUE,Spanish
stan1289,ant,7,FALSE,Catalan
stan1289,carp,7,FALSE,Catalan
stan1289,cinema,7,TRUE,Catalan
stan1289,clip,7,TRUE,Catalan
stan1289,company,7,FALSE,Catalan
stan1289,considerable,7,TRUE,Catalan
stan1289,dates,7,FALSE,Catalan
stan1289,detergent,7,TRUE,Catalan
stan1289,doctor,7,TRUE,Catalan
stan1289,gall,7,FALSE,Catalan
stan1289,grill,7,FALSE,Catalan
stan1289,home,7,FALSE,Catalan
stan1289,hospital,7,TRUE,Catalan
stan1289,idea,7,TRUE,Catalan
stan1289,litre,7,TRUE,Catalan
stan1289,marina,7,TRUE,Catalan
stan1289,model,7,TRUE,Catalan
stan1289,molar,7,TRUE,Catalan
stan1289,ram,7,TRUE,Catalan
stan1289,ran,7,FALSE,Catalan
stan1289,rat,7,TRUE,Catalan
stan1289,revolt,7,FALSE,Catalan
stan1289,torn,7,FALSE,Catalan
stan1289,triangle,7,TRUE,Catalan
stan1289,unit,7,FALSE,Catalan
stan1289,vehicle,7,TRUE,Catalan
stan1290,ghettos,7,FALSE,French
stan1290,performative,7,FALSE,French
stan1290,pipelines,7,FALSE,French
stan1290,routines,7,FALSE,French
stan1306,egos,7,FALSE,Standard Malay
sund1252,mayor,7,FALSE,Sundanese
swah1253,karate,7,TRUE,Swahili
swat1243,coca,7,FALSE,Swati
swed1254,adapter,7,TRUE,Swedish
swed1254,adoptive,7,FALSE,Swedish
swed1254,altruism,7,TRUE,Swedish
swed1254,attacks,7,FALSE,Swedish
swed1254,autopilot,7,TRUE,Swedish
swed1254,backs,7,FALSE,Swedish
swed1254,bins,7,FALSE,Swedish
swed1254,cannabis,7,TRUE,Swedish
swed1254,chassis,7,FALSE,Swedish
swed1254,covers,7,FALSE,Swedish
swed1254,cowboys,7,FALSE,Swedish
swed1254,deadline,7,TRUE,Swedish
swed1254,divisions,7,FALSE,Swedish
swed1254,fragments,7,FALSE,Swedish
swed1254,herpes,7,TRUE,Swedish
swed1254,immigrants,7,FALSE,Swedish
swed1254,lakes,7,FALSE,Swedish
swed1254,libido,7,TRUE,Swedish
swed1254,lifts,7,FALSE,Swedish
swed1254,mangrove,7,TRUE,Swedish
swed1254,migrant,7,TRUE,Swedish
swed1254,millennium,7,TRUE,Swedish
swed1254,missions,7,FALSE,Swedish
swed1254,moratorium,7,TRUE,Swedish
swed1254,motions,7,FALSE,Swedish
swed1254,motivation,7,TRUE,Swedish
swed1254,nationalism,7,TRUE,Swedish
swed1254,pickup,7,TRUE,Swedish
swed1254,plutonium,7,TRUE,Swedish
swed1254,professionalism,7,TRUE,Swedish
swed1254,protagonist,7,TRUE,Swedish
swed1254,radios,7,FALSE,Swedish
swed1254,researcher,7,TRUE,Swedish
swed1254,semifinal,7,TRUE,Swedish
swed1254,sensations,7,FALSE,Swedish
swed1254,showers,7,FALSE,Swedish
swed1254,spam,7,TRUE,Swedish
swed1254,strands,7,FALSE,Swedish
swed1254,surfing,7,TRUE,Swedish
swed1254,terrorist,7,TRUE,Swedish
swed1254,traditions,7,FALSE,Swedish
taus1251,sat,7,FALSE,Tausug
tetu1245,hat,7,FALSE,Tetum
tokp1240,des,7,FALSE,Tok Pisin
tokp1240,pop,7,FALSE,Tok Pisin
tokp1240,soda,7,FALSE,Tok Pisin
uppe1395,hat,7,FALSE,Upper Sorbian
wels1247,cachet,7,FALSE,Welsh
wels1247,radon,7,TRUE,Welsh
west2354,ark,7,FALSE,Western Frisian
west2354,breed,7,FALSE,Western Frisian
west2354,held,7,FALSE,Western Frisian
west2354,pear,7,FALSE,Western Frisian
west2354,side,7,TRUE,Western Frisian
west2354,slim,7,FALSE,Western Frisian
west2354,want,7,FALSE,Western Frisian
yoga1237,tan,7,FALSE,Yogad
afri1274,limousine,6,TRUE,Afrikaans
arom1237,mare,6,FALSE,Aromanian
arom1237,min,6,FALSE,Aromanian
ayiw1239,site,6,FALSE,Äiwoo
basq1248,ate,6,FALSE,Basque
basq1248,country,6,TRUE,Basque
basq1248,motel,6,TRUE,Basque
basq1248,soil,6,FALSE,Basque
beja1238,yam,6,FALSE,Beja
bret1244,bank,6,TRUE,Breton
bret1244,post,6,TRUE,Breton
cebu1242,admiral,6,FALSE,Cebuano
cebu1242,atlas,6,FALSE,Cebuano
cebu1242,championship,6,FALSE,Cebuano
cebu1242,planter,6,FALSE,Cebuano
cebu1242,salon,6,TRUE,Cebuano
cebu1242,salvage,6,FALSE,Cebuano
cebu1242,satin,6,TRUE,Cebuano
cebu1242,slogan,6,TRUE,Cebuano
cent2087,song,6,FALSE,Coastal-Naga Bikol
chuu1238,pink,6,TRUE,Chuukese
clas1250,cue,6,FALSE,Classical Nahuatl
corn1251,plans,6,FALSE,Cornish
corn1251,tiger,6,TRUE,Cornish
czec1258,analog,6,TRUE,Czech
czec1258,bestseller,6,TRUE,Czech
czec1258,deadlock,6,TRUE,Czech
czec1258,developer,6,TRUE,Czech
czec1258,karma,6,TRUE,Czech
czec1258,plaza,6,TRUE,Czech
czec1258,proton,6,TRUE,Czech
czec1258,relevance,6,TRUE,Czech
czec1258,smog,6,TRUE,Czech
czec1258,tundra,6,TRUE,Czech
dani1285,asset,6,FALSE,Danish
dani1285,atoms,6,FALSE,Danish
dani1285,barons,6,FALSE,Danish
dani1285,chips,6,FALSE,Danish
dani1285,cute,6,FALSE,Danish
dani1285,dates,6,FALSE,Danish
dani1285,dispersion,6,FALSE,Danish
dani1285,fantasy,6,TRUE,Danish
dani1285,graves,6,FALSE,Danish
dani1285,laser,6,TRUE,Danish
dani1285,masturbation,6,TRUE,Danish
dani1285,mister,6,FALSE,Danish
dani1285,nitrogen,6,TRUE,Danish
dani1285,paprika,6,TRUE,Danish
dani1285,peanut,6,TRUE,Danish
dani1285,penis,6,TRUE,Danish
dani1285,rapper,6,TRUE,Danish
dani1285,rivers,6,FALSE,Danish
dani1285,segregation,6,FALSE,Danish
dani1285,shows,6,FALSE,Danish
dani1285,video,6,TRUE,Danish
dani1285,vitamins,6,FALSE,Danish
dutc1256,aliens,6,FALSE,Dutch
dutc1256,bassist,6,TRUE,Dutch
dutc1256,bugs,6,FALSE,Dutch
dutc1256,cannabis,6,TRUE,Dutch
dutc1256,canons,6,FALSE,Dutch
dutc1256,charisma,6,TRUE,Dutch
dutc1256,clusters,6,FALSE,Dutch
dutc1256,computers,6,FALSE,Dutch
dutc1256,deadline,6,TRUE,Dutch
dutc1256,dips,6,FALSE,Dutch
dutc1256,essays,6,FALSE,Dutch
dutc1256,gourmet,6,TRUE,Dutch
dutc1256,graffiti,6,TRUE,Dutch
dutc1256,liters,6,FALSE,Dutch
dutc1256,macho,6,TRUE,Dutch
dutc1256,magazines,6,FALSE,Dutch
dutc1256,motors,6,FALSE,Dutch
dutc1256,oeuvre,6,TRUE,Dutch
dutc1256,overruled,6,FALSE,Dutch
dutc1256,pacifist,6,TRUE,Dutch
dutc1256,pensions,6,FALSE,Dutch
dutc1256,pizza,6,TRUE,Dutch
dutc1256,predator,6,TRUE,Dutch
dutc1256,psi,6,TRUE,Dutch
dutc1256,scouts,6,FALSE,Dutch
dutc1256,software,6,TRUE,Dutch
dutc1256,spins,6,FALSE,Dutch
esto1258,orgasm,6,TRUE,Estonian
finn1318,anus,6,TRUE,Finnish
finn1318,audio,6,TRUE,Finnish
finn1318,cheddar,6,TRUE,Finnish
finn1318,darts,6,TRUE,Finnish
finn1318,deadline,6,TRUE,Finnish
finn1318,demo,6,TRUE,Finnish
finn1318,entree,6,FALSE,Finnish
finn1318,limo,6,FALSE,Finnish
finn1318,mafia,6,TRUE,Finnish
finn1318,martini,6,TRUE,Finnish
finn1318,nostalgia,6,TRUE,Finnish
finn1318,patio,6,TRUE,Finnish
finn1318,rodeo,6,TRUE,Finnish
finn1318,samurai,6,TRUE,Finnish
finn1318,vulva,6,TRUE,Finnish
gali1258,actual,6,TRUE,Galician
gali1258,alcohol,6,TRUE,Galician
gali1258,bar,6,TRUE,Galician
gali1258,cola,6,FALSE,Galician
gali1258,color,6,TRUE,Galician
gali1258,comer,6,FALSE,Galician
gali1258,coral,6,TRUE,Galician
gali1258,cream,6,FALSE,Galician
gali1258,delta,6,TRUE,Galician
gali1258,demo,6,FALSE,Galician
gali1258,director,6,TRUE,Galician
gali1258,error,6,TRUE,Galician
gali1258,fine,6,FALSE,Galician
gali1258,funeral,6,TRUE,Galician
gali1258,home,6,FALSE,Galician
gali1258,late,6,FALSE,Galician
gali1258,mate,6,TRUE,Galician
gali1258,moral,6,TRUE,Galician
gali1258,nave,6,TRUE,Galician
gali1258,plural,6,TRUE,Galician
gali1258,regular,6,TRUE,Galician
gali1258,sole,6,FALSE,Galician
gali1258,tape,6,FALSE,Galician
gali1258,vote,6,TRUE,Galician
hait1244,rape,6,FALSE,Haitian
hung1274,radon,6,TRUE,Hungarian
icel1247,gamma,6,TRUE,Icelandic
icel1247,taut,6,FALSE,Icelandic
indo1316,sparing,6,FALSE,Standard Indonesian
indo1316,velum,6,TRUE,Standard Indonesian
iris1253,stoic,6,FALSE,Irish
ital1282,browser,6,TRUE,Italian
ital1282,degenerative,6,FALSE,Italian
kawi1241,saga,6,FALSE,Kawi
lati1261,aluminium,6,TRUE,Latin
lati1261,amphitheater,6,FALSE,Latin
lati1261,argues,6,FALSE,Latin
lati1261,elevator,6,FALSE,Latin
lati1261,informative,6,FALSE,Latin
lati1261,magnesium,6,TRUE,Latin
lati1261,octopus,6,TRUE,Latin
lati1261,offenses,6,FALSE,Latin
lati1261,prognosis,6,FALSE,Latin
lati1261,quadriceps,6,FALSE,Latin
lati1261,tuberculosis,6,TRUE,Latin
latv1249,bites,6,FALSE,Latvian
latv1249,deg,6,FALSE,Latvian
latv1249,embargo,6,TRUE,Latvian
latv1249,mats,6,FALSE,Latvian
latv1249,niece,6,FALSE,Latvian
latv1249,organisms,6,FALSE,Latvian
latv1249,stops,6,FALSE,Latvian
latv1249,variants,6,FALSE,Latvian
ling1263,mesa,6,FALSE,Kinshasa Lingala
loui1240,commerce,6,TRUE,Louisiana Creole French
luxe1241,manner,6,FALSE,Moselle Franconian
luxe1241,seen,6,FALSE,Moselle Franconian
magu1243,ban,6,FALSE,Maguindanao
malt1254,punt,6,FALSE,Maltese
manx1243,fend,6,FALSE,Manx
mara1404,basal,6,FALSE,Maranao
midd1317,adamant,6,TRUE,Middle English
midd1317,ape,6,FALSE,Middle English
midd1317,arch,6,TRUE,Middle English
midd1317,ate,6,FALSE,Middle English
midd1317,baron,6,FALSE,Middle English
midd1317,bones,6,FALSE,Middle English
midd1317,brink,6,FALSE,Middle English
midd1317,cheek,6,FALSE,Middle English
midd1317,choice,6,FALSE,Middle English
midd1317,cite,6,FALSE,Middle English
midd1317,claw,6,FALSE,Middle English
midd1317,count,6,FALSE,Middle English
midd1317,dam,6,FALSE,Middle English
midd1317,elf,6,TRUE,Middle English
midd1317,figure,6,FALSE,Middle English
midd1317,flame,6,FALSE,Middle English
midd1317,future,6,TRUE,Middle English
midd1317,gon,6,FALSE,Middle English
midd1317,gone,6,FALSE,Middle English
midd1317,greet,6,FALSE,Middle English
midd1317,ham,6,FALSE,Middle English
midd1317,happy,6,FALSE,Middle English
midd1317,homage,6,FALSE,Middle English
midd1317,houses,6,FALSE,Middle English
midd1317,husband,6,FALSE,Middle English
midd1317,intelligence,6,FALSE,Middle English
midd1317,kin,6,FALSE,Middle English
midd1317,laugh,6,FALSE,Middle English
midd1317,led,6,FALSE,Middle English
midd1317,lion,6,FALSE,Middle English
midd1317,makes,6,FALSE,Middle English
midd1317,mantle,6,FALSE,Middle English
midd1317,min,6,FALSE,Middle English
midd1317,month,6,FALSE,Middle English
midd1317,murmur,6,FALSE,Middle English
midd1317,naked,6,FALSE,Middle English
midd1317,ounce,6,TRUE,Middle English
midd1317,owe,6,FALSE,Middle English
midd1317,poll,6,FALSE,Middle English
midd1317,porter,6,FALSE,Middle English
midd1317,provision,6,FALSE,Middle English
midd1317,quarter,6,TRUE,Middle English
midd1317,real,6,TRUE,Middle English
midd1317,riding,6,FALSE,Middle English
midd1317,robber,6,FALSE,Middle English
midd1317,robbery,6,FALSE,Middle English
midd1317,save,6,FALSE,Middle English
midd1317,sew,6,FALSE,Middle English
midd1317,sheep,6,FALSE,Middle English
midd1317,simple,6,FALSE,Middle English
midd1317,singing,6,FALSE,Middle English
midd1317,spice,6,FALSE,Middle English
midd1317,spider,6,FALSE,Middle English
midd1317,square,6,FALSE,Middle English
midd1317,stain,6,FALSE,Middle English
midd1317,stones,6,FALSE,Middle English
midd1317,sun,6,FALSE,Middle English
midd1317,sure,6,TRUE,Middle English
midd1317,tie,6,FALSE,Middle English
midd1317,vapour,6,FALSE,Middle English
midd1317,verses,6,FALSE,Middle English
midd1317,week,6,FALSE,Middle English
midd1317,write,6,FALSE,Middle English
midd1343,wine,6,FALSE,Middle High German
nort2697,aid,6,FALSE,North Azerbaijani
nort2697,artist,6,FALSE,North Azerbaijani
nort2697,bolt,6,TRUE,North Azerbaijani
nort2697,kin,6,FALSE,North Azerbaijani
nort2697,problem,6,TRUE,North Azerbaijani
nort2961,bin,6,FALSE,Northwestern Ojibwa
nucl1301,doping,6,TRUE,Turkish
nucl1301,habitat,6,TRUE,Turkish
nucl1347,guy,6,FALSE,Wolof
nucl1347,peel,6,FALSE,Wolof
nucl1643,oregano,6,FALSE,Japanese
olde1238,sibling,6,FALSE,Old English (ca. 450-1100)
oldf1239,amiable,6,TRUE,Old French (842-ca. 1400)
oldf1239,bras,6,FALSE,Old French (842-ca. 1400)
oldf1239,chef,6,FALSE,Old French (842-ca. 1400)
oldf1239,continuation,6,TRUE,Old French (842-ca. 1400)
oldf1239,digest,6,FALSE,Old French (842-ca. 1400)
oldf1239,digestion,6,TRUE,Old French (842-ca. 1400)
oldf1239,jargon,6,FALSE,Old French (842-ca. 1400)
oldf1239,kernel,6,FALSE,Old French (842-ca. 1400)
oldf1239,minute,6,TRUE,Old French (842-ca. 1400)
oldf1239,mosque,6,TRUE,Old French (842-ca. 1400)
oldf1239,pensive,6,TRUE,Old French (842-ca. 1400)
oldf1239,pirate,6,TRUE,Old French (842-ca. 1400)
oldf1239,poignant,6,FALSE,Old French (842-ca. 1400)
oldf1239,poise,6,FALSE,Old French (842-ca. 1400)
oldf1239,poke,6,FALSE,Old French (842-ca. 1400)
oldf1239,pore,6,TRUE,Old French (842-ca. 1400)
oldf1239,primer,6,TRUE,Old French (842-ca. 1400)
oldf1239,queue,6,FALSE,Old French (842-ca. 1400)
oldf1239,senator,6,TRUE,Old French (842-ca. 1400)
oldf1239,solitude,6,TRUE,Old French (842-ca. 1400)
oldf1239,tumour,6,FALSE,Old French (842-ca. 1400)
oldf1239,uncle,6,FALSE,Old French (842-ca. 1400)
oldn1244,gala,6,FALSE,Old Norse
oldn1244,vegs,6,FALSE,Old Norse
olds1249,coral,6,TRUE,Old Spanish
pali1273,nude,6,FALSE,Pali
pamp1243,king,6,FALSE,Pampanga
penn1240,angle,6,TRUE,Pennsylvania German
plau1238,blond,6,TRUE,Plautdietsch
pohn1238,ser,6,FALSE,Pohnpeian
poli1260,blender,6,TRUE,Polish
poli1260,cholesterol,6,TRUE,Polish
poli1260,graffiti,6,TRUE,Polish
poli1260,monitoring,6,TRUE,Polish
poli1260,stalking,6,TRUE,Polish
port1283,categorize,6,TRUE,Portuguese
port1283,cheddar,6,FALSE,Portuguese
port1283,combines,6,FALSE,Portuguese
port1283,freestyle,6,TRUE,Portuguese
port1283,indexes,6,FALSE,Portuguese
port1283,lacrosse,6,TRUE,Portuguese
port1283,optimize,6,TRUE,Portuguese
port1283,presumes,6,FALSE,Portuguese
port1283,roles,6,FALSE,Portuguese
port1283,skyline,6,TRUE,Portuguese
port1283,slalom,6,TRUE,Portuguese
port1283,sprinter,6,FALSE,Portuguese
port1283,subsidies,6,FALSE,Portuguese
port1283,tinnitus,6,TRUE,Portuguese
port1283,urines,6,FALSE,Portuguese
port1283,viral,6,TRUE,Portuguese
roma1327,balsamic,6,TRUE,Romanian
roma1327,centrist,6,TRUE,Romanian
roma1327,contextual,6,TRUE,Romanian
roma1327,dude,6,FALSE,Romanian
roma1327,euro,6,TRUE,Romanian
roma1327,feedback,6,TRUE,Romanian
roma1327,full-time,6,TRUE,Romanian
roma1327,hiatus,6,TRUE,Romanian
roma1327,impromptu,6,TRUE,Romanian
roma1327,layout,6,TRUE,Romanian
roma1327,macho,6,TRUE,Romanian
roma1327,mutant,6,TRUE,Romanian
roma1327,prescriptive,6,TRUE,Romanian
roma1327,psi,6,TRUE,Romanian
roma1327,ravioli,6,TRUE,Romanian
roma1327,ruse,6,FALSE,Romanian
roma1327,skateboard,6,TRUE,Romanian
roma1327,staccato,6,TRUE,Romanian
roma1327,stimuli,6,FALSE,Romanian
scot1245,catalog,6,FALSE,Scottish Gaelic
slov1268,dude,6,FALSE,Slovenian
slov1268,liter,6,TRUE,Slovenian
slov1268,mini,6,FALSE,Slovenian
slov1269,gradient,6,TRUE,Slovak
slov1269,linoleum,6,TRUE,Slovak
sout1528,heroin,6,TRUE,Serbian-Croatian-Bosnian
stan1288,bunkers,6,FALSE,Spanish
stan1288,emerges,6,FALSE,Spanish
stan1288,malls,6,FALSE,Spanish
stan1288,minivan,6,TRUE,Spanish
stan1288,modems,6,FALSE,Spanish
stan1288,placentas,6,FALSE,Spanish
stan1288,probes,6,FALSE,Spanish
stan1288,slugger,6,TRUE,Spanish
stan1288,snaps,6,FALSE,Spanish
stan1288,timeline,6,TRUE,Spanish
stan1288,torsos,6,FALSE,Spanish
stan1289,anal,6,TRUE,Catalan
stan1289,bit,6,TRUE,Catalan
stan1289,bona,6,FALSE,Catalan
stan1289,cactus,6,TRUE,Catalan
stan1289,cereal,6,TRUE,Catalan
stan1289,club,6,TRUE,Catalan
stan1289,colors,6,TRUE,Catalan
stan1289,continents,6,FALSE,Catalan
stan1289,delta,6,TRUE,Catalan
stan1289,dental,6,TRUE,Catalan
stan1289,dot,6,FALSE,Catalan
stan1289,fix,6,FALSE,Catalan
stan1289,independent,6,TRUE,Catalan
stan1289,instructor,6,TRUE,Catalan
stan1289,intern,6,TRUE,Catalan
stan1289,lax,6,TRUE,Catalan
stan1289,musical,6,TRUE,Catalan
stan1289,open,6,TRUE,Catalan
stan1289,pans,6,FALSE,Catalan
stan1289,pelvis,6,TRUE,Catalan
stan1289,piano,6,TRUE,Catalan
stan1289,pilot,6,TRUE,Catalan
stan1289,polar,6,TRUE,Catalan
stan1289,poll,6,FALSE,Catalan
stan1289,punt,6,FALSE,Catalan
stan1289,real,6,TRUE,Catalan
stan1289,record,6,FALSE,Catalan
stan1289,reflector,6,TRUE,Catalan
stan1289,reflex,6,TRUE,Catalan
stan1289,restaurant,6,TRUE,Catalan
stan1289,rigor,6,TRUE,Catalan
stan1289,simple,6,TRUE,Catalan
stan1289,tip,6,FALSE,Catalan
stan1289,tram,6,FALSE,Catalan
stan1289,urgent,6,TRUE,Catalan
stan1289,vent,6,FALSE,Catalan
stan1289,versions,6,FALSE,Catalan
stan1289,vocals,6,FALSE,Catalan
stan1290,alligators,6,FALSE,French
stan1290,cliches,6,FALSE,French
stan1290,collaborative,6,FALSE,French
stan1290,flips,6,FALSE,French
stan1290,pueblo,6,FALSE,French
stan1290,rectangles,6,FALSE,French
stan1306,radon,6,TRUE,Standard Malay
stan1306,uranium,6,TRUE,Standard Malay
sume1241,had,6,FALSE,Sumerian
sume1241,rum,6,FALSE,Sumerian
swat1243,babe,6,FALSE,Swati
swed1254,antisocial,6,TRUE,Swedish
swed1254,atoms,6,FALSE,Swedish
swed1254,attacker,6,FALSE,Swedish
swed1254,automation,6,TRUE,Swedish
swed1254,bikini,6,TRUE,Swedish
swed1254,blinks,6,FALSE,Swedish
swed1254,chutney,6,TRUE,Swedish
swed1254,fascism,6,TRUE,Swedish
swed1254,feminism,6,TRUE,Swedish
swed1254,finalist,6,TRUE,Swedish
swed1254,furry,6,TRUE,Swedish
swed1254,illusions,6,FALSE,Swedish
swed1254,infiltration,6,TRUE,Swedish
swed1254,kilometers,6,FALSE,Swedish
swed1254,mascara,6,TRUE,Swedish
swed1254,moderator,6,TRUE,Swedish
swed1254,modernism,6,TRUE,Swedish
swed1254,pistols,6,FALSE,Swedish
swed1254,playback,6,TRUE,Swedish
swed1254,poets,6,FALSE,Swedish
swed1254,professors,6,FALSE,Swedish
swed1254,reparations,6,FALSE,Swedish
swed1254,revolutions,6,FALSE,Swedish
swed1254,risks,6,FALSE,Swedish
swed1254,rivals,6,FALSE,Swedish
swed1254,scooter,6,TRUE,Swedish
swed1254,signals,6,FALSE,Swedish
swed1254,slams,6,FALSE,Swedish
swed1254,sonar,6,TRUE,Swedish
swed1254,staccato,6,TRUE,Swedish
swed1254,stations,6,FALSE,Swedish
swed1254,steroid,6,TRUE,Swedish
swed1254,subversion,6,TRUE,Swedish
swed1254,vinyl,6,TRUE,Swedish
swed1254,vodka,6,TRUE,Swedish
swed1254,woken,6,FALSE,Swedish
taga1270,motel,6,TRUE,Tagalog
tata1255,business,6,TRUE,Tatar
tata1255,may,6,FALSE,Tatar
vlaa1240,pit,6,TRUE,Western Flemish
west2354,beam,6,FALSE,Western Frisian
west2354,bean,6,TRUE,Western Frisian
west2354,blaze,6,FALSE,Western Frisian
west2354,died,6,FALSE,Western Frisian
west2354,east,6,TRUE,Western Frisian
west2354,heal,6,FALSE,Western Frisian
west2354,pine,6,FALSE,Western Frisian
west2354,rein,6,FALSE,Western Frisian
west2354,seal,6,FALSE,Western Frisian
west2354,see,6,FALSE,Western Frisian
west2354,stream,6,TRUE,Western Frisian
west2354,weak,6,FALSE,Western Frisian
west2354,write,6,FALSE,Western Frisian
west2615,bid,6,FALSE,Western Apache
adny1235,euro,5,TRUE,Adnyamathanha
area1240,mama,5,FALSE,'Are'are
arom1237,cash,5,FALSE,Aromanian
arom1237,est,5,FALSE,Aromanian
arom1237,gras,5,FALSE,Aromanian
arom1237,mini,5,FALSE,Aromanian
arom1237,rug,5,FALSE,Aromanian
arom1237,shed,5,FALSE,Aromanian
basq1248,kin,5,FALSE,Basque
basq1248,omen,5,FALSE,Basque
basq1248,squash,5,TRUE,Basque
basq1248,zebra,5,TRUE,Basque
bret1244,biz,5,FALSE,Breton
bret1244,labour,5,FALSE,Breton
bret1244,rod,5,FALSE,Breton
bret1244,sell,5,FALSE,Breton
bret1244,sin,5,FALSE,Breton
bret1244,went,5,FALSE,Breton
casi1235,don,5,FALSE,Casiguran-Nagtipunan Agta
cebu1242,paprika,5,FALSE,Cebuano
corn1251,pore,5,FALSE,Cornish
czec1258,anthrax,5,TRUE,Czech
czec1258,euro,5,TRUE,Czech
czec1258,holocaust,5,TRUE,Czech
czec1258,lithium,5,TRUE,Czech
czec1258,mango,5,TRUE,Czech
czec1258,optimum,5,TRUE,Czech
czec1258,paranoia,5,TRUE,Czech
czec1258,parka,5,TRUE,Czech
czec1258,placebo,5,TRUE,Czech
czec1258,plutonium,5,TRUE,Czech
czec1258,runway,5,TRUE,Czech
czec1258,steroid,5,TRUE,Czech
dani1285,aggressor,5,TRUE,Danish
dani1285,app,5,TRUE,Danish
dani1285,bids,5,FALSE,Danish
dani1285,bizarre,5,TRUE,Danish
dani1285,camper,5,TRUE,Danish
dani1285,cobalt,5,TRUE,Danish
dani1285,families,5,FALSE,Danish
dani1285,finer,5,FALSE,Danish
dani1285,gym,5,FALSE,Danish
dani1285,lander,5,FALSE,Danish
dani1285,partners,5,FALSE,Danish
dani1285,pickup,5,TRUE,Danish
dani1285,planters,5,FALSE,Danish
dani1285,respondent,5,TRUE,Danish
dani1285,rides,5,FALSE,Danish
dani1285,teenagers,5,FALSE,Danish
dutc1256,blisters,5,FALSE,Dutch
dutc1256,briefing,5,TRUE,Dutch
dutc1256,cassettes,5,FALSE,Dutch
dutc1256,doping,5,TRUE,Dutch
dutc1256,filibuster,5,TRUE,Dutch
dutc1256,inferno,5,FALSE,Dutch
dutc1256,kilometers,5,FALSE,Dutch
dutc1256,okra,5,TRUE,Dutch
dutc1256,parallels,5,FALSE,Dutch
dutc1256,placebo,5,TRUE,Dutch
dutc1256,prompts,5,FALSE,Dutch
dutc1256,scripts,5,FALSE,Dutch
dutc1256,stewards,5,FALSE,Dutch
dutc1256,stunts,5,FALSE,Dutch
dutc1256,tours,5,FALSE,Dutch
dutc1256,tragedies,5,FALSE,Dutch
dutc1256,understatement,5,TRUE,Dutch
dutc1256,wagons,5,FALSE,Dutch
esto1258,tonne,5,FALSE,Estonian
finn1318,aerobic,5,FALSE,Finnish
finn1318,blazer,5,FALSE,Finnish
finn1318,chic,5,TRUE,Finnish
finn1318,feta,5,TRUE,Finnish
finn1318,hype,5,TRUE,Finnish
finn1318,intelligentsia,5,TRUE,Finnish
finn1318,khaki,5,TRUE,Finnish
finn1318,leukemia,5,TRUE,Finnish
finn1318,logo,5,TRUE,Finnish
gali1258,altar,5,TRUE,Galician
gali1258,anterior,5,TRUE,Galician
gali1258,artificial,5,TRUE,Galician
gali1258,cable,5,TRUE,Galician
gali1258,cal,5,FALSE,Galician
gali1258,chocolate,5,TRUE,Galician
gali1258,coma,5,TRUE,Galician
gali1258,costume,5,FALSE,Galician
gali1258,deter,5,FALSE,Galician
gali1258,familiar,5,TRUE,Galician
gali1258,fan,5,TRUE,Galician
gali1258,inspector,5,TRUE,Galician
gali1258,mango,5,FALSE,Galician
gali1258,pedal,5,TRUE,Galician
gali1258,peso,5,TRUE,Galician
gali1258,rise,5,FALSE,Galician
gali1258,simple,5,TRUE,Galician
gali1258,singular,5,TRUE,Galician
gali1258,sugar,5,FALSE,Galician
gali1258,tan,5,FALSE,Galician
gali1258,terror,5,TRUE,Galician
gali1258,tire,5,FALSE,Galician
gali1258,total,5,TRUE,Galician
gali1258,van,5,FALSE,Galician
gali1258,variable,5,TRUE,Galician
garo1247,mat,5,FALSE,Garo
hait1244,angle,5,FALSE,Haitian
hait1244,bag,5,FALSE,Haitian
hait1244,grip,5,FALSE,Haitian
hait1244,papa,5,TRUE,Haitian
hait1244,tab,5,FALSE,Haitian
hait1244,ton,5,FALSE,Haitian
hili1240,mango,5,FALSE,Hiligaynon
hung1274,linked,5,FALSE,Hungarian
icel1247,melting,5,FALSE,Icelandic
indo1316,regimen,5,TRUE,Standard Indonesian
indo1316,talkin,5,FALSE,Standard Indonesian
iris1253,braille,5,TRUE,Irish
iris1253,pasta,5,TRUE,Irish
iris1253,plasma,5,TRUE,Irish
ital1282,cheesecake,5,TRUE,Italian
ital1282,replicate,5,FALSE,Italian
ital1282,skyline,5,TRUE,Italian
ital1282,tofu,5,TRUE,Italian
jeha1242,kit,5,FALSE,Jehai
kich1262,tap,5,FALSE,K'iche'
ladi1251,prove,5,FALSE,Ladino
lati1261,aluminum,5,FALSE,Latin
lati1261,chromium,5,TRUE,Latin
lati1261,crises,5,FALSE,Latin
lati1261,decades,5,FALSE,Latin
lati1261,disparate,5,FALSE,Latin
lati1261,flares,5,FALSE,Latin
lati1261,proton,5,TRUE,Latin
lati1261,specter,5,FALSE,Latin
latv1249,administrators,5,FALSE,Latvian
latv1249,bads,5,FALSE,Latvian
latv1249,delta,5,TRUE,Latvian
latv1249,guns,5,FALSE,Latvian
latv1249,pods,5,FALSE,Latvian
latv1249,pups,5,FALSE,Latvian
latv1249,tundra,5,TRUE,Latvian
loui1240,chagrin,5,FALSE,Louisiana Creole French
luxe1241,absurd,5,TRUE,Moselle Franconian
luxe1241,fee,5,FALSE,Moselle Franconian
luxe1241,fit,5,TRUE,Moselle Franconian
luxe1241,heel,5,FALSE,Moselle Franconian
luxe1241,kill,5,FALSE,Moselle Franconian
luxe1241,pro,5,FALSE,Moselle Franconian
male1292,tap,5,FALSE,Malecite-Passamaquoddy
malt1254,basal,5,FALSE,Maltese
malt1254,bus,5,FALSE,Maltese
malt1254,dwell,5,FALSE,Maltese
malt1254,landing,5,TRUE,Maltese
malt1254,manifest,5,FALSE,Maltese
malt1254,raw,5,FALSE,Maltese
malt1254,rid,5,FALSE,Maltese
mans1262,lain,5,FALSE,Mansaka
manx1243,hed,5,FALSE,Manx
mara1404,bagel,5,FALSE,Maranao
midd1317,abstract,5,TRUE,Middle English
midd1317,action,5,FALSE,Middle English
midd1317,alien,5,TRUE,Middle English
midd1317,author,5,FALSE,Middle English
midd1317,ball,5,FALSE,Middle English
midd1317,barn,5,FALSE,Middle English
midd1317,beaten,5,FALSE,Middle English
midd1317,bees,5,FALSE,Middle English
midd1317,bound,5,FALSE,Middle English
midd1317,bras,5,FALSE,Middle English
midd1317,brother,5,TRUE,Middle English
midd1317,camel,5,TRUE,Middle English
midd1317,chapel,5,FALSE,Middle English
midd1317,chef,5,FALSE,Middle English
midd1317,cod,5,FALSE,Middle English
midd1317,confession,5,FALSE,Middle English
midd1317,conscience,5,TRUE,Middle English
midd1317,cope,5,TRUE,Middle English
midd1317,corner,5,TRUE,Middle English
midd1317,crime,5,FALSE,Middle English
midd1317,dawn,5,FALSE,Middle English
midd1317,done,5,FALSE,Middle English
midd1317,dumb,5,FALSE,Middle English
midd1317,eel,5,FALSE,Middle English
midd1317,gal,5,FALSE,Middle English
midd1317,gracious,5,TRUE,Middle English
midd1317,grave,5,TRUE,Middle English
midd1317,hateful,5,FALSE,Middle English
midd1317,holly,5,FALSE,Middle English
midd1317,hoot,5,FALSE,Middle English
midd1317,hose,5,TRUE,Middle English
midd1317,hound,5,TRUE,Middle English
midd1317,hue,5,FALSE,Middle English
midd1317,libel,5,FALSE,Middle English
midd1317,mane,5,FALSE,Middle English
midd1317,melt,5,FALSE,Middle English
midd1317,muscle,5,TRUE,Middle English
midd1317,mysteries,5,FALSE,Middle English
midd1317,nap,5,TRUE,Middle English
midd1317,nest,5,TRUE,Middle English
midd1317,obedient,5,TRUE,Middle English
midd1317,organ,5,FALSE,Middle English
midd1317,parable,5,TRUE,Middle English
midd1317,peril,5,FALSE,Middle English
midd1317,pike,5,FALSE,Middle English
midd1317,plough,5,FALSE,Middle English
midd1317,poke,5,FALSE,Middle English
midd1317,powder,5,FALSE,Middle English
midd1317,prisoner,5,TRUE,Middle English
midd1317,purple,5,FALSE,Middle English
midd1317,rape,5,FALSE,Middle English
midd1317,rare,5,TRUE,Middle English
midd1317,refuge,5,TRUE,Middle English
midd1317,rice,5,FALSE,Middle English
midd1317,risen,5,FALSE,Middle English
midd1317,robe,5,TRUE,Middle English
midd1317,rope,5,FALSE,Middle English
midd1317,rude,5,FALSE,Middle English
midd1317,seed,5,TRUE,Middle English
midd1317,seem,5,FALSE,Middle English
midd1317,shone,5,FALSE,Middle English
midd1317,silence,5,FALSE,Middle English
midd1317,sinful,5,FALSE,Middle English
midd1317,slave,5,FALSE,Middle English
midd1317,sour,5,TRUE,Middle English
midd1317,spur,5,FALSE,Middle English
midd1317,storm,5,TRUE,Middle English
midd1317,suite,5,FALSE,Middle English
midd1317,sullen,5,FALSE,Middle English
midd1317,tables,5,FALSE,Middle English
midd1317,tool,5,TRUE,Middle English
midd1317,trumpet,5,TRUE,Middle English
midd1317,violent,5,TRUE,Middle English
midd1317,wake,5,FALSE,Middle English
midd1317,worm,5,TRUE,Middle English
midd1343,rose,5,FALSE,Middle High German
nort2671,save,5,FALSE,North Saami
nort2697,imam,5,TRUE,North Azerbaijani
nort2697,mane,5,FALSE,North Azerbaijani
nort2697,tank,5,TRUE,North Azerbaijani
nort2697,toy,5,FALSE,North Azerbaijani
nucl1301,safari,5,TRUE,Turkish
nucl1347,eel,5,FALSE,Wolof
olde1238,doc,5,FALSE,Old English (ca. 450-1100)
oldf1239,adamant,5,TRUE,Old French (842-ca. 1400)
oldf1239,ascension,5,FALSE,Old French (842-ca. 1400)
oldf1239,beau,5,FALSE,Old French (842-ca. 1400)
oldf1239,camel,5,TRUE,Old French (842-ca. 1400)
oldf1239,glorious,5,TRUE,Old French (842-ca. 1400)
oldf1239,impersonal,5,TRUE,Old French (842-ca. 1400)
oldf1239,inspiration,5,TRUE,Old French (842-ca. 1400)
oldf1239,levee,5,FALSE,Old French (842-ca. 1400)
oldf1239,mantel,5,FALSE,Old French (842-ca. 1400)
oldf1239,nocturnal,5,TRUE,Old French (842-ca. 1400)
oldf1239,oblivion,5,FALSE,Old French (842-ca. 1400)
oldf1239,overt,5,FALSE,Old French (842-ca. 1400)
oldf1239,pension,5,FALSE,Old French (842-ca. 1400)
oldf1239,precedent,5,FALSE,Old French (842-ca. 1400)
oldf1239,prerogative,5,TRUE,Old French (842-ca. 1400)
oldf1239,procurement,5,TRUE,Old French (842-ca. 1400)
oldf1239,savor,5,FALSE,Old French (842-ca. 1400)
oldf1239,taster,5,FALSE,Old French (842-ca. 1400)
oldf1239,valor,5,FALSE,Old French (842-ca. 1400)
oldf1239,variant,5,FALSE,Old French (842-ca. 1400)
oldn1244,fax,5,FALSE,Old Norse
oldn1244,gap,5,TRUE,Old Norse
pali1273,pate,5,FALSE,Pali
pali1273,taro,5,FALSE,Pali
papi1253,mama,5,TRUE,Papiamento
papi1253,union,5,FALSE,Papiamento
penn1240,dart,5,FALSE,Pennsylvania German
penn1240,links,5,FALSE,Pennsylvania German
poli1260,apartheid,5,TRUE,Polish
poli1260,bulimia,5,TRUE,Polish
poli1260,euro,5,TRUE,Polish
poli1260,feedback,5,TRUE,Polish
poli1260,joystick,5,TRUE,Polish
poli1260,lacrosse,5,TRUE,Polish
poli1260,modeling,5,TRUE,Polish
poli1260,planetarium,5,TRUE,Polish
poli1260,receptor,5,TRUE,Polish
poli1260,sampling,5,TRUE,Polish
poli1260,staccato,5,TRUE,Polish
poli1260,steroid,5,TRUE,Polish
port1283,admires,5,FALSE,Portuguese
port1283,blog,5,TRUE,Portuguese
port1283,exudes,5,FALSE,Portuguese
port1283,futures,5,FALSE,Portuguese
port1283,laptop,5,TRUE,Portuguese
port1283,mates,5,FALSE,Portuguese
port1283,quotas,5,FALSE,Portuguese
port1283,rapes,5,FALSE,Portuguese
port1283,snowboard,5,TRUE,Portuguese
port1283,solos,5,FALSE,Portuguese
port1283,yuan,5,TRUE,Portuguese
roma1327,anemia,5,FALSE,Romanian
roma1327,bodyguard,5,TRUE,Romanian
roma1327,clone,5,TRUE,Romanian
roma1327,confetti,5,TRUE,Romanian
roma1327,cranial,5,TRUE,Romanian
roma1327,espresso,5,TRUE,Romanian
roma1327,factual,5,TRUE,Romanian
roma1327,fundamentalist,5,TRUE,Romanian
roma1327,intercom,5,TRUE,Romanian
roma1327,iridescent,5,TRUE,Romanian
roma1327,jackpot,5,TRUE,Romanian
roma1327,know-how,5,TRUE,Romanian
roma1327,lingerie,5,FALSE,Romanian
roma1327,macabre,5,FALSE,Romanian
roma1327,maximal,5,TRUE,Romanian
roma1327,nonstop,5,TRUE,Romanian
roma1327,radon,5,TRUE,Romanian
roma1327,refractor,5,TRUE,Romanian
roma1327,roaming,5,TRUE,Romanian
roma1327,savor,5,FALSE,Romanian
roma1327,steroid,5,TRUE,Romanian
scot1243,adaptable,5,TRUE,Scots
scot1243,categories,5,FALSE,Scots
scot1243,electrical,5,TRUE,Scots
scot1243,encyclopaedia,5,FALSE,Scots
scot1245,carbon,5,TRUE,Scottish Gaelic
slov1268,bike,5,FALSE,Slovenian
slov1268,brine,5,FALSE,Slovenian
slov1269,babe,5,FALSE,Slovak
slov1269,cop,5,FALSE,Slovak
slov1269,determinant,5,TRUE,Slovak
slov1269,gondola,5,TRUE,Slovak
slov1269,zoom,5,FALSE,Slovak
sout1528,moderator,5,TRUE,Serbian-Croatian-Bosnian
sout1528,predator,5,TRUE,Serbian-Croatian-Bosnian
sout1528,radon,5,TRUE,Serbian-Croatian-Bosnian
sout1528,tries,5,FALSE,Serbian-Croatian-Bosnian
sout1528,tundra,5,TRUE,Serbian-Croatian-Bosnian
stan1288,captures,5,FALSE,Spanish
stan1288,clicks,5,FALSE,Spanish
stan1288,networking,5,TRUE,Spanish
stan1289,actor,5,TRUE,Catalan
stan1289,anterior,5,TRUE,Catalan
stan1289,bell,5,FALSE,Catalan
stan1289,bloc,5,TRUE,Catalan
stan1289,bulb,5,TRUE,Catalan
stan1289,cant,5,FALSE,Catalan
stan1289,capital,5,TRUE,Catalan
stan1289,circular,5,TRUE,Catalan
stan1289,clarinet,5,TRUE,Catalan
stan1289,classes,5,FALSE,Catalan
stan1289,clot,5,FALSE,Catalan
stan1289,continent,5,TRUE,Catalan
stan1289,cops,5,FALSE,Catalan
stan1289,cub,5,FALSE,Catalan
stan1289,decisions,5,FALSE,Catalan
stan1289,dependent,5,TRUE,Catalan
stan1289,diagonal,5,TRUE,Catalan
stan1289,evident,5,TRUE,Catalan
stan1289,fat,5,FALSE,Catalan
stan1289,files,5,FALSE,Catalan
stan1289,fort,5,TRUE,Catalan
stan1289,gram,5,TRUE,Catalan
stan1289,grams,5,FALSE,Catalan
stan1289,hotel,5,TRUE,Catalan
stan1289,imperial,5,TRUE,Catalan
stan1289,impossible,5,TRUE,Catalan
stan1289,individual,5,TRUE,Catalan
stan1289,inferior,5,TRUE,Catalan
stan1289,local,5,TRUE,Catalan
stan1289,materials,5,FALSE,Catalan
stan1289,mates,5,FALSE,Catalan
stan1289,medieval,5,TRUE,Catalan
stan1289,moment,5,TRUE,Catalan
stan1289,mon,5,FALSE,Catalan
stan1289,noses,5,FALSE,Catalan
stan1289,ornament,5,TRUE,Catalan
stan1289,pals,5,FALSE,Catalan
stan1289,particulars,5,FALSE,Catalan
stan1289,perpendicular,5,TRUE,Catalan
stan1289,pin,5,TRUE,Catalan
stan1289,pins,5,FALSE,Catalan
stan1289,portal,5,TRUE,Catalan
stan1289,porter,5,TRUE,Catalan
stan1289,pupil,5,FALSE,Catalan
stan1289,rec,5,FALSE,Catalan
stan1289,rectangular,5,TRUE,Catalan
stan1289,rim,5,FALSE,Catalan
stan1289,sector,5,TRUE,Catalan
stan1289,sons,5,FALSE,Catalan
stan1289,terminal,5,TRUE,Catalan
stan1289,tons,5,FALSE,Catalan
stan1289,triple,5,TRUE,Catalan
stan1289,verge,5,FALSE,Catalan
stan1289,vertical,5,TRUE,Catalan
stan1289,vital,5,TRUE,Catalan
stan1290,configurations,5,FALSE,French
stan1290,endures,5,FALSE,French
stan1290,groins,5,FALSE,French
stan1290,scripts,5,FALSE,French
stan1290,sodas,5,FALSE,French
stan1290,suicides,5,FALSE,French
stan1290,tacos,5,TRUE,French
stan1290,tortillas,5,FALSE,French
sund1252,saga,5,FALSE,Sundanese
swah1253,libido,5,TRUE,Swahili
swed1254,aerobics,5,TRUE,Swedish
swed1254,ambitions,5,FALSE,Swedish
swed1254,angels,5,FALSE,Swedish
swed1254,autism,5,TRUE,Swedish
swed1254,babies,5,FALSE,Swedish
swed1254,barons,5,FALSE,Swedish
swed1254,blacks,5,FALSE,Swedish
swed1254,bourgeoisie,5,TRUE,Swedish
swed1254,brunch,5,TRUE,Swedish
swed1254,bulldozer,5,TRUE,Swedish
swed1254,casino,5,FALSE,Swedish
swed1254,chefs,5,FALSE,Swedish
swed1254,cosmopolitan,5,TRUE,Swedish
swed1254,eras,5,FALSE,Swedish
swed1254,fans,5,FALSE,Swedish
swed1254,flamenco,5,TRUE,Swedish
swed1254,freestyle,5,TRUE,Swedish
swed1254,furor,5,FALSE,Swedish
swed1254,garner,5,FALSE,Swedish
swed1254,generals,5,FALSE,Swedish
swed1254,illustrations,5,FALSE,Swedish
swed1254,individualism,5,TRUE,Swedish
swed1254,insider,5,TRUE,Swedish
swed1254,kosher,5,FALSE,Swedish
swed1254,limousine,5,TRUE,Swedish
swed1254,lobbyist,5,TRUE,Swedish
swed1254,masturbation,5,TRUE,Swedish
swed1254,on-line,5,FALSE,Swedish
swed1254,paranoid,5,TRUE,Swedish
swed1254,popcorn,5,TRUE,Swedish
swed1254,putter,5,TRUE,Swedish
swed1254,racks,5,FALSE,Swedish
swed1254,radon,5,TRUE,Swedish
swed1254,rides,5,FALSE,Swedish
swed1254,rollers,5,FALSE,Swedish
swed1254,sheriffs,5,FALSE,Swedish
swed1254,stumps,5,FALSE,Swedish
swed1254,unions,5,FALSE,Swedish
taga1270,bartender,5,TRUE,Tagalog
taga1270,magnate,5,TRUE,Tagalog
tari1263,jar,5,FALSE,Tarifiyt-Beni-Iznasen-Eastern Middle Atlas Berber
tata1255,meter,5,TRUE,Tatar
taus1251,pun,5,FALSE,Tausug
tetu1245,tuna,5,FALSE,Tetum
tiri1258,tee,5,FALSE,Tiri-Mea
tokp1240,gel,5,FALSE,Tok Pisin
vlaa1240,strange,5,FALSE,Western Flemish
wels1247,seminar,5,TRUE,Welsh
west2354,better,5,FALSE,Western Frisian
west2354,dream,5,TRUE,Western Frisian
west2354,finger,5,TRUE,Western Frisian
west2354,gas,5,TRUE,Western Frisian
west2354,grins,5,FALSE,Western Frisian
west2354,kin,5,FALSE,Western Frisian
west2354,minister,5,FALSE,Western Frisian
west2354,sport,5,TRUE,Western Frisian
west2354,steam,5,TRUE,Western Frisian
yoru1245,wee,5,FALSE,Yoruba
afri1274,beige,4,TRUE,Afrikaans
afri1274,neutron,4,TRUE,Afrikaans
afri1274,radon,4,TRUE,Afrikaans
arom1237,date,4,FALSE,Aromanian
arom1237,lung,4,FALSE,Aromanian
bali1278,saga,4,FALSE,Balinese
bamb1269,pan,4,FALSE,Bambara
basq1248,camping,4,FALSE,Basque
basq1248,kale,4,FALSE,Basque
bret1244,barn,4,FALSE,Breton
bret1244,moan,4,FALSE,Breton
bret1244,mud,4,FALSE,Breton
bret1244,tall,4,FALSE,Breton
bret1244,tor,4,FALSE,Breton
cebu1242,bikini,4,TRUE,Cebuano
cent2100,gamut,4,FALSE,Kadazan Dusun
corn1251,radar,4,TRUE,Cornish
czec1258,cholesterol,4,TRUE,Czech
czec1258,internet,4,TRUE,Czech
czec1258,rodeo,4,TRUE,Czech
dani1285,beds,4,FALSE,Danish
dani1285,brunch,4,TRUE,Danish
dani1285,buds,4,FALSE,Danish
dani1285,charms,4,FALSE,Danish
dani1285,chili,4,TRUE,Danish
dani1285,clips,4,FALSE,Danish
dani1285,controller,4,TRUE,Danish
dani1285,developer,4,TRUE,Danish
dani1285,distances,4,FALSE,Danish
dani1285,doorstep,4,FALSE,Danish
dani1285,frustration,4,TRUE,Danish
dani1285,grams,4,FALSE,Danish
dani1285,helium,4,TRUE,Danish
dani1285,hops,4,TRUE,Danish
dani1285,ketchup,4,TRUE,Danish
dani1285,miners,4,FALSE,Danish
dani1285,moms,4,FALSE,Danish
dani1285,pupils,4,FALSE,Danish
dani1285,scorer,4,FALSE,Danish
dani1285,teens,4,FALSE,Danish
dani1285,titanium,4,TRUE,Danish
dutc1256,attachments,4,FALSE,Dutch
dutc1256,boomer,4,TRUE,Dutch
dutc1256,capsules,4,FALSE,Dutch
dutc1256,cowboys,4,FALSE,Dutch
dutc1256,demons,4,FALSE,Dutch
dutc1256,diners,4,FALSE,Dutch
dutc1256,espresso,4,TRUE,Dutch
dutc1256,feedback,4,TRUE,Dutch
dutc1256,feta,4,TRUE,Dutch
dutc1256,folders,4,FALSE,Dutch
dutc1256,guerrilla,4,TRUE,Dutch
dutc1256,hacker,4,TRUE,Dutch
dutc1256,helpers,4,FALSE,Dutch
dutc1256,internet,4,TRUE,Dutch
dutc1256,joystick,4,TRUE,Dutch
dutc1256,kittens,4,FALSE,Dutch
dutc1256,limo,4,TRUE,Dutch
dutc1256,museums,4,FALSE,Dutch
dutc1256,ovens,4,FALSE,Dutch
dutc1256,plastics,4,FALSE,Dutch
dutc1256,protagonist,4,TRUE,Dutch
dutc1256,sandwiches,4,FALSE,Dutch
dutc1256,symposium,4,TRUE,Dutch
dutc1256,tsunami,4,TRUE,Dutch
dutc1256,tunnels,4,FALSE,Dutch
dutc1256,violets,4,FALSE,Dutch
esto1258,astute,4,FALSE,Estonian
esto1258,euro,4,TRUE,Estonian
esto1258,feminism,4,TRUE,Estonian
finn1318,ammo,4,FALSE,Finnish
finn1318,bagel,4,FALSE,Finnish
finn1318,brunch,4,TRUE,Finnish
finn1318,caddie,4,TRUE,Finnish
finn1318,cafeteria,4,FALSE,Finnish
finn1318,catering,4,TRUE,Finnish
finn1318,flamenco,4,TRUE,Finnish
finn1318,glamour,4,TRUE,Finnish
finn1318,goin,4,FALSE,Finnish
finn1318,internet,4,TRUE,Finnish
finn1318,machete,4,TRUE,Finnish
finn1318,mango,4,TRUE,Finnish
finn1318,playback,4,TRUE,Finnish
finn1318,retina,4,FALSE,Finnish
finn1318,supermarket,4,TRUE,Finnish
finn1318,supernova,4,TRUE,Finnish
finn1318,tees,4,FALSE,Finnish
gali1258,able,4,FALSE,Galician
gali1258,age,4,FALSE,Galician
gali1258,alma,4,FALSE,Galician
gali1258,altitude,4,TRUE,Galician
gali1258,axe,4,FALSE,Galician
gali1258,bacteria,4,TRUE,Galician
gali1258,canal,4,TRUE,Galician
gali1258,cape,4,FALSE,Galician
gali1258,central,4,TRUE,Galician
gali1258,cereal,4,TRUE,Galician
gali1258,civil,4,TRUE,Galician
gali1258,come,4,FALSE,Galician
gali1258,cure,4,TRUE,Galician
gali1258,diagonal,4,TRUE,Galician
gali1258,divide,4,TRUE,Galician
gali1258,eclipse,4,TRUE,Galician
gali1258,era,4,FALSE,Galician
gali1258,flexible,4,TRUE,Galician
gali1258,garden,4,FALSE,Galician
gali1258,hotel,4,TRUE,Galician
gali1258,ideal,4,TRUE,Galician
gali1258,inevitable,4,TRUE,Galician
gali1258,insignia,4,TRUE,Galician
gali1258,lean,4,FALSE,Galician
gali1258,media,4,FALSE,Galician
gali1258,medicinal,4,TRUE,Galician
gali1258,mosquito,4,TRUE,Galician
gali1258,nun,4,FALSE,Galician
gali1258,parasite,4,FALSE,Galician
gali1258,pine,4,FALSE,Galician
gali1258,portal,4,TRUE,Galician
gali1258,prepare,4,TRUE,Galician
gali1258,probable,4,TRUE,Galician
gali1258,rude,4,FALSE,Galician
gali1258,social,4,TRUE,Galician
gali1258,temporal,4,TRUE,Galician
gali1258,trace,4,TRUE,Galician
gali1258,tremor,4,TRUE,Galician
gali1258,vertical,4,TRUE,Galician
gali1258,visible,4,TRUE,Galician
gali1258,vista,4,FALSE,Galician
gali1258,vital,4,TRUE,Galician
gali1258,volume,4,TRUE,Galician
gali1258,vulgar,4,TRUE,Galician
garo1247,tang,4,FALSE,Garo
hait1244,branch,4,TRUE,Haitian
hait1244,pita,4,FALSE,Haitian
hait1244,prison,4,FALSE,Haitian
hait1244,zip,4,FALSE,Haitian
haus1257,guru,4,FALSE,Hausa
hili1240,basin,4,FALSE,Hiligaynon
hung1274,tilts,4,FALSE,Hungarian
icel1247,asks,4,FALSE,Icelandic
icel1247,bras,4,FALSE,Icelandic
icel1247,flak,4,FALSE,Icelandic
icel1247,glimmer,4,FALSE,Icelandic
icel1247,gusts,4,FALSE,Icelandic
icel1247,lending,4,FALSE,Icelandic
icel1247,pant,4,FALSE,Icelandic
icel1247,radar,4,TRUE,Icelandic
indo1316,filibuster,4,TRUE,Standard Indonesian
indo1316,laptop,4,TRUE,Standard Indonesian
indo1316,luring,4,FALSE,Standard Indonesian
indo1316,paranoid,4,TRUE,Standard Indonesian
iris1253,chic,4,FALSE,Irish
ital1282,blog,4,TRUE,Italian
ital1282,combo,4,TRUE,Italian
ital1282,tsunami,4,TRUE,Italian
java1254,main,4,FALSE,Javanese
java1254,sun,4,FALSE,Javanese
java1254,tan,4,FALSE,Javanese
kiny1244,bona,4,FALSE,Kinyarwanda
ladi1251,banker,4,TRUE,Ladino
ladi1251,defender,4,FALSE,Ladino
ladi1251,vapor,4,FALSE,Ladino
lati1261,accelerator,4,FALSE,Latin
lati1261,adapter,4,FALSE,Latin
lati1261,cinema,4,TRUE,Latin
lati1261,cooperative,4,FALSE,Latin
lati1261,effluent,4,FALSE,Latin
lati1261,integrate,4,FALSE,Latin
lati1261,planetarium,4,TRUE,Latin
lati1261,radon,4,TRUE,Latin
lati1261,recalcitrant,4,FALSE,Latin
lati1261,reminiscent,4,FALSE,Latin
lati1261,salivas,4,FALSE,Latin
lati1261,suburbia,4,FALSE,Latin
lati1261,syringes,4,FALSE,Latin
latv1249,atoms,4,FALSE,Latvian
latv1249,austere,4,FALSE,Latvian
latv1249,cars,4,FALSE,Latvian
latv1249,disks,4,FALSE,Latvian
latv1249,mesa,4,FALSE,Latvian
latv1249,mini,4,FALSE,Latvian
latv1249,paprika,4,FALSE,Latvian
latv1249,parka,4,FALSE,Latvian
latv1249,piles,4,FALSE,Latvian
latv1249,robot,4,FALSE,Latvian
luxe1241,ass,4,FALSE,Moselle Franconian
luxe1241,hidden,4,FALSE,Moselle Franconian
malt1254,banana,4,TRUE,Maltese
malt1254,dab,4,FALSE,Maltese
malt1254,divers,4,FALSE,Maltese
malt1254,gang,4,TRUE,Maltese
mans1262,bono,4,FALSE,Mansaka
mara1404,gala,4,FALSE,Maranao
mars1254,til,4,FALSE,Marshallese
midd1317,alive,4,FALSE,Middle English
midd1317,bacon,4,FALSE,Middle English
midd1317,balance,4,FALSE,Middle English
midd1317,ban,4,FALSE,Middle English
midd1317,band,4,TRUE,Middle English
midd1317,bathe,4,FALSE,Middle English
midd1317,box,4,TRUE,Middle English
midd1317,branch,4,FALSE,Middle English
midd1317,bride,4,TRUE,Middle English
midd1317,brood,4,FALSE,Middle English
midd1317,broth,4,TRUE,Middle English
midd1317,bush,4,TRUE,Middle English
midd1317,cane,4,TRUE,Middle English
midd1317,cling,4,FALSE,Middle English
midd1317,clot,4,FALSE,Middle English
midd1317,conquest,4,TRUE,Middle English
midd1317,coward,4,TRUE,Middle English
midd1317,cowardly,4,TRUE,Middle English
midd1317,crab,4,FALSE,Middle English
midd1317,crane,4,TRUE,Middle English
midd1317,create,4,FALSE,Middle English
midd1317,crucifix,4,TRUE,Middle English
midd1317,cursed,4,FALSE,Middle English
midd1317,dart,4,FALSE,Middle English
midd1317,decree,4,FALSE,Middle English
midd1317,degree,4,FALSE,Middle English
midd1317,destroyed,4,FALSE,Middle English
midd1317,diverse,4,TRUE,Middle English
midd1317,dome,4,FALSE,Middle English
midd1317,dove,4,FALSE,Middle English
midd1317,draught,4,TRUE,Middle English
midd1317,driven,4,FALSE,Middle English
midd1317,drone,4,FALSE,Middle English
midd1317,dune,4,FALSE,Middle English
midd1317,envy,4,FALSE,Middle English
midd1317,feeble,4,FALSE,Middle English
midd1317,fir,4,FALSE,Middle English
midd1317,flee,4,FALSE,Middle English
midd1317,flood,4,FALSE,Middle English
midd1317,folk,4,TRUE,Middle English
midd1317,glue,4,FALSE,Middle English
midd1317,golden,4,FALSE,Middle English
midd1317,gown,4,FALSE,Middle English
midd1317,gram,4,FALSE,Middle English
midd1317,hath,4,FALSE,Middle English
midd1317,heir,4,TRUE,Middle English
midd1317,herd,4,FALSE,Middle English
midd1317,hors,4,FALSE,Middle English
midd1317,huge,4,FALSE,Middle English
midd1317,idol,4,FALSE,Middle English
midd1317,ilk,4,FALSE,Middle English
midd1317,instruments,4,FALSE,Middle English
midd1317,jewel,4,FALSE,Middle English
midd1317,jus,4,FALSE,Middle English
midd1317,lane,4,FALSE,Middle English
midd1317,lies,4,FALSE,Middle English
midd1317,livid,4,TRUE,Middle English
midd1317,lovely,4,TRUE,Middle English
midd1317,manage,4,FALSE,Middle English
midd1317,mansion,4,FALSE,Middle English
midd1317,marsh,4,FALSE,Middle English
midd1317,mast,4,FALSE,Middle English
midd1317,ment,4,FALSE,Middle English
midd1317,mother,4,FALSE,Middle English
midd1317,pack,4,FALSE,Middle English
midd1317,paper,4,TRUE,Middle English
midd1317,perilous,4,FALSE,Middle English
midd1317,pilgrim,4,FALSE,Middle English
midd1317,player,4,FALSE,Middle English
midd1317,pot,4,TRUE,Middle English
midd1317,prophet,4,FALSE,Middle English
midd1317,quest,4,FALSE,Middle English
midd1317,ram,4,TRUE,Middle English
midd1317,redemption,4,FALSE,Middle English
midd1317,rid,4,FALSE,Middle English
midd1317,rider,4,FALSE,Middle English
midd1317,rot,4,FALSE,Middle English
midd1317,sage,4,TRUE,Middle English
midd1317,salvation,4,FALSE,Middle English
midd1317,sat,4,FALSE,Middle English
midd1317,savage,4,TRUE,Middle English
midd1317,scale,4,FALSE,Middle English
midd1317,season,4,FALSE,Middle English
midd1317,soot,4,TRUE,Middle English
midd1317,spark,4,FALSE,Middle English
midd1317,spices,4,FALSE,Middle English
midd1317,stable,4,FALSE,Middle English
midd1317,stale,4,FALSE,Middle English
midd1317,step,4,FALSE,Middle English
midd1317,stiff,4,FALSE,Middle English
midd1317,stories,4,FALSE,Middle English
midd1317,stranger,4,FALSE,Middle English
midd1317,straw,4,TRUE,Middle English
midd1317,stud,4,FALSE,Middle English
midd1317,stunt,4,FALSE,Middle English
midd1317,tax,4,FALSE,Middle English
midd1317,trans,4,FALSE,Middle English
midd1317,turf,4,FALSE,Middle English
midd1317,unhappy,4,FALSE,Middle English
midd1317,virtue,4,FALSE,Middle English
midd1317,wade,4,FALSE,Middle English
midd1317,wage,4,TRUE,Middle English
midd1317,wave,4,FALSE,Middle English
midd1317,wines,4,FALSE,Middle English
midd1317,winter,4,TRUE,Middle English
midd1317,woke,4,FALSE,Middle English
midd1343,grave,4,FALSE,Middle High German
moki1238,dam,4,FALSE,Mokilese
moki1238,win,4,FALSE,Mokilese
nort2671,idea,4,TRUE,North Saami
nort2697,bud,4,FALSE,North Azerbaijani
nort2697,dam,4,FALSE,North Azerbaijani
nort2697,din,4,FALSE,North Azerbaijani
nort2697,elm,4,FALSE,North Azerbaijani
nort2697,professor,4,TRUE,North Azerbaijani
nort2697,tire,4,FALSE,North Azerbaijani
nort2961,ate,4,FALSE,Northwestern Ojibwa
nort2961,dash,4,FALSE,Northwestern Ojibwa
nucl1301,diva,4,TRUE,Turkish
nucl1301,meth,4,FALSE,Turkish
nucl1301,radon,4,TRUE,Turkish
nucl1347,tool,4,FALSE,Wolof
nucl1347,won,4,FALSE,Wolof
nyan1308,mango,4,TRUE,Nyanja
olde1238,credo,4,FALSE,Old English (ca. 450-1100)
olde1238,grad,4,FALSE,Old English (ca. 450-1100)
oldf1239,cartilage,4,TRUE,Old French (842-ca. 1400)
oldf1239,chagrin,4,FALSE,Old French (842-ca. 1400)
oldf1239,comment,4,FALSE,Old French (842-ca. 1400)
oldf1239,conception,4,TRUE,Old French (842-ca. 1400)
oldf1239,disclaimer,4,FALSE,Old French (842-ca. 1400)
oldf1239,envious,4,TRUE,Old French (842-ca. 1400)
oldf1239,explicit,4,FALSE,Old French (842-ca. 1400)
oldf1239,flair,4,FALSE,Old French (842-ca. 1400)
oldf1239,fluent,4,FALSE,Old French (842-ca. 1400)
oldf1239,gal,4,FALSE,Old French (842-ca. 1400)
oldf1239,gauge,4,FALSE,Old French (842-ca. 1400)
oldf1239,hostages,4,FALSE,Old French (842-ca. 1400)
oldf1239,invisible,4,TRUE,Old French (842-ca. 1400)
oldf1239,lung,4,FALSE,Old French (842-ca. 1400)
oldf1239,ouster,4,FALSE,Old French (842-ca. 1400)
oldf1239,portal,4,FALSE,Old French (842-ca. 1400)
oldf1239,rampant,4,TRUE,Old French (842-ca. 1400)
oldf1239,rice,4,FALSE,Old French (842-ca. 1400)
oldf1239,savour,4,FALSE,Old French (842-ca. 1400)
oldf1239,subversion,4,TRUE,Old French (842-ca. 1400)
oldf1239,suite,4,FALSE,Old French (842-ca. 1400)
oldf1239,tribunal,4,TRUE,Old French (842-ca. 1400)
oldn1244,gel,4,FALSE,Old Norse
oldn1244,gilt,4,FALSE,Old Norse
oldn1244,rags,4,FALSE,Old Norse
oldn1244,vast,4,FALSE,Old Norse
olds1249,angel,4,TRUE,Old Spanish
pala1344,hats,4,FALSE,Palauan
pamp1243,mate,4,FALSE,Pampanga
pamp1243,sake,4,FALSE,Pampanga
papi1253,animal,4,TRUE,Papiamento
papi1253,number,4,TRUE,Papiamento
papi1253,set,4,FALSE,Papiamento
pola1255,med,4,FALSE,Polabian
poli1260,analog,4,TRUE,Polish
poli1260,atrium,4,TRUE,Polish
poli1260,doping,4,TRUE,Polish
poli1260,macho,4,TRUE,Polish
poli1260,mainstream,4,TRUE,Polish
poli1260,newsletter,4,TRUE,Polish
poli1260,placebo,4,TRUE,Polish
poli1260,sampler,4,TRUE,Polish
poli1260,sponsoring,4,FALSE,Polish
port1283,algal,4,TRUE,Portuguese
port1283,bouquets,4,FALSE,Portuguese
port1283,defenses,4,FALSE,Portuguese
port1283,disciplines,4,FALSE,Portuguese
port1283,elites,4,FALSE,Portuguese
port1283,emerges,4,FALSE,Portuguese
port1283,euros,4,FALSE,Portuguese
port1283,hype,4,TRUE,Portuguese
port1283,imagines,4,FALSE,Portuguese
port1283,injustices,4,FALSE,Portuguese
port1283,misses,4,FALSE,Portuguese
port1283,multicultural,4,TRUE,Portuguese
port1283,policies,4,FALSE,Portuguese
port1283,vouchers,4,FALSE,Portuguese
roma1327,beep,4,TRUE,Romanian
roma1327,condominium,4,FALSE,Romanian
roma1327,detritus,4,TRUE,Romanian
roma1327,deviant,4,TRUE,Romanian
roma1327,distal,4,TRUE,Romanian
roma1327,fetal,4,TRUE,Romanian
roma1327,mantel,4,TRUE,Romanian
roma1327,pager,4,TRUE,Romanian
roma1327,provider,4,TRUE,Romanian
roma1327,ranger,4,TRUE,Romanian
roma1327,retro,4,TRUE,Romanian
roma1327,samurai,4,TRUE,Romanian
roma1327,science-fiction,4,FALSE,Romanian
roma1327,stripper,4,TRUE,Romanian
scot1243,actors,4,FALSE,Scots
scot1243,agreements,4,FALSE,Scots
scot1243,producer,4,TRUE,Scots
scot1243,tornado,4,TRUE,Scots
sici1248,don,4,FALSE,Sicilian
slov1268,imam,4,FALSE,Slovenian
slov1268,neon,4,TRUE,Slovenian
slov1269,foyer,4,TRUE,Slovak
sout1528,aerosol,4,TRUE,Serbian-Croatian-Bosnian
sout1528,golfer,4,TRUE,Serbian-Croatian-Bosnian
sout1528,habitat,4,TRUE,Serbian-Croatian-Bosnian
sout1528,magma,4,TRUE,Serbian-Croatian-Bosnian
sout1528,polio,4,FALSE,Serbian-Croatian-Bosnian
sout1528,reformist,4,FALSE,Serbian-Croatian-Bosnian
sout1528,smog,4,TRUE,Serbian-Croatian-Bosnian
stan1288,domains,4,FALSE,Spanish
stan1288,figurines,4,FALSE,Spanish
stan1288,mandates,4,FALSE,Spanish
stan1288,notebooks,4,FALSE,Spanish
stan1288,perestroika,4,TRUE,Spanish
stan1288,trailers,4,FALSE,Spanish
stan1288,vaginas,4,FALSE,Spanish
stan1289,actual,4,TRUE,Catalan
stan1289,adult,4,TRUE,Catalan
stan1289,agents,4,FALSE,Catalan
stan1289,ambient,4,TRUE,Catalan
stan1289,ban,4,TRUE,Catalan
stan1289,bridge,4,TRUE,Catalan
stan1289,cables,4,FALSE,Catalan
stan1289,cast,4,FALSE,Catalan
stan1289,closes,4,FALSE,Catalan
stan1289,collar,4,TRUE,Catalan
stan1289,complex,4,TRUE,Catalan
stan1289,compost,4,TRUE,Catalan
stan1289,conductor,4,TRUE,Catalan
stan1289,corner,4,FALSE,Catalan
stan1289,cost,4,TRUE,Catalan
stan1289,criminal,4,TRUE,Catalan
stan1289,dent,4,FALSE,Catalan
stan1289,diners,4,FALSE,Catalan
stan1289,enter,4,FALSE,Catalan
stan1289,equatorial,4,TRUE,Catalan
stan1289,exterior,4,TRUE,Catalan
stan1289,familiar,4,TRUE,Catalan
stan1289,fines,4,FALSE,Catalan
stan1289,fluid,4,TRUE,Catalan
stan1289,ham,4,FALSE,Catalan
stan1289,honor,4,TRUE,Catalan
stan1289,honors,4,FALSE,Catalan
stan1289,industrial,4,TRUE,Catalan
stan1289,interior,4,TRUE,Catalan
stan1289,jus,4,FALSE,Catalan
stan1289,labor,4,TRUE,Catalan
stan1289,major,4,TRUE,Catalan
stan1289,manifest,4,TRUE,Catalan
stan1289,manual,4,TRUE,Catalan
stan1289,mesa,4,TRUE,Catalan
stan1289,metro,4,TRUE,Catalan
stan1289,mines,4,FALSE,Catalan
stan1289,models,4,FALSE,Catalan
stan1289,olives,4,FALSE,Catalan
stan1289,originals,4,FALSE,Catalan
stan1289,patent,4,TRUE,Catalan
stan1289,pillar,4,FALSE,Catalan
stan1289,professors,4,FALSE,Catalan
stan1289,prop,4,FALSE,Catalan
stan1289,rates,4,FALSE,Catalan
stan1289,regional,4,TRUE,Catalan
stan1289,regulars,4,FALSE,Catalan
stan1289,rival,4,TRUE,Catalan
stan1289,sap,4,FALSE,Catalan
stan1289,secret,4,TRUE,Catalan
stan1289,semifinal,4,TRUE,Catalan
stan1289,sender,4,FALSE,Catalan
stan1289,serpent,4,FALSE,Catalan
stan1289,sets,4,FALSE,Catalan
stan1289,sip,4,FALSE,Catalan
stan1289,social,4,TRUE,Catalan
stan1289,taxi,4,TRUE,Catalan
stan1289,text,4,TRUE,Catalan
stan1289,toll,4,FALSE,Catalan
stan1289,tractor,4,TRUE,Catalan
stan1289,transparent,4,TRUE,Catalan
stan1289,triangular,4,TRUE,Catalan
stan1289,tumor,4,TRUE,Catalan
stan1289,units,4,FALSE,Catalan
stan1289,valor,4,FALSE,Catalan
stan1290,artefacts,4,FALSE,French
stan1290,caribous,4,FALSE,French
stan1290,explorations,4,FALSE,French
stan1290,maximise,4,FALSE,French
stan1290,sternums,4,FALSE,French
stan1290,utilises,4,FALSE,French
stan1290,visualise,4,TRUE,French
stan1306,banal,4,TRUE,Standard Malay
stan1306,coli,4,FALSE,Standard Malay
stan1306,helium,4,TRUE,Standard Malay
stan1306,magnesium,4,TRUE,Standard Malay
swed1254,acne,4,TRUE,Swedish
swed1254,brands,4,FALSE,Swedish
swed1254,cents,4,FALSE,Swedish
swed1254,determinant,4,TRUE,Swedish
swed1254,diaspora,4,TRUE,Swedish
swed1254,drivers,4,FALSE,Swedish
swed1254,expeditions,4,FALSE,Swedish
swed1254,fighters,4,FALSE,Swedish
swed1254,forts,4,FALSE,Swedish
swed1254,frosts,4,FALSE,Swedish
swed1254,fucking,4,TRUE,Swedish
swed1254,fundamentalism,4,TRUE,Swedish
swed1254,fundamentalist,4,TRUE,Swedish
swed1254,grams,4,FALSE,Swedish
swed1254,havens,4,FALSE,Swedish
swed1254,hippie,4,TRUE,Swedish
swed1254,incidents,4,FALSE,Swedish
swed1254,journalists,4,FALSE,Swedish
swed1254,lacrosse,4,TRUE,Swedish
swed1254,liberals,4,FALSE,Swedish
swed1254,magnets,4,FALSE,Swedish
swed1254,makeup,4,TRUE,Swedish
swed1254,males,4,FALSE,Swedish
swed1254,niggers,4,FALSE,Swedish
swed1254,online,4,TRUE,Swedish
swed1254,oregano,4,TRUE,Swedish
swed1254,panels,4,FALSE,Swedish
swed1254,papaya,4,TRUE,Swedish
swed1254,paranoia,4,TRUE,Swedish
swed1254,picks,4,FALSE,Swedish
swed1254,polarisation,4,FALSE,Swedish
swed1254,ravioli,4,TRUE,Swedish
swed1254,registers,4,FALSE,Swedish
swed1254,reps,4,FALSE,Swedish
swed1254,rims,4,FALSE,Swedish
swed1254,risotto,4,TRUE,Swedish
swed1254,salsa,4,TRUE,Swedish
swed1254,sensor,4,TRUE,Swedish
swed1254,situations,4,FALSE,Swedish
swed1254,skateboard,4,TRUE,Swedish
swed1254,speakers,4,FALSE,Swedish
swed1254,stacks,4,FALSE,Swedish
swed1254,sucks,4,FALSE,Swedish
swed1254,sweatshirt,4,TRUE,Swedish
swed1254,terrors,4,FALSE,Swedish
swed1254,tokens,4,FALSE,Swedish
swed1254,trends,4,FALSE,Swedish
swed1254,vaginal,4,TRUE,Swedish
swed1254,variations,4,FALSE,Swedish
swed1254,vulva,4,TRUE,Swedish
swed1254,zucchini,4,FALSE,Swedish
tata1255,eye,4,FALSE,Tatar
tetu1245,baton,4,FALSE,Tetum
tokp1240,ram,4,FALSE,Tok Pisin
tokp1240,wit,4,FALSE,Tok Pisin
turk1304,kit,4,FALSE,Turkmen
vend1245,mama,4,FALSE,Venda
vlaa1240,butter,4,FALSE,Western Flemish
vlaa1240,waste,4,FALSE,Western Flemish
wels1247,pajamas,4,FALSE,Welsh
west2354,angel,4,FALSE,Western Frisian
west2354,boat,4,TRUE,Western Frisian
west2354,ear,4,TRUE,Western Frisian
west2354,gear,4,FALSE,Western Frisian
west2354,god,4,TRUE,Western Frisian
west2354,hammer,4,TRUE,Western Frisian
west2354,lot,4,FALSE,Western Frisian
west2354,museum,4,TRUE,Western Frisian
west2354,reed,4,FALSE,Western Frisian
west2354,rubber,4,TRUE,Western Frisian
west2354,skip,4,FALSE,Western Frisian
west2354,wolf,4,TRUE,Western Frisian
yoru1245,paradise,4,TRUE,Yoruba
arap1274,noon,3,FALSE,Arapaho
arom1237,crest,3,FALSE,Aromanian
arom1237,pup,3,FALSE,Aromanian
arom1237,tor,3,FALSE,Aromanian
ayiw1239,bee,3,FALSE,Äiwoo
basq1248,bike,3,FALSE,Basque
basq1248,bridge,3,TRUE,Basque
basq1248,cello,3,TRUE,Basque
basq1248,huts,3,FALSE,Basque
basq1248,lore,3,FALSE,Basque
basq1248,sail,3,FALSE,Basque
basq1248,taxi,3,TRUE,Basque
bret1244,anal,3,FALSE,Breton
bret1244,bag,3,FALSE,Breton
bret1244,bro,3,FALSE,Breton
bret1244,broad,3,FALSE,Breton
bret1244,don,3,FALSE,Breton
bret1244,led,3,FALSE,Breton
bret1244,liver,3,FALSE,Breton
bret1244,tan,3,FALSE,Breton
cebu1242,bartender,3,TRUE,Cebuano
cebu1242,okra,3,FALSE,Cebuano
cebu1242,robot,3,FALSE,Cebuano
cent2087,brutal,3,TRUE,Coastal-Naga Bikol
cent2087,mas,3,FALSE,Coastal-Naga Bikol
cent2087,ray,3,FALSE,Coastal-Naga Bikol
cent2087,unit,3,FALSE,Coastal-Naga Bikol
chim1302,chi,3,FALSE,Bolivar-North Chimborazo Highland Quichua
chim1302,china,3,FALSE,Bolivar-North Chimborazo Highland Quichua
corn1251,adamant,3,FALSE,Cornish
czec1258,aerosol,3,TRUE,Czech
czec1258,deviant,3,TRUE,Czech
czec1258,guru,3,TRUE,Czech
czec1258,laser,3,TRUE,Czech
dani1285,babysitter,3,TRUE,Danish
dani1285,basketball,3,TRUE,Danish
dani1285,blitz,3,FALSE,Danish
dani1285,broccoli,3,TRUE,Danish
dani1285,browse,3,TRUE,Danish
dani1285,bullets,3,FALSE,Danish
dani1285,cache,3,TRUE,Danish
dani1285,camping,3,TRUE,Danish
dani1285,eds,3,FALSE,Danish
dani1285,flamboyant,3,TRUE,Danish
dani1285,heroin,3,TRUE,Danish
dani1285,herpes,3,FALSE,Danish
dani1285,minerals,3,FALSE,Danish
dani1285,pizza,3,TRUE,Danish
dani1285,quiz,3,TRUE,Danish
dani1285,rods,3,FALSE,Danish
dani1285,scores,3,FALSE,Danish
dani1285,slaves,3,FALSE,Danish
dani1285,symbols,3,FALSE,Danish
dani1285,unilateral,3,TRUE,Danish
dani1285,uranium,3,FALSE,Danish
dani1285,vodka,3,TRUE,Danish
dutc1256,buffers,3,FALSE,Dutch
dutc1256,circuits,3,FALSE,Dutch
dutc1256,cookie,3,TRUE,Dutch
dutc1256,couscous,3,TRUE,Dutch
dutc1256,curves,3,FALSE,Dutch
dutc1256,database,3,TRUE,Dutch
dutc1256,desktop,3,TRUE,Dutch
dutc1256,e-mail,3,TRUE,Dutch
dutc1256,ecologist,3,TRUE,Dutch
dutc1256,festivals,3,FALSE,Dutch
dutc1256,flashback,3,TRUE,Dutch
dutc1256,handout,3,FALSE,Dutch
dutc1256,hectares,3,FALSE,Dutch
dutc1256,jams,3,FALSE,Dutch
dutc1256,karma,3,TRUE,Dutch
dutc1256,labs,3,FALSE,Dutch
dutc1256,lacrosse,3,TRUE,Dutch
dutc1256,online,3,TRUE,Dutch
dutc1256,oregano,3,TRUE,Dutch
dutc1256,pixel,3,TRUE,Dutch
dutc1256,platforms,3,FALSE,Dutch
dutc1256,practicum,3,TRUE,Dutch
dutc1256,professors,3,FALSE,Dutch
dutc1256,router,3,TRUE,Dutch
dutc1256,routes,3,FALSE,Dutch
dutc1256,sketches,3,FALSE,Dutch
dutc1256,theaters,3,FALSE,Dutch
dutc1256,undercover,3,TRUE,Dutch
dutc1256,update,3,TRUE,Dutch
dutc1256,upgrade,3,TRUE,Dutch
dutc1256,yells,3,FALSE,Dutch
egyp1246,bin,3,FALSE,Egyptian (Ancient)
esto1258,veered,3,FALSE,Estonian
esto1258,vets,3,FALSE,Estonian
esto1258,vines,3,FALSE,Estonian
finn1318,alfalfa,3,TRUE,Finnish
finn1318,bestseller,3,TRUE,Finnish
finn1318,bikini,3,TRUE,Finnish
finn1318,espresso,3,TRUE,Finnish
finn1318,freestyle,3,TRUE,Finnish
finn1318,karate,3,TRUE,Finnish
finn1318,lacrosse,3,TRUE,Finnish
finn1318,mangrove,3,TRUE,Finnish
finn1318,max,3,TRUE,Finnish
finn1318,mousse,3,TRUE,Finnish
finn1318,pantheon,3,TRUE,Finnish
finn1318,polenta,3,TRUE,Finnish
finn1318,regression,3,TRUE,Finnish
finn1318,tax-free,3,TRUE,Finnish
finn1318,tequila,3,TRUE,Finnish
finn1318,tortilla,3,TRUE,Finnish
finn1318,tsunami,3,TRUE,Finnish
finn1318,vinaigrette,3,TRUE,Finnish
gali1258,ache,3,FALSE,Galician
gali1258,cargo,3,FALSE,Galician
gali1258,cease,3,FALSE,Galician
gali1258,celestial,3,TRUE,Galician
gali1258,che,3,FALSE,Galician
gali1258,cheque,3,TRUE,Galician
gali1258,coincide,3,TRUE,Galician
gali1258,combine,3,TRUE,Galician
gali1258,cordial,3,TRUE,Galician
gali1258,decide,3,TRUE,Galician
gali1258,declare,3,TRUE,Galician
gali1258,does,3,FALSE,Galician
gali1258,editor,3,TRUE,Galician
gali1258,editorial,3,TRUE,Galician
gali1258,enigma,3,TRUE,Galician
gali1258,explore,3,TRUE,Galician
gali1258,fender,3,FALSE,Galician
gali1258,fervor,3,TRUE,Galician
gali1258,force,3,TRUE,Galician
gali1258,formal,3,TRUE,Galician
gali1258,fresco,3,TRUE,Galician
gali1258,gala,3,TRUE,Galician
gali1258,grade,3,FALSE,Galician
gali1258,habitual,3,TRUE,Galician
gali1258,ham,3,FALSE,Galician
gali1258,horrible,3,TRUE,Galician
gali1258,iceberg,3,TRUE,Galician
gali1258,incline,3,TRUE,Galician
gali1258,individual,3,TRUE,Galician
gali1258,inferno,3,TRUE,Galician
gali1258,inflexible,3,TRUE,Galician
gali1258,invade,3,TRUE,Galician
gali1258,invisible,3,TRUE,Galician
gali1258,lease,3,FALSE,Galician
gali1258,loan,3,FALSE,Galician
gali1258,lunar,3,TRUE,Galician
gali1258,mental,3,TRUE,Galician
gali1258,metro,3,FALSE,Galician
gali1258,mineral,3,TRUE,Galician
gali1258,mortal,3,TRUE,Galician
gali1258,mute,3,FALSE,Galician
gali1258,nasal,3,TRUE,Galician
gali1258,natural,3,TRUE,Galician
gali1258,papa,3,FALSE,Galician
gali1258,pastel,3,TRUE,Galician
gali1258,pear,3,FALSE,Galician
gali1258,pie,3,FALSE,Galician
gali1258,rabies,3,FALSE,Galician
gali1258,reduce,3,TRUE,Galician
gali1258,release,3,FALSE,Galician
gali1258,ride,3,FALSE,Galician
gali1258,ripe,3,FALSE,Galician
gali1258,rural,3,TRUE,Galician
gali1258,soar,3,FALSE,Galician
gali1258,torture,3,TRUE,Galician
gali1258,tropical,3,TRUE,Galician
gali1258,vague,3,FALSE,Galician
gali1258,vulva,3,TRUE,Galician
garo1247,anti,3,FALSE,Garo
hait1244,adore,3,TRUE,Haitian
hait1244,dye,3,FALSE,Haitian
hait1244,fair,3,FALSE,Haitian
hait1244,fig,3,FALSE,Haitian
hait1244,hinder,3,FALSE,Haitian
hmon1264,tub,3,FALSE,Hmong Njua
iban1264,label,3,TRUE,Iban
icel1247,buff,3,FALSE,Icelandic
icel1247,della,3,FALSE,Icelandic
icel1247,delta,3,TRUE,Icelandic
icel1247,gangs,3,FALSE,Icelandic
icel1247,okra,3,FALSE,Icelandic
icel1247,piss,3,TRUE,Icelandic
icel1247,rabbi,3,FALSE,Icelandic
indo1316,tsunami,3,TRUE,Standard Indonesian
iris1253,alfalfa,3,TRUE,Irish
ital1282,automotive,3,TRUE,Italian
ital1282,boomer,3,TRUE,Italian
java1254,bang,3,FALSE,Javanese
java1254,pat,3,FALSE,Javanese
java1254,pit,3,FALSE,Javanese
java1254,wit,3,FALSE,Javanese
kawi1241,tom,3,FALSE,Kawi
ladi1251,dime,3,FALSE,Ladino
ladi1251,grip,3,FALSE,Ladino
lati1261,complexes,3,FALSE,Latin
lati1261,criteria,3,FALSE,Latin
lati1261,expires,3,FALSE,Latin
lati1261,lithium,3,TRUE,Latin
lati1261,organizer,3,FALSE,Latin
lati1261,radar,3,FALSE,Latin
lati1261,syphilis,3,TRUE,Latin
lati1261,termite,3,FALSE,Latin
lati1261,termites,3,FALSE,Latin
lati1261,vaginas,3,FALSE,Latin
latv1249,administrator,3,FALSE,Latvian
latv1249,bits,3,FALSE,Latvian
latv1249,distances,3,FALSE,Latvian
latv1249,grams,3,FALSE,Latvian
latv1249,imports,3,FALSE,Latvian
latv1249,kilograms,3,FALSE,Latvian
latv1249,mango,3,TRUE,Latvian
latv1249,patriots,3,FALSE,Latvian
latv1249,pilots,3,FALSE,Latvian
latv1249,skates,3,FALSE,Latvian
latv1249,tests,3,FALSE,Latvian
latv1249,zebra,3,TRUE,Latvian
lith1251,taps,3,FALSE,Lithuanian
luxe1241,arrogant,3,TRUE,Moselle Franconian
luxe1241,blond,3,TRUE,Moselle Franconian
luxe1241,dank,3,FALSE,Moselle Franconian
luxe1241,deck,3,FALSE,Moselle Franconian
luxe1241,dot,3,FALSE,Moselle Franconian
luxe1241,feet,3,FALSE,Moselle Franconian
luxe1241,ideal,3,TRUE,Moselle Franconian
luxe1241,orange,3,TRUE,Moselle Franconian
malt1254,bass,3,FALSE,Maltese
malt1254,blast,3,TRUE,Maltese
malt1254,boss,3,TRUE,Maltese
malt1254,memorandum,3,TRUE,Maltese
malt1254,rapport,3,FALSE,Maltese
malt1254,referendum,3,TRUE,Maltese
midd1317,axe,3,FALSE,Middle English
midd1317,babe,3,FALSE,Middle English
midd1317,bake,3,FALSE,Middle English
midd1317,bark,3,TRUE,Middle English
midd1317,beggar,3,FALSE,Middle English
midd1317,better,3,FALSE,Middle English
midd1317,bladder,3,FALSE,Middle English
midd1317,blades,3,FALSE,Middle English
midd1317,blossom,3,FALSE,Middle English
midd1317,boon,3,FALSE,Middle English
midd1317,border,3,FALSE,Middle English
midd1317,bosom,3,FALSE,Middle English
midd1317,brace,3,FALSE,Middle English
midd1317,braid,3,FALSE,Middle English
midd1317,brass,3,FALSE,Middle English
midd1317,bun,3,FALSE,Middle English
midd1317,button,3,FALSE,Middle English
midd1317,cake,3,TRUE,Middle English
midd1317,cell,3,FALSE,Middle English
midd1317,champion,3,FALSE,Middle English
midd1317,che,3,FALSE,Middle English
midd1317,check,3,FALSE,Middle English
midd1317,cheese,3,FALSE,Middle English
midd1317,childhood,3,FALSE,Middle English
midd1317,chip,3,FALSE,Middle English
midd1317,choke,3,FALSE,Middle English
midd1317,clever,3,FALSE,Middle English
midd1317,clout,3,FALSE,Middle English
midd1317,clove,3,TRUE,Middle English
midd1317,coffin,3,FALSE,Middle English
midd1317,commune,3,FALSE,Middle English
midd1317,compare,3,FALSE,Middle English
midd1317,copper,3,FALSE,Middle English
midd1317,cord,3,FALSE,Middle English
midd1317,core,3,TRUE,Middle English
midd1317,coroner,3,TRUE,Middle English
midd1317,coupe,3,FALSE,Middle English
midd1317,decide,3,FALSE,Middle English
midd1317,dent,3,FALSE,Middle English
midd1317,difference,3,FALSE,Middle English
midd1317,dude,3,FALSE,Middle English
midd1317,dug,3,FALSE,Middle English
midd1317,dung,3,FALSE,Middle English
midd1317,dust,3,TRUE,Middle English
midd1317,envious,3,TRUE,Middle English
midd1317,fan,3,TRUE,Middle English
midd1317,feature,3,FALSE,Middle English
midd1317,fern,3,TRUE,Middle English
midd1317,fist,3,TRUE,Middle English
midd1317,flavour,3,FALSE,Middle English
midd1317,fleet,3,FALSE,Middle English
midd1317,foe,3,FALSE,Middle English
midd1317,forge,3,TRUE,Middle English
midd1317,fret,3,FALSE,Middle English
midd1317,fulfil,3,FALSE,Middle English
midd1317,gait,3,FALSE,Middle English
midd1317,gang,3,FALSE,Middle English
midd1317,girth,3,FALSE,Middle English
midd1317,glorious,3,FALSE,Middle English
midd1317,glove,3,TRUE,Middle English
midd1317,governor,3,FALSE,Middle English
midd1317,grip,3,FALSE,Middle English
midd1317,grove,3,TRUE,Middle English
midd1317,halter,3,TRUE,Middle English
midd1317,hatred,3,FALSE,Middle English
midd1317,haven,3,FALSE,Middle English
midd1317,hay,3,FALSE,Middle English
midd1317,hinge,3,FALSE,Middle English
midd1317,hired,3,FALSE,Middle English
midd1317,hunger,3,TRUE,Middle English
midd1317,image,3,FALSE,Middle English
midd1317,impossible,3,TRUE,Middle English
midd1317,infancy,3,FALSE,Middle English
midd1317,infant,3,FALSE,Middle English
midd1317,injury,3,FALSE,Middle English
midd1317,knee,3,FALSE,Middle English
midd1317,ladies,3,FALSE,Middle English
midd1317,lame,3,FALSE,Middle English
midd1317,lamp,3,FALSE,Middle English
midd1317,laughter,3,TRUE,Middle English
midd1317,lawful,3,FALSE,Middle English
midd1317,lease,3,FALSE,Middle English
midd1317,lesson,3,FALSE,Middle English
midd1317,looking,3,FALSE,Middle English
midd1317,lowly,3,FALSE,Middle English
midd1317,market,3,TRUE,Middle English
midd1317,mas,3,FALSE,Middle English
midd1317,mate,3,TRUE,Middle English
midd1317,mater,3,FALSE,Middle English
midd1317,maze,3,FALSE,Middle English
midd1317,menace,3,FALSE,Middle English
midd1317,mint,3,FALSE,Middle English
midd1317,mister,3,FALSE,Middle English
midd1317,mode,3,FALSE,Middle English
midd1317,mood,3,FALSE,Middle English
midd1317,mountain,3,FALSE,Middle English
midd1317,mouse,3,FALSE,Middle English
midd1317,mule,3,TRUE,Middle English
midd1317,nail,3,FALSE,Middle English
midd1317,nephew,3,FALSE,Middle English
midd1317,nice,3,FALSE,Middle English
midd1317,noose,3,FALSE,Middle English
midd1317,nurse,3,FALSE,Middle English
midd1317,nut,3,FALSE,Middle English
midd1317,officers,3,FALSE,Middle English
midd1317,pageant,3,FALSE,Middle English
midd1317,patient,3,FALSE,Middle English
midd1317,patron,3,FALSE,Middle English
midd1317,pew,3,FALSE,Middle English
midd1317,places,3,FALSE,Middle English
midd1317,plaid,3,FALSE,Middle English
midd1317,plural,3,FALSE,Middle English
midd1317,quaint,3,FALSE,Middle English
midd1317,quiver,3,TRUE,Middle English
midd1317,quo,3,FALSE,Middle English
midd1317,rat,3,FALSE,Middle English
midd1317,raw,3,FALSE,Middle English
midd1317,recovery,3,FALSE,Middle English
midd1317,rind,3,FALSE,Middle English
midd1317,route,3,TRUE,Middle English
midd1317,salmon,3,FALSE,Middle English
midd1317,sap,3,TRUE,Middle English
midd1317,savour,3,FALSE,Middle English
midd1317,sect,3,FALSE,Middle English
midd1317,shirt,3,FALSE,Middle English
midd1317,shower,3,FALSE,Middle English
midd1317,slight,3,FALSE,Middle English
midd1317,snout,3,FALSE,Middle English
midd1317,sorry,3,FALSE,Middle English
midd1317,sparkle,3,FALSE,Middle English
midd1317,spear,3,FALSE,Middle English
midd1317,sting,3,FALSE,Middle English
midd1317,strand,3,FALSE,Middle English
midd1317,sturdy,3,FALSE,Middle English
midd1317,sue,3,FALSE,Middle English
midd1317,tally,3,FALSE,Middle English
midd1317,tin,3,FALSE,Middle English
midd1317,toll,3,TRUE,Middle English
midd1317,tomb,3,FALSE,Middle English
midd1317,tooth,3,FALSE,Middle English
midd1317,tour,3,FALSE,Middle English
midd1317,tumour,3,TRUE,Middle English
midd1317,tyranny,3,FALSE,Middle English
midd1317,user,3,FALSE,Middle English
midd1317,vein,3,FALSE,Middle English
midd1317,verdict,3,FALSE,Middle English
midd1317,vine,3,FALSE,Middle English
midd1317,vineyard,3,FALSE,Middle English
midd1317,waist,3,FALSE,Middle English
midd1317,warm,3,TRUE,Middle English
midd1317,warn,3,FALSE,Middle English
midd1317,wee,3,FALSE,Middle English
midd1317,whale,3,TRUE,Middle English
midd1317,yell,3,FALSE,Middle English
midd1343,ram,3,FALSE,Middle High German
misk1235,pus,3,FALSE,Mískito
moki1238,men,3,FALSE,Mokilese
moki1238,oak,3,FALSE,Mokilese
nort2671,mas,3,FALSE,North Saami
nort2697,lap,3,FALSE,North Azerbaijani
nort2697,medal,3,TRUE,North Azerbaijani
nort2697,penis,3,TRUE,North Azerbaijani
nort2697,piano,3,TRUE,North Azerbaijani
nort2697,valid,3,FALSE,North Azerbaijani
nort2961,moose,3,FALSE,Northwestern Ojibwa
nucl1301,denim,3,TRUE,Turkish
nucl1301,hamburger,3,TRUE,Turkish
nucl1301,moron,3,TRUE,Turkish
olde1238,melting,3,TRUE,Old English (ca. 450-1100)
olde1238,merge,3,FALSE,Old English (ca. 450-1100)
olde1238,plume,3,FALSE,Old English (ca. 450-1100)
oldf1239,admiral,3,FALSE,Old French (842-ca. 1400)
oldf1239,adolescence,3,TRUE,Old French (842-ca. 1400)
oldf1239,beverage,3,FALSE,Old French (842-ca. 1400)
oldf1239,clamor,3,TRUE,Old French (842-ca. 1400)
oldf1239,compression,3,TRUE,Old French (842-ca. 1400)
oldf1239,corrosion,3,TRUE,Old French (842-ca. 1400)
oldf1239,curvature,3,TRUE,Old French (842-ca. 1400)
oldf1239,estrangement,3,TRUE,Old French (842-ca. 1400)
oldf1239,flux,3,FALSE,Old French (842-ca. 1400)
oldf1239,gist,3,FALSE,Old French (842-ca. 1400)
oldf1239,laborer,3,FALSE,Old French (842-ca. 1400)
oldf1239,languages,3,FALSE,Old French (842-ca. 1400)
oldf1239,literal,3,TRUE,Old French (842-ca. 1400)
oldf1239,max,3,FALSE,Old French (842-ca. 1400)
oldf1239,parlance,3,FALSE,Old French (842-ca. 1400)
oldf1239,parochial,3,TRUE,Old French (842-ca. 1400)
oldf1239,prisons,3,FALSE,Old French (842-ca. 1400)
oldf1239,profound,3,FALSE,Old French (842-ca. 1400)
oldf1239,rap,3,FALSE,Old French (842-ca. 1400)
oldf1239,reclaim,3,FALSE,Old French (842-ca. 1400)
oldf1239,reporter,3,FALSE,Old French (842-ca. 1400)
oldf1239,rigor,3,FALSE,Old French (842-ca. 1400)
oldf1239,rural,3,TRUE,Old French (842-ca. 1400)
oldf1239,salvage,3,FALSE,Old French (842-ca. 1400)
oldf1239,sphere,3,TRUE,Old French (842-ca. 1400)
oldf1239,tiers,3,FALSE,Old French (842-ca. 1400)
oldf1239,veritable,3,FALSE,Old French (842-ca. 1400)
oldf1239,vigor,3,FALSE,Old French (842-ca. 1400)
oldf1239,visitation,3,TRUE,Old French (842-ca. 1400)
oldf1239,vocation,3,FALSE,Old French (842-ca. 1400)
oldn1244,brands,3,FALSE,Old Norse
olds1249,baron,3,FALSE,Old Spanish
pamp1243,single,3,FALSE,Pampanga
papi1253,mayor,3,FALSE,Papiamento
papi1253,mesa,3,FALSE,Papiamento
papi1253,religion,3,TRUE,Papiamento
papi1253,robes,3,FALSE,Papiamento
papi1253,sushi,3,FALSE,Papiamento
papi1253,yen,3,FALSE,Papiamento
penn1240,elf,3,FALSE,Pennsylvania German
penn1240,null,3,FALSE,Pennsylvania German
plat1254,rosy,3,FALSE,Plateau Malagasy
plau1238,rode,3,FALSE,Plautdietsch
pola1255,sect,3,FALSE,Polabian
poli1260,brunch,3,TRUE,Polish
poli1260,guru,3,TRUE,Polish
poli1260,libido,3,TRUE,Polish
poli1260,limo,3,FALSE,Polish
poli1260,sonar,3,TRUE,Polish
port1283,arenas,3,FALSE,Portuguese
port1283,cubes,3,FALSE,Portuguese
port1283,emus,3,FALSE,Portuguese
port1283,envelopes,3,FALSE,Portuguese
port1283,karma,3,TRUE,Portuguese
port1283,maximal,3,TRUE,Portuguese
port1283,nerd,3,TRUE,Portuguese
port1283,pauses,3,FALSE,Portuguese
port1283,pivotal,3,TRUE,Portuguese
port1283,softball,3,TRUE,Portuguese
port1283,surreal,3,TRUE,Portuguese
port1283,tofu,3,TRUE,Portuguese
port1283,visas,3,FALSE,Portuguese
port1283,website,3,TRUE,Portuguese
roma1327,aureus,3,TRUE,Romanian
roma1327,avatar,3,TRUE,Romanian
roma1327,biker,3,TRUE,Romanian
roma1327,brunch,3,TRUE,Romanian
roma1327,continuum,3,TRUE,Romanian
roma1327,desktop,3,TRUE,Romanian
roma1327,dimensional,3,TRUE,Romanian
roma1327,incremental,3,TRUE,Romanian
roma1327,leasing,3,TRUE,Romanian
roma1327,macro,3,TRUE,Romanian
roma1327,medalist,3,TRUE,Romanian
roma1327,rapper,3,TRUE,Romanian
roma1327,somatic,3,TRUE,Romanian
scot1243,addict,3,TRUE,Scots
scot1243,asshole,3,FALSE,Scots
scot1243,pedagogy,3,TRUE,Scots
sici1248,pasta,3,TRUE,Sicilian
sici1248,strata,3,FALSE,Sicilian
slov1268,instrumental,3,TRUE,Slovenian
slov1268,penis,3,TRUE,Slovenian
slov1268,pita,3,FALSE,Slovenian
slov1268,spam,3,TRUE,Slovenian
slov1269,bestseller,3,TRUE,Slovak
slov1269,parole,3,TRUE,Slovak
sout1528,feta,3,FALSE,Serbian-Croatian-Bosnian
sout1528,guru,3,TRUE,Serbian-Croatian-Bosnian
sout1528,karate,3,TRUE,Serbian-Croatian-Bosnian
sout1528,plankton,3,TRUE,Serbian-Croatian-Bosnian
sout1528,sauna,3,TRUE,Serbian-Croatian-Bosnian
sout1528,sonar,3,TRUE,Serbian-Croatian-Bosnian
stan1288,critiques,3,FALSE,Spanish
stan1288,disciplines,3,FALSE,Spanish
stan1288,ensembles,3,FALSE,Spanish
stan1288,exiles,3,FALSE,Spanish
stan1288,positives,3,FALSE,Spanish
stan1288,stickers,3,FALSE,Spanish
stan1288,suites,3,FALSE,Spanish
stan1288,vulvas,3,FALSE,Spanish
stan1289,absent,3,TRUE,Catalan
stan1289,accents,3,FALSE,Catalan
stan1289,accidents,3,FALSE,Catalan
stan1289,adolescent,3,TRUE,Catalan
stan1289,adolescents,3,FALSE,Catalan
stan1289,agenda,3,TRUE,Catalan
stan1289,ample,3,TRUE,Catalan
stan1289,argument,3,TRUE,Catalan
stan1289,arrest,3,TRUE,Catalan
stan1289,augment,3,TRUE,Catalan
stan1289,bales,3,FALSE,Catalan
stan1289,bars,3,FALSE,Catalan
stan1289,blazer,3,TRUE,Catalan
stan1289,bomber,3,FALSE,Catalan
stan1289,bones,3,FALSE,Catalan
stan1289,calm,3,TRUE,Catalan
stan1289,canes,3,FALSE,Catalan
stan1289,cans,3,FALSE,Catalan
stan1289,capitals,3,FALSE,Catalan
stan1289,causal,3,TRUE,Catalan
stan1289,cents,3,FALSE,Catalan
stan1289,cereals,3,FALSE,Catalan
stan1289,circuit,3,TRUE,Catalan
stan1289,clam,3,FALSE,Catalan
stan1289,client,3,TRUE,Catalan
stan1289,colon,3,TRUE,Catalan
stan1289,complement,3,TRUE,Catalan
stan1289,compliment,3,TRUE,Catalan
stan1289,concert,3,TRUE,Catalan
stan1289,concurs,3,FALSE,Catalan
stan1289,confident,3,FALSE,Catalan
stan1289,consultant,3,FALSE,Catalan
stan1289,contrast,3,TRUE,Catalan
stan1289,corals,3,FALSE,Catalan
stan1289,corporal,3,TRUE,Catalan
stan1289,criminals,3,FALSE,Catalan
stan1289,debut,3,TRUE,Catalan
stan1289,decor,3,FALSE,Catalan
stan1289,diner,3,FALSE,Catalan
stan1289,director,3,TRUE,Catalan
stan1289,disgust,3,FALSE,Catalan
stan1289,document,3,TRUE,Catalan
stan1289,doll,3,FALSE,Catalan
stan1289,dull,3,FALSE,Catalan
stan1289,editorial,3,TRUE,Catalan
stan1289,ego,3,TRUE,Catalan
stan1289,elm,3,FALSE,Catalan
stan1289,equip,3,FALSE,Catalan
stan1289,equivalent,3,TRUE,Catalan
stan1289,excrement,3,TRUE,Catalan
stan1289,exempt,3,TRUE,Catalan
stan1289,experiment,3,TRUE,Catalan
stan1289,factor,3,TRUE,Catalan
stan1289,fart,3,FALSE,Catalan
stan1289,farts,3,FALSE,Catalan
stan1289,feta,3,TRUE,Catalan
stan1289,films,3,FALSE,Catalan
stan1289,fiscal,3,TRUE,Catalan
stan1289,galls,3,FALSE,Catalan
stan1289,gals,3,FALSE,Catalan
stan1289,genera,3,FALSE,Catalan
stan1289,gon,3,FALSE,Catalan
stan1289,govern,3,FALSE,Catalan
stan1289,grapes,3,FALSE,Catalan
stan1289,guitar,3,FALSE,Catalan
stan1289,gust,3,FALSE,Catalan
stan1289,harem,3,TRUE,Catalan
stan1289,homosexual,3,TRUE,Catalan
stan1289,homosexuals,3,FALSE,Catalan
stan1289,immigrant,3,TRUE,Catalan
stan1289,immigrants,3,FALSE,Catalan
stan1289,inconvenient,3,TRUE,Catalan
stan1289,independents,3,FALSE,Catalan
stan1289,infant,3,TRUE,Catalan
stan1289,insult,3,TRUE,Catalan
stan1289,intent,3,FALSE,Catalan
stan1289,interns,3,FALSE,Catalan
stan1289,invent,3,FALSE,Catalan
stan1289,liberal,3,TRUE,Catalan
stan1289,liberals,3,FALSE,Catalan
stan1289,majors,3,FALSE,Catalan
stan1289,males,3,FALSE,Catalan
stan1289,mare,3,FALSE,Catalan
stan1289,mas,3,FALSE,Catalan
stan1289,mascara,3,FALSE,Catalan
stan1289,mental,3,TRUE,Catalan
stan1289,mix,3,FALSE,Catalan
stan1289,mode,3,TRUE,Catalan
stan1289,modern,3,TRUE,Catalan
stan1289,modes,3,FALSE,Catalan
stan1289,molars,3,FALSE,Catalan
stan1289,moral,3,TRUE,Catalan
stan1289,mores,3,FALSE,Catalan
stan1289,mortal,3,TRUE,Catalan
stan1289,mortals,3,FALSE,Catalan
stan1289,motors,3,FALSE,Catalan
stan1289,natural,3,TRUE,Catalan
stan1289,nets,3,FALSE,Catalan
stan1289,nitrogen,3,TRUE,Catalan
stan1289,nodes,3,FALSE,Catalan
stan1289,notes,3,FALSE,Catalan
stan1289,oceans,3,FALSE,Catalan
stan1289,oriental,3,TRUE,Catalan
stan1289,papal,3,TRUE,Catalan
stan1289,papers,3,TRUE,Catalan
stan1289,para,3,FALSE,Catalan
stan1289,parents,3,FALSE,Catalan
stan1289,parts,3,FALSE,Catalan
stan1289,pasta,3,TRUE,Catalan
stan1289,polls,3,FALSE,Catalan
stan1289,ports,3,FALSE,Catalan
stan1289,posterior,3,TRUE,Catalan
stan1289,precedent,3,TRUE,Catalan
stan1289,precedents,3,FALSE,Catalan
stan1289,president,3,TRUE,Catalan
stan1289,principals,3,FALSE,Catalan
stan1289,professor,3,TRUE,Catalan
stan1289,prohibit,3,FALSE,Catalan
stan1289,psi,3,TRUE,Catalan
stan1289,quiet,3,TRUE,Catalan
stan1289,rave,3,FALSE,Catalan
stan1289,rebel,3,TRUE,Catalan
stan1289,rebels,3,FALSE,Catalan
stan1289,recurrent,3,TRUE,Catalan
stan1289,regents,3,FALSE,Catalan
stan1289,regiment,3,TRUE,Catalan
stan1289,repel,3,FALSE,Catalan
stan1289,reporter,3,TRUE,Catalan
stan1289,reporters,3,FALSE,Catalan
stan1289,rivals,3,FALSE,Catalan
stan1289,roses,3,FALSE,Catalan
stan1289,safari,3,TRUE,Catalan
stan1289,sang,3,FALSE,Catalan
stan1289,secretaries,3,FALSE,Catalan
stan1289,sediment,3,TRUE,Catalan
stan1289,segment,3,TRUE,Catalan
stan1289,server,3,FALSE,Catalan
stan1289,silent,3,TRUE,Catalan
stan1289,solo,3,TRUE,Catalan
stan1289,successors,3,FALSE,Catalan
stan1289,sulfur,3,FALSE,Catalan
stan1289,talent,3,TRUE,Catalan
stan1289,temporal,3,TRUE,Catalan
stan1289,tests,3,FALSE,Catalan
stan1289,textual,3,TRUE,Catalan
stan1289,tint,3,FALSE,Catalan
stan1289,tomb,3,FALSE,Catalan
stan1289,tones,3,FALSE,Catalan
stan1289,transport,3,TRUE,Catalan
stan1289,tries,3,FALSE,Catalan
stan1289,trot,3,TRUE,Catalan
stan1289,tubs,3,FALSE,Catalan
stan1289,vapor,3,TRUE,Catalan
stan1289,violent,3,TRUE,Catalan
stan1289,visual,3,TRUE,Catalan
stan1289,volts,3,FALSE,Catalan
stan1289,vulgar,3,TRUE,Catalan
stan1290,coefficients,3,FALSE,French
stan1290,coyotes,3,FALSE,French
stan1290,prototypes,3,FALSE,French
stan1290,rectums,3,FALSE,French
stan1290,scoops,3,FALSE,French
stan1290,slams,3,FALSE,French
stan1290,uvulas,3,FALSE,French
stan1290,violations,3,FALSE,French
stan1306,yogurt,3,TRUE,Standard Malay
swed1254,bankers,3,FALSE,Swedish
swed1254,cheddar,3,TRUE,Swedish
swed1254,cylinders,3,FALSE,Swedish
swed1254,desegregation,3,TRUE,Swedish
swed1254,donations,3,FALSE,Swedish
swed1254,explosions,3,FALSE,Swedish
swed1254,farts,3,FALSE,Swedish
swed1254,gyms,3,FALSE,Swedish
swed1254,innovative,3,FALSE,Swedish
swed1254,intelligentsia,3,TRUE,Swedish
swed1254,laptop,3,TRUE,Swedish
swed1254,machete,3,TRUE,Swedish
swed1254,monuments,3,FALSE,Swedish
swed1254,motors,3,FALSE,Swedish
swed1254,mutant,3,TRUE,Swedish
swed1254,narcissism,3,TRUE,Swedish
swed1254,normative,3,FALSE,Swedish
swed1254,norms,3,FALSE,Swedish
swed1254,packets,3,FALSE,Swedish
swed1254,parameter,3,TRUE,Swedish
swed1254,patents,3,FALSE,Swedish
swed1254,pixel,3,TRUE,Swedish
swed1254,positions,3,FALSE,Swedish
swed1254,programs,3,FALSE,Swedish
swed1254,protests,3,FALSE,Swedish
swed1254,pulsar,3,TRUE,Swedish
swed1254,regents,3,FALSE,Swedish
swed1254,reggae,3,TRUE,Swedish
swed1254,rehab,3,TRUE,Swedish
swed1254,reservations,3,FALSE,Swedish
swed1254,salmonella,3,TRUE,Swedish
swed1254,solids,3,FALSE,Swedish
swed1254,spasms,3,FALSE,Swedish
swed1254,supporters,3,FALSE,Swedish
swed1254,teams,3,FALSE,Swedish
swed1254,tofu,3,TRUE,Swedish
swed1254,transports,3,FALSE,Swedish
taga1270,oregano,3,TRUE,Tagalog
taga1270,rotunda,3,FALSE,Tagalog
tari1263,ass,3,FALSE,Tarifiyt-Beni-Iznasen-Eastern Middle Atlas Berber
tari1263,ban,3,FALSE,Tarifiyt-Beni-Iznasen-Eastern Middle Atlas Berber
tata1255,agent,3,FALSE,Tatar
tata1255,gallon,3,TRUE,Tatar
tata1255,student,3,TRUE,Tatar
teop1238,rake,3,FALSE,Teop
tokp1240,anti,3,FALSE,Tok Pisin
tokp1240,program,3,TRUE,Tok Pisin
wels1247,blog,3,TRUE,Welsh
west2354,bears,3,FALSE,Western Frisian
west2354,earn,3,FALSE,Western Frisian
west2354,earring,3,TRUE,Western Frisian
west2354,goat,3,FALSE,Western Frisian
west2354,golf,3,FALSE,Western Frisian
west2354,grime,3,FALSE,Western Frisian
west2354,ham,3,TRUE,Western Frisian
west2354,haven,3,TRUE,Western Frisian
west2354,hoe,3,FALSE,Western Frisian
west2354,meager,3,FALSE,Western Frisian
west2354,span,3,TRUE,Western Frisian
west2354,team,3,TRUE,Western Frisian
west2624,papaya,3,TRUE,Western Huasteca Nahuatl
wole1240,boot,3,FALSE,Woleaian
yape1248,rib,3,FALSE,Yapese
yoga1237,gamut,3,FALSE,Yogad
yoru1245,mama,3,FALSE,Yoruba
zuni1245,ton,3,FALSE,Zuni
afri1274,genes,2,FALSE,Afrikaans
afri1274,joints,2,FALSE,Afrikaans
afri1274,limo,2,FALSE,Afrikaans
afri1274,plutonium,2,TRUE,Afrikaans
afri1274,proton,2,TRUE,Afrikaans
area1240,hoe,2,FALSE,'Are'are
arom1237,barber,2,TRUE,Aromanian
arom1237,bash,2,FALSE,Aromanian
arom1237,dorm,2,FALSE,Aromanian
arom1237,plug,2,FALSE,Aromanian
bamb1269,gala,2,FALSE,Bambara
bamb1269,yen,2,FALSE,Bambara
basq1248,beak,2,FALSE,Basque
basq1248,bean,2,FALSE,Basque
basq1248,biz,2,FALSE,Basque
basq1248,corpus,2,TRUE,Basque
basq1248,era,2,FALSE,Basque
basq1248,fin,2,FALSE,Basque
basq1248,peak,2,FALSE,Basque
basq1248,skate,2,FALSE,Basque
basq1248,skater,2,FALSE,Basque
beli1257,mini,2,FALSE,Beli (South Sudan)
bret1244,ant,2,FALSE,Breton
bret1244,banal,2,FALSE,Breton
bret1244,bran,2,FALSE,Breton
bret1244,dour,2,FALSE,Breton
bret1244,halo,2,FALSE,Breton
bret1244,mall,2,FALSE,Breton
bret1244,met,2,FALSE,Breton
bret1244,park,2,FALSE,Breton
bret1244,sellout,2,FALSE,Breton
bret1244,tad,2,FALSE,Breton
bret1244,test,2,FALSE,Breton
bret1244,yen,2,FALSE,Breton
cebu1242,gifted,2,FALSE,Cebuano
cebu1242,gunner,2,FALSE,Cebuano
cebu1242,mall,2,TRUE,Cebuano
cebu1242,menu,2,FALSE,Cebuano
cebu1242,rotunda,2,FALSE,Cebuano
cebu1242,zebra,2,TRUE,Cebuano
cent2087,boot,2,FALSE,Coastal-Naga Bikol
cent2087,durable,2,TRUE,Coastal-Naga Bikol
cent2087,sentimental,2,TRUE,Coastal-Naga Bikol
corn1251,logos,2,FALSE,Cornish
czec1258,banjo,2,TRUE,Czech
czec1258,espresso,2,TRUE,Czech
czec1258,hacker,2,TRUE,Czech
czec1258,pizza,2,TRUE,Czech
czec1258,software,2,TRUE,Czech
czec1258,tsunami,2,TRUE,Czech
dani1285,affirmation,2,TRUE,Danish
dani1285,assemblage,2,FALSE,Danish
dani1285,bipolar,2,TRUE,Danish
dani1285,bugs,2,FALSE,Danish
dani1285,bulldozer,2,TRUE,Danish
dani1285,burger,2,TRUE,Danish
dani1285,cigars,2,FALSE,Danish
dani1285,determinant,2,FALSE,Danish
dani1285,euro,2,TRUE,Danish
dani1285,farts,2,FALSE,Danish
dani1285,feta,2,TRUE,Danish
dani1285,funky,2,TRUE,Danish
dani1285,garner,2,FALSE,Danish
dani1285,geek,2,TRUE,Danish
dani1285,glamour,2,TRUE,Danish
dani1285,golfer,2,TRUE,Danish
dani1285,institutions,2,FALSE,Danish
dani1285,intelligentsia,2,TRUE,Danish
dani1285,journalists,2,FALSE,Danish
dani1285,limes,2,FALSE,Danish
dani1285,marina,2,TRUE,Danish
dani1285,markers,2,FALSE,Danish
dani1285,motors,2,FALSE,Danish
dani1285,paranoia,2,TRUE,Danish
dani1285,patients,2,FALSE,Danish
dani1285,pistols,2,FALSE,Danish
dani1285,pores,2,FALSE,Danish
dani1285,protagonist,2,TRUE,Danish
dani1285,rancher,2,TRUE,Danish
dani1285,reporters,2,FALSE,Danish
dani1285,slots,2,FALSE,Danish
dani1285,standards,2,FALSE,Danish
dani1285,strands,2,FALSE,Danish
dani1285,sulfur,2,FALSE,Danish
dani1285,tits,2,FALSE,Danish
dani1285,tyres,2,FALSE,Danish
dani1285,unions,2,FALSE,Danish
dani1285,vinaigrette,2,TRUE,Danish
dutc1256,aerobics,2,TRUE,Dutch
dutc1256,apps,2,FALSE,Dutch
dutc1256,birdie,2,TRUE,Dutch
dutc1256,blog,2,TRUE,Dutch
dutc1256,brigades,2,FALSE,Dutch
dutc1256,clowns,2,FALSE,Dutch
dutc1256,coca,2,TRUE,Dutch
dutc1256,comeback,2,TRUE,Dutch
dutc1256,detectors,2,FALSE,Dutch
dutc1256,disciplines,2,FALSE,Dutch
dutc1256,dragons,2,FALSE,Dutch
dutc1256,jihad,2,TRUE,Dutch
dutc1256,keepers,2,FALSE,Dutch
dutc1256,lithium,2,TRUE,Dutch
dutc1256,machete,2,TRUE,Dutch
dutc1256,merries,2,FALSE,Dutch
dutc1256,millennia,2,FALSE,Dutch
dutc1256,multinational,2,TRUE,Dutch
dutc1256,populist,2,TRUE,Dutch
dutc1256,poses,2,FALSE,Dutch
dutc1256,radon,2,TRUE,Dutch
dutc1256,revisionist,2,TRUE,Dutch
dutc1256,salmonella,2,TRUE,Dutch
dutc1256,senators,2,FALSE,Dutch
dutc1256,sites,2,FALSE,Dutch
dutc1256,startup,2,TRUE,Dutch
dutc1256,tablets,2,FALSE,Dutch
dutc1256,toolbox,2,FALSE,Dutch
dutc1256,transfers,2,FALSE,Dutch
dutc1256,vegan,2,TRUE,Dutch
dutc1256,volts,2,FALSE,Dutch
dutc1256,zoos,2,FALSE,Dutch
esto1258,autism,2,TRUE,Estonian
esto1258,patina,2,FALSE,Estonian
finn1318,apartheid,2,TRUE,Finnish
finn1318,bourbon,2,TRUE,Finnish
finn1318,boutique,2,TRUE,Finnish
finn1318,boyfriend,2,TRUE,Finnish
finn1318,burnout,2,TRUE,Finnish
finn1318,comeback,2,TRUE,Finnish
finn1318,continuum,2,TRUE,Finnish
finn1318,diaspora,2,TRUE,Finnish
finn1318,disco,2,FALSE,Finnish
finn1318,fiesta,2,TRUE,Finnish
finn1318,freelance,2,TRUE,Finnish
finn1318,graffiti,2,TRUE,Finnish
finn1318,hypertension,2,TRUE,Finnish
finn1318,joystick,2,TRUE,Finnish
finn1318,karma,2,TRUE,Finnish
finn1318,know-how,2,FALSE,Finnish
finn1318,libido,2,TRUE,Finnish
finn1318,magenta,2,TRUE,Finnish
finn1318,multimedia,2,TRUE,Finnish
finn1318,popcorn,2,TRUE,Finnish
finn1318,predisposition,2,FALSE,Finnish
finn1318,reggae,2,TRUE,Finnish
finn1318,retro,2,TRUE,Finnish
finn1318,salsa,2,TRUE,Finnish
finn1318,saves,2,FALSE,Finnish
finn1318,sedan,2,TRUE,Finnish
finn1318,softball,2,TRUE,Finnish
finn1318,trivia,2,TRUE,Finnish
gali1258,active,2,FALSE,Galician
gali1258,admire,2,TRUE,Galician
gali1258,adore,2,TRUE,Galician
gali1258,banana,2,TRUE,Galician
gali1258,cave,2,FALSE,Galician
gali1258,circular,2,TRUE,Galician
gali1258,compare,2,TRUE,Galician
gali1258,confine,2,TRUE,Galician
gali1258,console,2,TRUE,Galician
gali1258,continue,2,TRUE,Galician
gali1258,dam,2,FALSE,Galician
gali1258,define,2,TRUE,Galician
gali1258,describe,2,TRUE,Galician
gali1258,detective,2,TRUE,Galician
gali1258,determine,2,TRUE,Galician
gali1258,din,2,FALSE,Galician
gali1258,don,2,FALSE,Galician
gali1258,eternal,2,TRUE,Galician
gali1258,false,2,FALSE,Galician
gali1258,favorable,2,TRUE,Galician
gali1258,gradual,2,TRUE,Galician
gali1258,homosexual,2,TRUE,Galician
gali1258,horizontal,2,TRUE,Galician
gali1258,ignore,2,TRUE,Galician
gali1258,improvise,2,TRUE,Galician
gali1258,incentive,2,FALSE,Galician
gali1258,informal,2,TRUE,Galician
gali1258,inhale,2,TRUE,Galician
gali1258,introduce,2,TRUE,Galician
gali1258,inventor,2,TRUE,Galician
gali1258,irregular,2,TRUE,Galician
gali1258,lava,2,TRUE,Galician
gali1258,logo,2,TRUE,Galician
gali1258,machete,2,TRUE,Galician
gali1258,macho,2,FALSE,Galician
gali1258,mantel,2,FALSE,Galician
gali1258,medieval,2,TRUE,Galician
gali1258,mover,2,FALSE,Galician
gali1258,muscular,2,TRUE,Galician
gali1258,oasis,2,FALSE,Galician
gali1258,ore,2,FALSE,Galician
gali1258,pace,2,FALSE,Galician
gali1258,parade,2,FALSE,Galician
gali1258,pasta,2,TRUE,Galician
gali1258,pita,2,TRUE,Galician
gali1258,polar,2,TRUE,Galician
gali1258,produce,2,TRUE,Galician
gali1258,profane,2,TRUE,Galician
gali1258,pus,2,TRUE,Galician
gali1258,radar,2,TRUE,Galician
gali1258,redeem,2,FALSE,Galician
gali1258,refuse,2,TRUE,Galician
gali1258,revise,2,TRUE,Galician
gali1258,rodeo,2,TRUE,Galician
gali1258,rogue,2,FALSE,Galician
gali1258,seduce,2,TRUE,Galician
gali1258,serve,2,FALSE,Galician
gali1258,solo,2,TRUE,Galician
gali1258,taller,2,FALSE,Galician
gali1258,taxa,2,FALSE,Galician
gali1258,toe,2,FALSE,Galician
gali1258,tornado,2,TRUE,Galician
gali1258,tortilla,2,TRUE,Galician
gali1258,universal,2,TRUE,Galician
gali1258,utilize,2,TRUE,Galician
gali1258,virus,2,TRUE,Galician
gali1258,visual,2,TRUE,Galician
gali1258,whisky,2,TRUE,Galician
garo1247,spin,2,FALSE,Garo
hait1244,rate,2,FALSE,Haitian
hida1246,mini,2,FALSE,Hidatsa
hung1274,filmed,2,FALSE,Hungarian
hung1274,filtered,2,FALSE,Hungarian
hung1274,hacker,2,TRUE,Hungarian
iban1264,tomato,2,TRUE,Iban
icel1247,drama,2,TRUE,Icelandic
icel1247,grips,2,FALSE,Icelandic
icel1247,gums,2,FALSE,Icelandic
icel1247,karma,2,TRUE,Icelandic
icel1247,ramp,2,FALSE,Icelandic
icel1247,stamps,2,FALSE,Icelandic
indo1316,diaspora,2,TRUE,Standard Indonesian
iris1253,tarmac,2,TRUE,Irish
ital1282,empowerment,2,TRUE,Italian
ital1282,guideline,2,TRUE,Italian
ital1282,jihad,2,TRUE,Italian
java1254,pang,2,FALSE,Javanese
kiny1244,era,2,FALSE,Kinyarwanda
kokb1239,chi,2,FALSE,Kok Borok
ladi1251,piles,2,FALSE,Ladino
lati1261,advisor,2,TRUE,Latin
lati1261,collaborate,2,FALSE,Latin
lati1261,collaborator,2,FALSE,Latin
lati1261,discriminant,2,FALSE,Latin
lati1261,nutrient,2,FALSE,Latin
lati1261,radiator,2,FALSE,Latin
lati1261,subspecies,2,TRUE,Latin
lati1261,titanium,2,TRUE,Latin
latv1249,algebra,2,TRUE,Latvian
latv1249,barons,2,FALSE,Latvian
latv1249,cents,2,FALSE,Latvian
latv1249,ego,2,TRUE,Latvian
latv1249,mice,2,FALSE,Latvian
latv1249,monitors,2,FALSE,Latvian
latv1249,monuments,2,FALSE,Latvian
latv1249,vests,2,FALSE,Latvian
latv1249,volts,2,FALSE,Latvian
luxe1241,bass,2,FALSE,Moselle Franconian
luxe1241,batter,2,FALSE,Moselle Franconian
luxe1241,bilateral,2,TRUE,Moselle Franconian
luxe1241,brooch,2,FALSE,Moselle Franconian
luxe1241,deem,2,FALSE,Moselle Franconian
luxe1241,fad,2,FALSE,Moselle Franconian
luxe1241,falls,2,FALSE,Moselle Franconian
luxe1241,sat,2,FALSE,Moselle Franconian
malt1254,data,2,TRUE,Maltese
malt1254,kines,2,FALSE,Maltese
manx1243,varnish,2,TRUE,Manx
midd1317,abandon,2,FALSE,Middle English
midd1317,actual,2,TRUE,Middle English
midd1317,almond,2,FALSE,Middle English
midd1317,ample,2,TRUE,Middle English
midd1317,apron,2,FALSE,Middle English
midd1317,arisen,2,FALSE,Middle English
midd1317,ash,2,FALSE,Middle English
midd1317,ass,2,FALSE,Middle English
midd1317,bait,2,FALSE,Middle English
midd1317,barren,2,FALSE,Middle English
midd1317,birch,2,FALSE,Middle English
midd1317,bore,2,TRUE,Middle English
midd1317,brain,2,FALSE,Middle English
midd1317,bran,2,FALSE,Middle English
midd1317,brew,2,FALSE,Middle English
midd1317,calf,2,TRUE,Middle English
midd1317,captive,2,FALSE,Middle English
midd1317,carpenter,2,TRUE,Middle English
midd1317,carve,2,FALSE,Middle English
midd1317,chill,2,FALSE,Middle English
midd1317,chose,2,FALSE,Middle English
midd1317,cites,2,FALSE,Middle English
midd1317,clamour,2,FALSE,Middle English
midd1317,code,2,FALSE,Middle English
midd1317,compass,2,FALSE,Middle English
midd1317,compassion,2,FALSE,Middle English
midd1317,conceive,2,FALSE,Middle English
midd1317,cough,2,FALSE,Middle English
midd1317,couple,2,FALSE,Middle English
midd1317,credo,2,FALSE,Middle English
midd1317,crosses,2,FALSE,Middle English
midd1317,crow,2,FALSE,Middle English
midd1317,crude,2,FALSE,Middle English
midd1317,cypress,2,FALSE,Middle English
midd1317,cyst,2,FALSE,Middle English
midd1317,damages,2,FALSE,Middle English
midd1317,debt,2,FALSE,Middle English
midd1317,demon,2,TRUE,Middle English
midd1317,diaper,2,FALSE,Middle English
midd1317,dolphin,2,FALSE,Middle English
midd1317,drove,2,FALSE,Middle English
midd1317,eternal,2,TRUE,Middle English
midd1317,favourable,2,TRUE,Middle English
midd1317,felt,2,TRUE,Middle English
midd1317,fend,2,FALSE,Middle English
midd1317,fling,2,FALSE,Middle English
midd1317,forage,2,TRUE,Middle English
midd1317,fry,2,FALSE,Middle English
midd1317,gaze,2,FALSE,Middle English
midd1317,glory,2,FALSE,Middle English
midd1317,grunt,2,FALSE,Middle English
midd1317,gum,2,FALSE,Middle English
midd1317,gun,2,FALSE,Middle English
midd1317,hammer,2,FALSE,Middle English
midd1317,heater,2,FALSE,Middle English
midd1317,hemp,2,TRUE,Middle English
midd1317,hid,2,FALSE,Middle English
midd1317,honest,2,FALSE,Middle English
midd1317,hungry,2,FALSE,Middle English
midd1317,inch,2,FALSE,Middle English
midd1317,ion,2,FALSE,Middle English
midd1317,ire,2,FALSE,Middle English
midd1317,jargon,2,FALSE,Middle English
midd1317,kernel,2,FALSE,Middle English
midd1317,knife,2,FALSE,Middle English
midd1317,knob,2,FALSE,Middle English
midd1317,knot,2,FALSE,Middle English
midd1317,ladder,2,FALSE,Middle English
midd1317,lax,2,FALSE,Middle English
midd1317,lice,2,FALSE,Middle English
midd1317,lid,2,TRUE,Middle English
midd1317,luxurious,2,FALSE,Middle English
midd1317,mercury,2,FALSE,Middle English
midd1317,meth,2,FALSE,Middle English
midd1317,minute,2,FALSE,Middle English
midd1317,mischief,2,FALSE,Middle English
midd1317,misty,2,FALSE,Middle English
midd1317,moisture,2,TRUE,Middle English
midd1317,mole,2,FALSE,Middle English
midd1317,muscles,2,FALSE,Middle English
midd1317,muse,2,FALSE,Middle English
midd1317,mustard,2,FALSE,Middle English
midd1317,mute,2,FALSE,Middle English
midd1317,node,2,FALSE,Middle English
midd1317,noun,2,TRUE,Middle English
midd1317,novel,2,FALSE,Middle English
midd1317,obligation,2,FALSE,Middle English
midd1317,odour,2,FALSE,Middle English
midd1317,official,2,FALSE,Middle English
midd1317,oratory,2,FALSE,Middle English
midd1317,originals,2,FALSE,Middle English
midd1317,panther,2,FALSE,Middle English
midd1317,park,2,FALSE,Middle English
midd1317,patent,2,FALSE,Middle English
midd1317,peer,2,FALSE,Middle English
midd1317,peg,2,TRUE,Middle English
midd1317,pigment,2,TRUE,Middle English
midd1317,problem,2,FALSE,Middle English
midd1317,prophecy,2,FALSE,Middle English
midd1317,province,2,FALSE,Middle English
midd1317,pulpit,2,FALSE,Middle English
midd1317,purgatory,2,FALSE,Middle English
midd1317,quake,2,FALSE,Middle English
midd1317,quarters,2,TRUE,Middle English
midd1317,rebels,2,FALSE,Middle English
midd1317,region,2,FALSE,Middle English
midd1317,riches,2,FALSE,Middle English
midd1317,ridden,2,FALSE,Middle English
midd1317,riot,2,TRUE,Middle English
midd1317,robes,2,FALSE,Middle English
midd1317,ruse,2,FALSE,Middle English
midd1317,rust,2,TRUE,Middle English
midd1317,rye,2,TRUE,Middle English
midd1317,safe,2,FALSE,Middle English
midd1317,saffron,2,TRUE,Middle English
midd1317,scarce,2,FALSE,Middle English
midd1317,score,2,TRUE,Middle English
midd1317,semen,2,FALSE,Middle English
midd1317,sergeant,2,FALSE,Middle English
midd1317,sex,2,TRUE,Middle English
midd1317,sheer,2,FALSE,Middle English
midd1317,shoe,2,FALSE,Middle English
midd1317,site,2,FALSE,Middle English
midd1317,skirt,2,FALSE,Middle English
midd1317,sleet,2,FALSE,Middle English
midd1317,slide,2,FALSE,Middle English
midd1317,slider,2,FALSE,Middle English
midd1317,sling,2,FALSE,Middle English
midd1317,snake,2,TRUE,Middle English
midd1317,snarl,2,FALSE,Middle English
midd1317,sorcery,2,TRUE,Middle English
midd1317,sores,2,FALSE,Middle English
midd1317,span,2,FALSE,Middle English
midd1317,spin,2,FALSE,Middle English
midd1317,spoken,2,FALSE,Middle English
midd1317,spoon,2,FALSE,Middle English
midd1317,stag,2,FALSE,Middle English
midd1317,staple,2,TRUE,Middle English
midd1317,stay,2,TRUE,Middle English
midd1317,steer,2,TRUE,Middle English
midd1317,stern,2,FALSE,Middle English
midd1317,stony,2,TRUE,Middle English
midd1317,stormy,2,TRUE,Middle English
midd1317,strangle,2,FALSE,Middle English
midd1317,substance,2,FALSE,Middle English
midd1317,sulphur,2,FALSE,Middle English
midd1317,swelling,2,FALSE,Middle English
midd1317,swine,2,FALSE,Middle English
midd1317,tablet,2,TRUE,Middle English
midd1317,talent,2,TRUE,Middle English
midd1317,tar,2,FALSE,Middle English
midd1317,tender,2,FALSE,Middle English
midd1317,theme,2,FALSE,Middle English
midd1317,thigh,2,FALSE,Middle English
midd1317,thrall,2,FALSE,Middle English
midd1317,til,2,FALSE,Middle English
midd1317,ton,2,FALSE,Middle English
midd1317,tough,2,FALSE,Middle English
midd1317,uncle,2,TRUE,Middle English
midd1317,undertaken,2,FALSE,Middle English
midd1317,usual,2,TRUE,Middle English
midd1317,velvet,2,TRUE,Middle English
midd1317,venom,2,FALSE,Middle English
midd1317,vessels,2,FALSE,Middle English
midd1317,vice,2,FALSE,Middle English
midd1317,warp,2,TRUE,Middle English
midd1317,washing,2,FALSE,Middle English
midd1317,weird,2,FALSE,Middle English
midd1317,wheel,2,FALSE,Middle English
midd1317,womb,2,FALSE,Middle English
midd1317,woo,2,FALSE,Middle English
midd1317,worldly,2,FALSE,Middle English
midd1317,wrist,2,TRUE,Middle English
midd1317,writer,2,FALSE,Middle English
midd1317,yard,2,FALSE,Middle English
midd1317,yesterday,2,TRUE,Middle English
midd1343,haven,2,FALSE,Middle High German
midd1343,ore,2,FALSE,Middle High German
midd1343,sus,2,FALSE,Middle High German
midd1343,wolf,2,TRUE,Middle High German
nort2671,dies,2,FALSE,North Saami
nort2697,hiss,2,FALSE,North Azerbaijani
nort2697,lava,2,TRUE,North Azerbaijani
nort2697,mama,2,FALSE,North Azerbaijani
nort2697,orbit,2,FALSE,North Azerbaijani
nort2697,pal,2,FALSE,North Azerbaijani
nort2697,pox,2,FALSE,North Azerbaijani
nort2697,printer,2,TRUE,North Azerbaijani
nucl1301,internet,2,TRUE,Turkish
nucl1301,jogging,2,TRUE,Turkish
nucl1301,logo,2,TRUE,Turkish
nucl1301,tsunami,2,TRUE,Turkish
oldf1239,austere,2,TRUE,Old French (842-ca. 1400)
oldf1239,closet,2,FALSE,Old French (842-ca. 1400)
oldf1239,composer,2,FALSE,Old French (842-ca. 1400)
oldf1239,corporal,2,FALSE,Old French (842-ca. 1400)
oldf1239,credence,2,FALSE,Old French (842-ca. 1400)
oldf1239,credo,2,FALSE,Old French (842-ca. 1400)
oldf1239,entitlement,2,FALSE,Old French (842-ca. 1400)
oldf1239,examiner,2,FALSE,Old French (842-ca. 1400)
oldf1239,forests,2,FALSE,Old French (842-ca. 1400)
oldf1239,gel,2,FALSE,Old French (842-ca. 1400)
oldf1239,lesion,2,FALSE,Old French (842-ca. 1400)
oldf1239,lunges,2,FALSE,Old French (842-ca. 1400)
oldf1239,melon,2,TRUE,Old French (842-ca. 1400)
oldf1239,procedure,2,TRUE,Old French (842-ca. 1400)
oldf1239,resource,2,FALSE,Old French (842-ca. 1400)
oldf1239,roller,2,FALSE,Old French (842-ca. 1400)
oldf1239,splendor,2,TRUE,Old French (842-ca. 1400)
oldf1239,vocal,2,TRUE,Old French (842-ca. 1400)
oldf1239,waiter,2,FALSE,Old French (842-ca. 1400)
oldn1244,asks,2,FALSE,Old Norse
oldn1244,gal,2,FALSE,Old Norse
oldn1244,grams,2,FALSE,Old Norse
oldn1244,tart,2,FALSE,Old Norse
pali1273,cute,2,FALSE,Pali
pamp1243,pin,2,FALSE,Pampanga
pamp1243,tune,2,FALSE,Pampanga
papi1253,area,2,TRUE,Papiamento
papi1253,tempo,2,FALSE,Papiamento
plau1238,golden,2,TRUE,Plautdietsch
pnar1238,sum,2,FALSE,Pnar
poli1260,bistro,2,TRUE,Polish
poli1260,e-mail,2,TRUE,Polish
poli1260,martini,2,TRUE,Polish
poli1260,multimedia,2,TRUE,Polish
poli1260,nerd,2,TRUE,Polish
poli1260,neutrino,2,TRUE,Polish
poli1260,retro,2,TRUE,Polish
port1283,bagel,2,TRUE,Portuguese
port1283,bestseller,2,TRUE,Portuguese
port1283,captures,2,FALSE,Portuguese
port1283,complexes,2,FALSE,Portuguese
port1283,concierge,2,TRUE,Portuguese
port1283,condo,2,FALSE,Portuguese
port1283,continuum,2,TRUE,Portuguese
port1283,devotes,2,FALSE,Portuguese
port1283,doping,2,TRUE,Portuguese
port1283,geek,2,TRUE,Portuguese
port1283,placentas,2,FALSE,Portuguese
port1283,redefine,2,TRUE,Portuguese
port1283,reggae,2,TRUE,Portuguese
port1283,workstation,2,TRUE,Portuguese
roma1327,bistro,2,TRUE,Romanian
roma1327,box-office,2,FALSE,Romanian
roma1327,doping,2,TRUE,Romanian
roma1327,fecal,2,TRUE,Romanian
roma1327,hacker,2,TRUE,Romanian
roma1327,iconic,2,TRUE,Romanian
roma1327,laptop,2,TRUE,Romanian
roma1327,lobbyist,2,TRUE,Romanian
roma1327,mantra,2,TRUE,Romanian
roma1327,pediatric,2,TRUE,Romanian
roma1327,showroom,2,TRUE,Romanian
rung1259,gamut,2,FALSE,Rungus
scot1243,actress,2,TRUE,Scots
scot1243,advisor,2,TRUE,Scots
scot1243,champs,2,FALSE,Scots
sici1248,gamma,2,FALSE,Sicilian
slov1268,vagina,2,TRUE,Slovenian
slov1269,apartheid,2,TRUE,Slovak
slov1269,beta,2,TRUE,Slovak
slov1269,euro,2,TRUE,Slovak
slov1269,libido,2,TRUE,Slovak
slov1269,metro,2,TRUE,Slovak
slov1269,pizza,2,TRUE,Slovak
slov1269,popcorn,2,TRUE,Slovak
slov1269,sauna,2,TRUE,Slovak
slov1269,tango,2,TRUE,Slovak
sout1528,blog,2,TRUE,Serbian-Croatian-Bosnian
sout1528,feminist,2,TRUE,Serbian-Croatian-Bosnian
sout1528,finalist,2,TRUE,Serbian-Croatian-Bosnian
sout1528,internist,2,TRUE,Serbian-Croatian-Bosnian
sout1528,populist,2,TRUE,Serbian-Croatian-Bosnian
sout1528,safer,2,FALSE,Serbian-Croatian-Bosnian
stan1288,apps,2,FALSE,Spanish
stan1288,catalogues,2,FALSE,Spanish
stan1288,conjures,2,FALSE,Spanish
stan1288,hubris,2,TRUE,Spanish
stan1288,liners,2,FALSE,Spanish
stan1288,startup,2,TRUE,Spanish
stan1288,suicides,2,FALSE,Spanish
stan1289,actors,2,FALSE,Catalan
stan1289,adherents,2,FALSE,Catalan
stan1289,adults,2,FALSE,Catalan
stan1289,advent,2,FALSE,Catalan
stan1289,alcohol,2,TRUE,Catalan
stan1289,alien,2,FALSE,Catalan
stan1289,altar,2,TRUE,Catalan
stan1289,alternatives,2,FALSE,Catalan
stan1289,amateur,2,TRUE,Catalan
stan1289,angles,2,FALSE,Catalan
stan1289,anus,2,TRUE,Catalan
stan1289,aroma,2,TRUE,Catalan
stan1289,arts,2,TRUE,Catalan
stan1289,assassins,2,FALSE,Catalan
stan1289,auto,2,TRUE,Catalan
stan1289,banana,2,TRUE,Catalan
stan1289,banquet,2,TRUE,Catalan
stan1289,bans,2,FALSE,Catalan
stan1289,bases,2,FALSE,Catalan
stan1289,basin,2,FALSE,Catalan
stan1289,beat,2,FALSE,Catalan
stan1289,beats,2,FALSE,Catalan
stan1289,bells,2,FALSE,Catalan
stan1289,benefactor,2,TRUE,Catalan
stan1289,bosses,2,FALSE,Catalan
stan1289,brutal,2,TRUE,Catalan
stan1289,cafeteria,2,TRUE,Catalan
stan1289,camper,2,FALSE,Catalan
stan1289,camps,2,FALSE,Catalan
stan1289,canals,2,FALSE,Catalan
stan1289,candor,2,TRUE,Catalan
stan1289,canons,2,FALSE,Catalan
stan1289,captives,2,FALSE,Catalan
stan1289,caramel,2,TRUE,Catalan
stan1289,cares,2,FALSE,Catalan
stan1289,casual,2,TRUE,Catalan
stan1289,categories,2,FALSE,Catalan
stan1289,civil,2,TRUE,Catalan
stan1289,clamor,2,TRUE,Catalan
stan1289,clubs,2,FALSE,Catalan
stan1289,coherent,2,TRUE,Catalan
stan1289,cola,2,FALSE,Catalan
stan1289,completes,2,FALSE,Catalan
stan1289,complexes,2,FALSE,Catalan
stan1289,conclusions,2,FALSE,Catalan
stan1289,conductors,2,FALSE,Catalan
stan1289,consistent,2,TRUE,Catalan
stan1289,constant,2,TRUE,Catalan
stan1289,constants,2,FALSE,Catalan
stan1289,constituents,2,FALSE,Catalan
stan1289,content,2,TRUE,Catalan
stan1289,context,2,TRUE,Catalan
stan1289,contingent,2,TRUE,Catalan
stan1289,cordial,2,TRUE,Catalan
stan1289,corns,2,FALSE,Catalan
stan1289,corona,2,TRUE,Catalan
stan1289,cosmos,2,TRUE,Catalan
stan1289,costar,2,FALSE,Catalan
stan1289,costs,2,FALSE,Catalan
stan1289,critiques,2,FALSE,Catalan
stan1289,cultural,2,TRUE,Catalan
stan1289,dependents,2,FALSE,Catalan
stan1289,deserts,2,FALSE,Catalan
stan1289,determinant,2,TRUE,Catalan
stan1289,dictatorial,2,TRUE,Catalan
stan1289,dies,2,FALSE,Catalan
stan1289,digital,2,TRUE,Catalan
stan1289,dimensions,2,FALSE,Catalan
stan1289,directors,2,FALSE,Catalan
stan1289,doctors,2,FALSE,Catalan
stan1289,doctrinal,2,TRUE,Catalan
stan1289,dominant,2,TRUE,Catalan
stan1289,dots,2,FALSE,Catalan
stan1289,duel,2,TRUE,Catalan
stan1289,editors,2,FALSE,Catalan
stan1289,elf,2,TRUE,Catalan
stan1289,enters,2,FALSE,Catalan
stan1289,equivalents,2,FALSE,Catalan
stan1289,exhaust,2,FALSE,Catalan
stan1289,expert,2,TRUE,Catalan
stan1289,experts,2,FALSE,Catalan
stan1289,expressions,2,FALSE,Catalan
stan1289,fades,2,FALSE,Catalan
stan1289,fallen,2,FALSE,Catalan
stan1289,fats,2,FALSE,Catalan
stan1289,favorites,2,FALSE,Catalan
stan1289,favors,2,FALSE,Catalan
stan1289,fervor,2,TRUE,Catalan
stan1289,fetus,2,TRUE,Catalan
stan1289,figures,2,FALSE,Catalan
stan1289,fluids,2,FALSE,Catalan
stan1289,flux,2,TRUE,Catalan
stan1289,focus,2,TRUE,Catalan
stan1289,forces,2,FALSE,Catalan
stan1289,format,2,TRUE,Catalan
stan1289,forts,2,FALSE,Catalan
stan1289,francs,2,FALSE,Catalan
stan1289,frontal,2,TRUE,Catalan
stan1289,funerals,2,FALSE,Catalan
stan1289,furor,2,TRUE,Catalan
stan1289,furs,2,FALSE,Catalan
stan1289,futures,2,FALSE,Catalan
stan1289,gates,2,FALSE,Catalan
stan1289,grades,2,FALSE,Catalan
stan1289,gradual,2,TRUE,Catalan
stan1289,guardians,2,FALSE,Catalan
stan1289,habitual,2,TRUE,Catalan
stan1289,herbicides,2,FALSE,Catalan
stan1289,heroic,2,TRUE,Catalan
stan1289,herpes,2,TRUE,Catalan
stan1289,histories,2,FALSE,Catalan
stan1289,humans,2,FALSE,Catalan
stan1289,humor,2,TRUE,Catalan
stan1289,ideal,2,TRUE,Catalan
stan1289,ideals,2,FALSE,Catalan
stan1289,immortal,2,TRUE,Catalan
stan1289,implant,2,TRUE,Catalan
stan1289,incident,2,TRUE,Catalan
stan1289,indispensable,2,TRUE,Catalan
stan1289,innocent,2,TRUE,Catalan
stan1289,innocents,2,FALSE,Catalan
stan1289,instant,2,TRUE,Catalan
stan1289,instructors,2,FALSE,Catalan
stan1289,instrumental,2,TRUE,Catalan
stan1289,integral,2,TRUE,Catalan
stan1289,inventor,2,TRUE,Catalan
stan1289,inventors,2,FALSE,Catalan
stan1289,junta,2,FALSE,Catalan
stan1289,legal,2,TRUE,Catalan
stan1289,libido,2,TRUE,Catalan
stan1289,litres,2,FALSE,Catalan
stan1289,locals,2,FALSE,Catalan
stan1289,lubricant,2,TRUE,Catalan
stan1289,lupus,2,TRUE,Catalan
stan1289,malls,2,FALSE,Catalan
stan1289,mama,2,TRUE,Catalan
stan1289,manuals,2,FALSE,Catalan
stan1289,marines,2,FALSE,Catalan
stan1289,masses,2,TRUE,Catalan
stan1289,meningitis,2,TRUE,Catalan
stan1289,metres,2,FALSE,Catalan
stan1289,minerals,2,FALSE,Catalan
stan1289,modular,2,TRUE,Catalan
stan1289,moles,2,FALSE,Catalan
stan1289,morals,2,TRUE,Catalan
stan1289,mosaic,2,TRUE,Catalan
stan1289,mosaics,2,FALSE,Catalan
stan1289,mules,2,FALSE,Catalan
stan1289,naps,2,FALSE,Catalan
stan1289,nasal,2,TRUE,Catalan
stan1289,natives,2,FALSE,Catalan
stan1289,node,2,TRUE,Catalan
stan1289,nutrient,2,TRUE,Catalan
stan1289,nutrients,2,FALSE,Catalan
stan1289,ornaments,2,FALSE,Catalan
stan1289,panorama,2,TRUE,Catalan
stan1289,papa,2,TRUE,Catalan
stan1289,parades,2,FALSE,Catalan
stan1289,parent,2,FALSE,Catalan
stan1289,pastoral,2,TRUE,Catalan
stan1289,patents,2,FALSE,Catalan
stan1289,patrons,2,FALSE,Catalan
stan1289,penal,2,TRUE,Catalan
stan1289,perspectives,2,FALSE,Catalan
stan1289,pertinent,2,TRUE,Catalan
stan1289,pilots,2,FALSE,Catalan
stan1289,places,2,FALSE,Catalan
stan1289,plagues,2,FALSE,Catalan
stan1289,planes,2,FALSE,Catalan
stan1289,plans,2,FALSE,Catalan
stan1289,policies,2,FALSE,Catalan
stan1289,poses,2,FALSE,Catalan
stan1289,postures,2,FALSE,Catalan
stan1289,precursor,2,TRUE,Catalan
stan1289,precursors,2,FALSE,Catalan
stan1289,profit,2,TRUE,Catalan
stan1289,proper,2,FALSE,Catalan
stan1289,protector,2,TRUE,Catalan
stan1289,protectors,2,FALSE,Catalan
stan1289,protocol,2,TRUE,Catalan
stan1289,proven,2,FALSE,Catalan
stan1289,provincial,2,TRUE,Catalan
stan1289,quarters,2,TRUE,Catalan
stan1289,rail,2,TRUE,Catalan
stan1289,rats,2,FALSE,Catalan
stan1289,recent,2,TRUE,Catalan
stan1289,receptor,2,TRUE,Catalan
stan1289,receptors,2,FALSE,Catalan
stan1289,recipient,2,TRUE,Catalan
stan1289,records,2,FALSE,Catalan
stan1289,regions,2,FALSE,Catalan
stan1289,reps,2,FALSE,Catalan
stan1289,resident,2,TRUE,Catalan
stan1289,residents,2,FALSE,Catalan
stan1289,restaurants,2,FALSE,Catalan
stan1289,resultant,2,TRUE,Catalan
stan1289,retina,2,TRUE,Catalan
stan1289,reunions,2,FALSE,Catalan
stan1289,rigors,2,FALSE,Catalan
stan1289,ritual,2,TRUE,Catalan
stan1289,rituals,2,FALSE,Catalan
stan1289,rock,2,TRUE,Catalan
stan1289,rumor,2,TRUE,Catalan
stan1289,rumors,2,FALSE,Catalan
stan1289,rural,2,TRUE,Catalan
stan1289,saga,2,TRUE,Catalan
stan1289,secrets,2,FALSE,Catalan
stan1289,sensual,2,TRUE,Catalan
stan1289,series,2,FALSE,Catalan
stan1289,serpents,2,FALSE,Catalan
stan1289,serves,2,FALSE,Catalan
stan1289,sexual,2,TRUE,Catalan
stan1289,significant,2,TRUE,Catalan
stan1289,singles,2,TRUE,Catalan
stan1289,sinus,2,FALSE,Catalan
stan1289,soles,2,FALSE,Catalan
stan1289,sonar,2,TRUE,Catalan
stan1289,soprano,2,TRUE,Catalan
stan1289,substitutes,2,FALSE,Catalan
stan1289,successor,2,TRUE,Catalan
stan1289,superiors,2,FALSE,Catalan
stan1289,talents,2,FALSE,Catalan
stan1289,tales,2,FALSE,Catalan
stan1289,taller,2,FALSE,Catalan
stan1289,temples,2,FALSE,Catalan
stan1289,terrible,2,TRUE,Catalan
stan1289,terror,2,TRUE,Catalan
stan1289,totals,2,FALSE,Catalan
stan1289,traces,2,FALSE,Catalan
stan1289,tranquil,2,TRUE,Catalan
stan1289,universal,2,TRUE,Catalan
stan1289,variables,2,FALSE,Catalan
stan1289,vegetarians,2,FALSE,Catalan
stan1289,vehicles,2,FALSE,Catalan
stan1289,veterans,2,FALSE,Catalan
stan1289,vigilant,2,TRUE,Catalan
stan1289,vigor,2,TRUE,Catalan
stan1289,vine,2,FALSE,Catalan
stan1289,violin,2,FALSE,Catalan
stan1289,virtual,2,TRUE,Catalan
stan1289,virus,2,TRUE,Catalan
stan1290,adaptations,2,FALSE,French
stan1290,bluffs,2,FALSE,French
stan1290,chronologies,2,FALSE,French
stan1290,collapses,2,FALSE,French
stan1290,confrontations,2,FALSE,French
stan1290,herbicides,2,FALSE,French
stan1290,interactions,2,FALSE,French
stan1290,massages,2,FALSE,French
stan1290,pigments,2,FALSE,French
stan1290,questionnaires,2,FALSE,French
stan1290,revitalise,2,FALSE,French
stan1290,updates,2,FALSE,French
stan1306,plutonium,2,TRUE,Standard Malay
stan1306,reggae,2,TRUE,Standard Malay
stan1306,sulfur,2,TRUE,Standard Malay
stan1306,titanium,2,TRUE,Standard Malay
stan1306,tsunami,2,TRUE,Standard Malay
swed1254,accents,2,FALSE,Swedish
swed1254,additions,2,FALSE,Swedish
swed1254,bistro,2,TRUE,Swedish
swed1254,cappuccino,2,TRUE,Swedish
swed1254,cells,2,FALSE,Swedish
swed1254,cheesecake,2,TRUE,Swedish
swed1254,extremism,2,TRUE,Swedish
swed1254,fights,2,FALSE,Swedish
swed1254,fronts,2,FALSE,Swedish
swed1254,gigs,2,FALSE,Swedish
swed1254,golfer,2,FALSE,Swedish
swed1254,gulls,2,FALSE,Swedish
swed1254,haves,2,FALSE,Swedish
swed1254,hymns,2,FALSE,Swedish
swed1254,ideals,2,FALSE,Swedish
swed1254,juices,2,FALSE,Swedish
swed1254,karaoke,2,TRUE,Swedish
swed1254,kisses,2,FALSE,Swedish
swed1254,liars,2,FALSE,Swedish
swed1254,logos,2,FALSE,Swedish
swed1254,luring,2,FALSE,Swedish
swed1254,lurks,2,FALSE,Swedish
swed1254,macho,2,TRUE,Swedish
swed1254,majors,2,FALSE,Swedish
swed1254,malls,2,FALSE,Swedish
swed1254,masks,2,FALSE,Swedish
swed1254,mozzarella,2,TRUE,Swedish
swed1254,nieces,2,FALSE,Swedish
swed1254,organisations,2,FALSE,Swedish
swed1254,pager,2,FALSE,Swedish
swed1254,pops,2,FALSE,Swedish
swed1254,potters,2,FALSE,Swedish
swed1254,puffs,2,FALSE,Swedish
swed1254,pyramids,2,FALSE,Swedish
swed1254,reforms,2,FALSE,Swedish
swed1254,sakes,2,FALSE,Swedish
swed1254,snowboard,2,TRUE,Swedish
swed1254,sodas,2,FALSE,Swedish
swed1254,specialists,2,FALSE,Swedish
swed1254,spills,2,FALSE,Swedish
swed1254,stares,2,FALSE,Swedish
swed1254,sushi,2,TRUE,Swedish
swed1254,taco,2,TRUE,Swedish
swed1254,taxis,2,FALSE,Swedish
swed1254,tequila,2,TRUE,Swedish
swed1254,tests,2,FALSE,Swedish
swed1254,tigers,2,FALSE,Swedish
swed1254,trucks,2,FALSE,Swedish
swed1254,tunnels,2,FALSE,Swedish
swed1254,underdog,2,TRUE,Swedish
swed1254,uniforms,2,FALSE,Swedish
swed1254,vegan,2,TRUE,Swedish
taga1270,video,2,TRUE,Tagalog
tata1255,absurd,2,FALSE,Tatar
tata1255,bay,2,FALSE,Tatar
tata1255,buy,2,FALSE,Tatar
tata1255,pot,2,FALSE,Tatar
tata1255,say,2,FALSE,Tatar
tean1237,die,2,FALSE,Teanu
turk1304,gulp,2,FALSE,Turkmen
vlaa1240,bus,2,TRUE,Western Flemish
west2354,bile,2,FALSE,Western Frisian
west2354,burden,2,FALSE,Western Frisian
west2354,dessert,2,TRUE,Western Frisian
west2354,doe,2,FALSE,Western Frisian
west2354,fee,2,FALSE,Western Frisian
west2354,freed,2,FALSE,Western Frisian
west2354,fruit,2,TRUE,Western Frisian
west2354,goes,2,FALSE,Western Frisian
west2354,hoop,2,FALSE,Western Frisian
west2354,jam,2,TRUE,Western Frisian
west2354,mage,2,FALSE,Western Frisian
west2354,mines,2,FALSE,Western Frisian
west2354,partner,2,TRUE,Western Frisian
west2354,prom,2,FALSE,Western Frisian
west2354,reach,2,FALSE,Western Frisian
west2354,rotten,2,FALSE,Western Frisian
west2354,simmer,2,FALSE,Western Frisian
west2354,web,2,TRUE,Western Frisian
west2555,bales,2,FALSE,Western Bukidnon Manobo
west2624,lemon,2,TRUE,Western Huasteca Nahuatl
west2630,sips,2,FALSE,Western Abenaki
afri1274,museums,1,FALSE,Afrikaans
afri1274,patrons,1,FALSE,Afrikaans
bali1278,gang,1,FALSE,Balinese
bamb1269,ale,1,FALSE,Bambara
basq1248,ale,1,FALSE,Basque
basq1248,bare,1,FALSE,Basque
basq1248,cancer,1,FALSE,Basque
basq1248,gin,1,FALSE,Basque
basq1248,hasten,1,FALSE,Basque
basq1248,lain,1,FALSE,Basque
basq1248,neon,1,TRUE,Basque
basq1248,opera,1,TRUE,Basque
basq1248,ore,1,FALSE,Basque
basq1248,pea,1,FALSE,Basque
basq1248,raid,1,TRUE,Basque
basq1248,rally,1,TRUE,Basque
basq1248,sits,1,FALSE,Basque
basq1248,sugar,1,FALSE,Basque
basq1248,tar,1,FALSE,Basque
basq1248,teen,1,FALSE,Basque
bong1285,gala,1,FALSE,Bongo
bret1244,dad,1,FALSE,Breton
bret1244,died,1,FALSE,Breton
bret1244,glad,1,FALSE,Breton
bret1244,rag,1,FALSE,Breton
bret1244,sod,1,FALSE,Breton
bret1244,tour,1,FALSE,Breton
cari1275,ham,1,FALSE,Caribbean Hindustani
cebu1242,banking,1,FALSE,Cebuano
cebu1242,calculator,1,TRUE,Cebuano
cebu1242,limo,1,FALSE,Cebuano
cebu1242,mentor,1,FALSE,Cebuano
cebu1242,tribal,1,FALSE,Cebuano
cent2087,halo,1,FALSE,Coastal-Naga Bikol
cent2087,hare,1,FALSE,Coastal-Naga Bikol
cent2087,okra,1,FALSE,Coastal-Naga Bikol
cent2087,papa,1,FALSE,Coastal-Naga Bikol
cent2087,papaya,1,TRUE,Coastal-Naga Bikol
cent2087,solar,1,FALSE,Coastal-Naga Bikol
chim1302,tuna,1,FALSE,Bolivar-North Chimborazo Highland Quichua
clas1250,chilli,1,FALSE,Classical Nahuatl
corn1251,pies,1,FALSE,Cornish
czec1258,neutrino,1,TRUE,Czech
czec1258,polyester,1,TRUE,Czech
czec1258,popcorn,1,TRUE,Czech
czec1258,salsa,1,TRUE,Czech
czec1258,startup,1,TRUE,Czech
czec1258,tinnitus,1,TRUE,Czech
czec1258,tofu,1,TRUE,Czech
dani1285,accents,1,FALSE,Danish
dani1285,agents,1,FALSE,Danish
dani1285,avocado,1,TRUE,Danish
dani1285,blog,1,TRUE,Danish
dani1285,brands,1,FALSE,Danish
dani1285,euros,1,FALSE,Danish
dani1285,feedback,1,TRUE,Danish
dani1285,folds,1,FALSE,Danish
dani1285,havens,1,FALSE,Danish
dani1285,hues,1,FALSE,Danish
dani1285,idols,1,FALSE,Danish
dani1285,kits,1,FALSE,Danish
dani1285,lacrosse,1,TRUE,Danish
dani1285,lasts,1,FALSE,Danish
dani1285,parameter,1,TRUE,Danish
dani1285,pates,1,FALSE,Danish
dani1285,pilgrims,1,FALSE,Danish
dani1285,riders,1,FALSE,Danish
dani1285,rims,1,FALSE,Danish
dani1285,spores,1,FALSE,Danish
dani1285,springs,1,FALSE,Danish
dani1285,sushi,1,TRUE,Danish
dani1285,systems,1,FALSE,Danish
dani1285,teenager,1,TRUE,Danish
dani1285,tragedies,1,FALSE,Danish
dani1285,vans,1,FALSE,Danish
dani1285,vines,1,FALSE,Danish
dani1285,website,1,TRUE,Danish
dani1285,zucchini,1,TRUE,Danish
dutc1256,academies,1,FALSE,Dutch
dutc1256,adobe,1,TRUE,Dutch
dutc1256,avocado,1,TRUE,Dutch
dutc1256,bourgeoisie,1,TRUE,Dutch
dutc1256,cappuccino,1,TRUE,Dutch
dutc1256,cervix,1,TRUE,Dutch
dutc1256,chemo,1,FALSE,Dutch
dutc1256,dancings,1,FALSE,Dutch
dutc1256,displays,1,FALSE,Dutch
dutc1256,donors,1,FALSE,Dutch
dutc1256,drinkers,1,FALSE,Dutch
dutc1256,episodes,1,FALSE,Dutch
dutc1256,establishments,1,FALSE,Dutch
dutc1256,generators,1,FALSE,Dutch
dutc1256,internist,1,TRUE,Dutch
dutc1256,laptop,1,TRUE,Dutch
dutc1256,lobbyist,1,TRUE,Dutch
dutc1256,logos,1,TRUE,Dutch
dutc1256,magma,1,TRUE,Dutch
dutc1256,navels,1,FALSE,Dutch
dutc1256,procedures,1,FALSE,Dutch
dutc1256,resorts,1,FALSE,Dutch
dutc1256,souvenirs,1,FALSE,Dutch
dutc1256,tapes,1,FALSE,Dutch
dutc1256,yams,1,FALSE,Dutch
esto1258,burger,1,TRUE,Estonian
esto1258,lapses,1,FALSE,Estonian
esto1258,oaks,1,FALSE,Estonian
esto1258,pauses,1,FALSE,Estonian
ewee1241,mama,1,FALSE,Ewe
ewee1241,papa,1,FALSE,Ewe
finn1318,alumni,1,FALSE,Finnish
finn1318,avant-garde,1,FALSE,Finnish
finn1318,avatar,1,TRUE,Finnish
finn1318,babysitter,1,TRUE,Finnish
finn1318,bistro,1,TRUE,Finnish
finn1318,doping,1,TRUE,Finnish
finn1318,jihad,1,TRUE,Finnish
finn1318,latte,1,TRUE,Finnish
finn1318,macho,1,TRUE,Finnish
finn1318,mites,1,FALSE,Finnish
finn1318,naps,1,FALSE,Finnish
finn1318,online,1,TRUE,Finnish
finn1318,plutonium,1,TRUE,Finnish
finn1318,salmonella,1,TRUE,Finnish
finn1318,tinnitus,1,TRUE,Finnish
fuyu1242,ing,1,FALSE,Fuyug
gali1258,admirable,1,TRUE,Galician
gali1258,advertise,1,FALSE,Galician
gali1258,aspire,1,TRUE,Galician
gali1258,ate,1,FALSE,Galician
gali1258,axes,1,FALSE,Galician
gali1258,cans,1,FALSE,Galician
gali1258,capture,1,TRUE,Galician
gali1258,caste,1,FALSE,Galician
gali1258,chip,1,TRUE,Galician
gali1258,chore,1,FALSE,Galician
gali1258,compete,1,FALSE,Galician
gali1258,concede,1,TRUE,Galician
gali1258,consume,1,FALSE,Galician
gali1258,corporal,1,TRUE,Galician
gali1258,criminal,1,TRUE,Galician
gali1258,critique,1,FALSE,Galician
gali1258,curve,1,FALSE,Galician
gali1258,dean,1,FALSE,Galician
gali1258,deem,1,FALSE,Galician
gali1258,derive,1,TRUE,Galician
gali1258,des,1,TRUE,Galician
gali1258,dim,1,FALSE,Galician
gali1258,doe,1,FALSE,Galician
gali1258,esteem,1,FALSE,Galician
gali1258,euro,1,TRUE,Galician
gali1258,frugal,1,TRUE,Galician
gali1258,fun,1,FALSE,Galician
gali1258,gale,1,FALSE,Galician
gali1258,gales,1,FALSE,Galician
gali1258,golf,1,TRUE,Galician
gali1258,honorable,1,TRUE,Galician
gali1258,horror,1,TRUE,Galician
gali1258,ideas,1,FALSE,Galician
gali1258,impasse,1,FALSE,Galician
gali1258,induce,1,TRUE,Galician
gali1258,industrial,1,TRUE,Galician
gali1258,inexplicable,1,TRUE,Galician
gali1258,inhuman,1,FALSE,Galician
gali1258,junta,1,FALSE,Galician
gali1258,literal,1,TRUE,Galician
gali1258,local,1,TRUE,Galician
gali1258,magnitude,1,TRUE,Galician
gali1258,mama,1,FALSE,Galician
gali1258,min,1,FALSE,Galician
gali1258,molar,1,TRUE,Galician
gali1258,mole,1,FALSE,Galician
gali1258,mosque,1,FALSE,Galician
gali1258,mule,1,FALSE,Galician
gali1258,naval,1,TRUE,Galician
gali1258,notes,1,FALSE,Galician
gali1258,paces,1,FALSE,Galician
gali1258,precise,1,FALSE,Galician
gali1258,provide,1,FALSE,Galician
gali1258,redo,1,FALSE,Galician
gali1258,reorganize,1,TRUE,Galician
gali1258,require,1,TRUE,Galician
gali1258,roam,1,FALSE,Galician
gali1258,role,1,FALSE,Galician
gali1258,rouse,1,FALSE,Galician
gali1258,sentimental,1,TRUE,Galician
gali1258,sons,1,FALSE,Galician
gali1258,substantive,1,FALSE,Galician
gali1258,superficial,1,TRUE,Galician
gali1258,suspense,1,TRUE,Galician
gali1258,textual,1,TRUE,Galician
gali1258,umbilical,1,TRUE,Galician
gali1258,vogue,1,FALSE,Galician
gali1258,zoo,1,TRUE,Galician
garo1247,bring,1,FALSE,Garo
garo1247,gala,1,FALSE,Garo
garo1247,gap,1,FALSE,Garo
garo1247,jam,1,FALSE,Garo
garo1247,song,1,FALSE,Garo
gilb1244,mane,1,FALSE,Gilbertese
hait1244,final,1,FALSE,Haitian
hait1244,pans,1,FALSE,Haitian
hait1244,pope,1,FALSE,Haitian
hili1240,patron,1,TRUE,Hiligaynon
hung1274,pixel,1,TRUE,Hungarian
iban1264,habitat,1,TRUE,Iban
icel1247,amalgam,1,TRUE,Icelandic
icel1247,dill,1,TRUE,Icelandic
icel1247,neon,1,TRUE,Icelandic
icel1247,pasta,1,TRUE,Icelandic
icel1247,sands,1,FALSE,Icelandic
icel1247,snaps,1,FALSE,Icelandic
icel1247,storms,1,FALSE,Icelandic
icel1247,tennis,1,TRUE,Icelandic
ital1282,collaborative,1,TRUE,Italian
ital1282,wellness,1,TRUE,Italian
java1254,angel,1,FALSE,Javanese
java1254,jam,1,FALSE,Javanese
java1254,pager,1,FALSE,Javanese
java1254,tales,1,FALSE,Javanese
java1254,wire,1,FALSE,Javanese
kiny1244,mesa,1,FALSE,Kinyarwanda
ladi1251,met,1,FALSE,Ladino
lati1261,analyses,1,FALSE,Latin
lati1261,condominium,1,TRUE,Latin
lati1261,deviant,1,FALSE,Latin
lati1261,ethos,1,FALSE,Latin
lati1261,insides,1,FALSE,Latin
lati1261,masseter,1,TRUE,Latin
lati1261,meningitis,1,TRUE,Latin
lati1261,plutonium,1,TRUE,Latin
lati1261,practicum,1,FALSE,Latin
lati1261,prostate,1,FALSE,Latin
lati1261,replicate,1,FALSE,Latin
latv1249,deserts,1,FALSE,Latvian
latv1249,dies,1,FALSE,Latvian
latv1249,mister,1,FALSE,Latvian
latv1249,papa,1,FALSE,Latvian
latv1249,penis,1,TRUE,Latvian
latv1249,pills,1,FALSE,Latvian
latv1249,rodeo,1,TRUE,Latvian
latv1249,temp,1,FALSE,Latvian
lith1251,menus,1,FALSE,Lithuanian
luxe1241,banal,1,TRUE,Moselle Franconian
luxe1241,haul,1,FALSE,Moselle Franconian
luxe1241,heels,1,FALSE,Moselle Franconian
luxe1241,killer,1,FALSE,Moselle Franconian
luxe1241,lies,1,FALSE,Moselle Franconian
luxe1241,owes,1,FALSE,Moselle Franconian
luxe1241,platter,1,FALSE,Moselle Franconian
luxe1241,plot,1,FALSE,Moselle Franconian
luxe1241,sees,1,FALSE,Moselle Franconian
luxe1241,sprang,1,FALSE,Moselle Franconian
magu1243,guru,1,FALSE,Maguindanao
malt1254,drama,1,FALSE,Maltese
malt1254,reporter,1,TRUE,Maltese
malt1254,resident,1,TRUE,Maltese
malt1254,semen,1,FALSE,Maltese
malt1254,smart,1,FALSE,Maltese
malt1254,solvent,1,TRUE,Maltese
manx1243,hoods,1,FALSE,Manx
midd1317,aide,1,FALSE,Middle English
midd1317,alienation,1,FALSE,Middle English
midd1317,alliance,1,FALSE,Middle English
midd1317,angers,1,FALSE,Middle English
midd1317,apples,1,FALSE,Middle English
midd1317,armor,1,FALSE,Middle English
midd1317,asking,1,FALSE,Middle English
midd1317,baby,1,TRUE,Middle English
midd1317,bales,1,FALSE,Middle English
midd1317,basin,1,FALSE,Middle English
midd1317,bass,1,FALSE,Middle English
midd1317,bathed,1,FALSE,Middle English
midd1317,beet,1,FALSE,Middle English
midd1317,beverage,1,TRUE,Middle English
midd1317,binding,1,FALSE,Middle English
midd1317,blade,1,FALSE,Middle English
midd1317,bled,1,FALSE,Middle English
midd1317,blew,1,FALSE,Middle English
midd1317,boot,1,FALSE,Middle English
midd1317,brow,1,FALSE,Middle English
midd1317,bye,1,FALSE,Middle English
midd1317,cafe,1,FALSE,Middle English
midd1317,calves,1,FALSE,Middle English
midd1317,camper,1,FALSE,Middle English
midd1317,candles,1,FALSE,Middle English
midd1317,cape,1,FALSE,Middle English
midd1317,caves,1,FALSE,Middle English
midd1317,cement,1,FALSE,Middle English
midd1317,chalk,1,TRUE,Middle English
midd1317,clause,1,TRUE,Middle English
midd1317,collegiate,1,FALSE,Middle English
midd1317,comparable,1,TRUE,Middle English
midd1317,conceit,1,FALSE,Middle English
midd1317,conjure,1,FALSE,Middle English
midd1317,cop,1,FALSE,Middle English
midd1317,corny,1,FALSE,Middle English
midd1317,cranes,1,FALSE,Middle English
midd1317,crave,1,FALSE,Middle English
midd1317,creation,1,FALSE,Middle English
midd1317,credence,1,TRUE,Middle English
midd1317,credible,1,TRUE,Middle English
midd1317,dais,1,FALSE,Middle English
midd1317,damp,1,FALSE,Middle English
midd1317,deluge,1,TRUE,Middle English
midd1317,dialog,1,FALSE,Middle English
midd1317,differences,1,FALSE,Middle English
midd1317,dine,1,FALSE,Middle English
midd1317,dresser,1,FALSE,Middle English
midd1317,drought,1,FALSE,Middle English
midd1317,duck,1,FALSE,Middle English
midd1317,dusk,1,FALSE,Middle English
midd1317,elbow,1,FALSE,Middle English
midd1317,empire,1,TRUE,Middle English
midd1317,endowment,1,FALSE,Middle English
midd1317,fee,1,FALSE,Middle English
midd1317,fervour,1,TRUE,Middle English
midd1317,fleece,1,FALSE,Middle English
midd1317,flex,1,FALSE,Middle English
midd1317,floor,1,FALSE,Middle English
midd1317,fodder,1,TRUE,Middle English
midd1317,fowl,1,FALSE,Middle English
midd1317,franchise,1,TRUE,Middle English
midd1317,fright,1,TRUE,Middle English
midd1317,frost,1,TRUE,Middle English
midd1317,furious,1,TRUE,Middle English
midd1317,fury,1,FALSE,Middle English
midd1317,gates,1,FALSE,Middle English
midd1317,gauge,1,FALSE,Middle English
midd1317,gist,1,FALSE,Middle English
midd1317,glasses,1,FALSE,Middle English
midd1317,glide,1,FALSE,Middle English
midd1317,glow,1,FALSE,Middle English
midd1317,goo,1,FALSE,Middle English
midd1317,got,1,FALSE,Middle English
midd1317,governance,1,FALSE,Middle English
midd1317,governing,1,FALSE,Middle English
midd1317,graces,1,FALSE,Middle English
midd1317,gravy,1,FALSE,Middle English
midd1317,grisly,1,TRUE,Middle English
midd1317,groin,1,FALSE,Middle English
midd1317,groves,1,FALSE,Middle English
midd1317,groyne,1,FALSE,Middle English
midd1317,hating,1,FALSE,Middle English
midd1317,haul,1,FALSE,Middle English
midd1317,hed,1,FALSE,Middle English
midd1317,heel,1,FALSE,Middle English
midd1317,heres,1,FALSE,Middle English
midd1317,hideous,1,FALSE,Middle English
midd1317,hires,1,FALSE,Middle English
midd1317,hog,1,FALSE,Middle English
midd1317,holiday,1,FALSE,Middle English
midd1317,homely,1,FALSE,Middle English
midd1317,homes,1,FALSE,Middle English
midd1317,horde,1,FALSE,Middle English
midd1317,humor,1,FALSE,Middle English
midd1317,imperial,1,TRUE,Middle English
midd1317,incision,1,FALSE,Middle English
midd1317,ink,1,FALSE,Middle English
midd1317,jury,1,FALSE,Middle English
midd1317,key,1,FALSE,Middle English
midd1317,kissing,1,FALSE,Middle English
midd1317,kite,1,FALSE,Middle English
midd1317,knotted,1,TRUE,Middle English
midd1317,lantern,1,FALSE,Middle English
midd1317,lard,1,TRUE,Middle English
midd1317,lawyer,1,FALSE,Middle English
midd1317,lever,1,FALSE,Middle English
midd1317,lime,1,FALSE,Middle English
midd1317,liquid,1,FALSE,Middle English
midd1317,lizard,1,FALSE,Middle English
midd1317,lovers,1,FALSE,Middle English
midd1317,loving,1,FALSE,Middle English
midd1317,magnet,1,FALSE,Middle English
midd1317,mailed,1,FALSE,Middle English
midd1317,males,1,FALSE,Middle English
midd1317,malt,1,TRUE,Middle English
midd1317,mantel,1,FALSE,Middle English
midd1317,masculine,1,FALSE,Middle English
midd1317,mature,1,TRUE,Middle English
midd1317,metropolis,1,TRUE,Middle English
midd1317,minister,1,FALSE,Middle English
midd1317,mist,1,FALSE,Middle English
midd1317,mold,1,FALSE,Middle English
midd1317,mound,1,FALSE,Middle English
midd1317,musician,1,FALSE,Middle English
midd1317,nape,1,TRUE,Middle English
midd1317,napkin,1,FALSE,Middle English
midd1317,navel,1,TRUE,Middle English
midd1317,neighbour,1,FALSE,Middle English
midd1317,nurture,1,FALSE,Middle English
midd1317,obligatory,1,FALSE,Middle English
midd1317,offices,1,FALSE,Middle English
midd1317,officials,1,FALSE,Middle English
midd1317,omission,1,FALSE,Middle English
midd1317,otter,1,FALSE,Middle English
midd1317,ounces,1,FALSE,Middle English
midd1317,oxen,1,FALSE,Middle English
midd1317,pair,1,FALSE,Middle English
midd1317,panel,1,FALSE,Middle English
midd1317,pans,1,FALSE,Middle English
midd1317,passionate,1,FALSE,Middle English
midd1317,passive,1,FALSE,Middle English
midd1317,patronage,1,FALSE,Middle English
midd1317,pawn,1,FALSE,Middle English
midd1317,pens,1,FALSE,Middle English
midd1317,piety,1,FALSE,Middle English
midd1317,pile,1,FALSE,Middle English
midd1317,pismire,1,FALSE,Middle English
midd1317,quilt,1,FALSE,Middle English
midd1317,ragged,1,TRUE,Middle English
midd1317,raising,1,FALSE,Middle English
midd1317,rebellious,1,TRUE,Middle English
midd1317,refute,1,FALSE,Middle English
midd1317,remorse,1,FALSE,Middle English
midd1317,request,1,FALSE,Middle English
midd1317,resolve,1,FALSE,Middle English
midd1317,roses,1,FALSE,Middle English
midd1317,rotten,1,FALSE,Middle English
midd1317,sanguine,1,TRUE,Middle English
midd1317,satchel,1,FALSE,Middle English
midd1317,sauce,1,TRUE,Middle English
midd1317,saving,1,FALSE,Middle English
midd1317,sewer,1,FALSE,Middle English
midd1317,shave,1,FALSE,Middle English
midd1317,sip,1,FALSE,Middle English
midd1317,spare,1,FALSE,Middle English
midd1317,spill,1,FALSE,Middle English
midd1317,spoke,1,TRUE,Middle English
midd1317,sprung,1,FALSE,Middle English
midd1317,stack,1,FALSE,Middle English
midd1317,stages,1,FALSE,Middle English
midd1317,stake,1,TRUE,Middle English
midd1317,stomach,1,FALSE,Middle English
midd1317,style,1,FALSE,Middle English
midd1317,styles,1,FALSE,Middle English
midd1317,supernatural,1,FALSE,Middle English
midd1317,surgery,1,FALSE,Middle English
midd1317,surname,1,TRUE,Middle English
midd1317,swore,1,FALSE,Middle English
midd1317,tang,1,FALSE,Middle English
midd1317,tap,1,FALSE,Middle English
midd1317,tavern,1,FALSE,Middle English
midd1317,team,1,FALSE,Middle English
midd1317,tend,1,FALSE,Middle English
midd1317,tenure,1,FALSE,Middle English
midd1317,theft,1,FALSE,Middle English
midd1317,thorn,1,TRUE,Middle English
midd1317,thraldom,1,FALSE,Middle English
midd1317,thumb,1,FALSE,Middle English
midd1317,tide,1,FALSE,Middle English
midd1317,timely,1,FALSE,Middle English
midd1317,tone,1,FALSE,Middle English
midd1317,torch,1,FALSE,Middle English
midd1317,torches,1,FALSE,Middle English
midd1317,tow,1,FALSE,Middle English
midd1317,towel,1,FALSE,Middle English
midd1317,traces,1,FALSE,Middle English
midd1317,trance,1,FALSE,Middle English
midd1317,transgression,1,FALSE,Middle English
midd1317,translating,1,FALSE,Middle English
midd1317,treason,1,FALSE,Middle English
midd1317,trench,1,FALSE,Middle English
midd1317,tribe,1,FALSE,Middle English
midd1317,trip,1,FALSE,Middle English
midd1317,tyrant,1,FALSE,Middle English
midd1317,universe,1,TRUE,Middle English
midd1317,violet,1,TRUE,Middle English
midd1317,virtuous,1,FALSE,Middle English
midd1317,wafer,1,FALSE,Middle English
midd1317,walker,1,FALSE,Middle English
midd1317,web,1,FALSE,Middle English
midd1317,whos,1,FALSE,Middle English
midd1317,wicker,1,FALSE,Middle English
midd1317,wing,1,FALSE,Middle English
midd1317,wok,1,FALSE,Middle English
midd1317,wont,1,FALSE,Middle English
midd1317,yoke,1,FALSE,Middle English
midd1343,nest,1,TRUE,Middle High German
midd1343,tag,1,FALSE,Middle High German
moki1238,den,1,FALSE,Mokilese
moki1238,mum,1,FALSE,Mokilese
moki1238,polo,1,FALSE,Mokilese
nort2671,ale,1,FALSE,North Saami
nort2671,barge,1,FALSE,North Saami
nort2671,bullet,1,FALSE,North Saami
nort2671,lit,1,FALSE,North Saami
nort2671,virus,1,TRUE,North Saami
nort2697,dad,1,FALSE,North Azerbaijani
nort2697,diplomat,1,TRUE,North Azerbaijani
nort2697,don,1,FALSE,North Azerbaijani
nort2697,generator,1,TRUE,North Azerbaijani
nort2697,hind,1,FALSE,North Azerbaijani
nort2697,lent,1,FALSE,North Azerbaijani
nort2697,ox,1,FALSE,North Azerbaijani
nort2697,sap,1,FALSE,North Azerbaijani
nort2697,sauna,1,TRUE,North Azerbaijani
nort2697,yam,1,FALSE,North Azerbaijani
nucl1301,pulsar,1,TRUE,Turkish
nucl1301,spam,1,TRUE,Turkish
nucl1301,tofu,1,TRUE,Turkish
nucl1301,viral,1,TRUE,Turkish
nucl1347,papa,1,FALSE,Wolof
olde1238,nicer,1,FALSE,Old English (ca. 450-1100)
oldf1239,alcohol,1,TRUE,Old French (842-ca. 1400)
oldf1239,bun,1,FALSE,Old French (842-ca. 1400)
oldf1239,humor,1,TRUE,Old French (842-ca. 1400)
oldf1239,infection,1,TRUE,Old French (842-ca. 1400)
oldf1239,inflation,1,FALSE,Old French (842-ca. 1400)
oldf1239,mover,1,FALSE,Old French (842-ca. 1400)
oldf1239,paternal,1,TRUE,Old French (842-ca. 1400)
oldf1239,punt,1,FALSE,Old French (842-ca. 1400)
oldf1239,reverie,1,FALSE,Old French (842-ca. 1400)
oldf1239,sturgeon,1,FALSE,Old French (842-ca. 1400)
oldf1239,universal,1,TRUE,Old French (842-ca. 1400)
oldf1239,vapor,1,FALSE,Old French (842-ca. 1400)
oldf1239,waiver,1,FALSE,Old French (842-ca. 1400)
oldn1244,hors,1,FALSE,Old Norse
olds1249,mayoral,1,FALSE,Old Spanish
pamp1243,banal,1,FALSE,Pampanga
papi1253,pueblo,1,FALSE,Papiamento
penn1240,gauze,1,FALSE,Pennsylvania German
phal1254,ban,1,FALSE,Palula
phal1254,lap,1,FALSE,Palula
phal1254,tap,1,FALSE,Palula
pnar1238,loom,1,FALSE,Pnar
pnar1238,sung,1,FALSE,Pnar
pnar1238,yam,1,FALSE,Pnar
poli1260,aureus,1,TRUE,Polish
poli1260,autopilot,1,TRUE,Polish
poli1260,blog,1,TRUE,Polish
poli1260,boomer,1,TRUE,Polish
poli1260,espresso,1,TRUE,Polish
poli1260,hype,1,TRUE,Polish
poli1260,latte,1,TRUE,Polish
poli1260,pointy,1,FALSE,Polish
poli1260,surfer,1,TRUE,Polish
poli1260,taco,1,FALSE,Polish
poli1260,tortilla,1,TRUE,Polish
port1283,canola,1,TRUE,Portuguese
port1283,cappuccino,1,TRUE,Portuguese
port1283,catalogues,1,FALSE,Portuguese
port1283,coincides,1,FALSE,Portuguese
port1283,completes,1,FALSE,Portuguese
port1283,eclipses,1,FALSE,Portuguese
port1283,explodes,1,FALSE,Portuguese
port1283,genes,1,FALSE,Portuguese
port1283,gurus,1,FALSE,Portuguese
port1283,irises,1,FALSE,Portuguese
port1283,modules,1,FALSE,Portuguese
port1283,mosques,1,FALSE,Portuguese
port1283,mozzarella,1,FALSE,Portuguese
port1283,perestroika,1,TRUE,Portuguese
port1283,playback,1,TRUE,Portuguese
port1283,resumes,1,FALSE,Portuguese
port1283,sprays,1,FALSE,Portuguese
port1283,suicides,1,FALSE,Portuguese
port1283,tequila,1,TRUE,Portuguese
port1283,vaginas,1,FALSE,Portuguese
port1283,vulvas,1,FALSE,Portuguese
port1283,zoos,1,FALSE,Portuguese
rade1240,pen,1,FALSE,Rade
rade1240,plum,1,FALSE,Rade
roma1327,amino,1,TRUE,Romanian
roma1327,babysitter,1,TRUE,Romanian
roma1327,bipolar,1,TRUE,Romanian
roma1327,hotline,1,TRUE,Romanian
roma1327,labium,1,TRUE,Romanian
roma1327,neutrino,1,TRUE,Romanian
roma1327,vestibular,1,TRUE,Romanian
scot1243,fuck,1,FALSE,Scots
scot1243,technological,1,FALSE,Scots
sici1248,bridge,1,FALSE,Sicilian
slov1268,robot,1,TRUE,Slovenian
stan1288,albums,1,FALSE,Spanish
stan1288,backgrounds,1,FALSE,Spanish
stan1288,converged,1,FALSE,Spanish
stan1288,linebacker,1,TRUE,Spanish
stan1288,pickups,1,FALSE,Spanish
stan1288,quads,1,FALSE,Spanish
stan1288,sheriffs,1,FALSE,Spanish
stan1288,shooters,1,FALSE,Spanish
stan1288,squats,1,FALSE,Spanish
stan1289,abdomen,1,TRUE,Catalan
stan1289,abdominal,1,TRUE,Catalan
stan1289,absurd,1,TRUE,Catalan
stan1289,abundant,1,TRUE,Catalan
stan1289,acceptable,1,TRUE,Catalan
stan1289,accessible,1,TRUE,Catalan
stan1289,accidental,1,TRUE,Catalan
stan1289,acne,1,TRUE,Catalan
stan1289,adaptable,1,TRUE,Catalan
stan1289,additives,1,FALSE,Catalan
stan1289,adjacent,1,TRUE,Catalan
stan1289,admirable,1,TRUE,Catalan
stan1289,adorable,1,TRUE,Catalan
stan1289,aliens,1,FALSE,Catalan
stan1289,altars,1,FALSE,Catalan
stan1289,analogies,1,FALSE,Catalan
stan1289,ancestral,1,TRUE,Catalan
stan1289,angular,1,TRUE,Catalan
stan1289,annals,1,TRUE,Catalan
stan1289,antics,1,FALSE,Catalan
stan1289,arcs,1,FALSE,Catalan
stan1289,ardent,1,TRUE,Catalan
stan1289,arena,1,TRUE,Catalan
stan1289,argue,1,FALSE,Catalan
stan1289,argues,1,FALSE,Catalan
stan1289,arguments,1,FALSE,Catalan
stan1289,arrests,1,FALSE,Catalan
stan1289,arrogant,1,TRUE,Catalan
stan1289,arsenal,1,TRUE,Catalan
stan1289,arterial,1,TRUE,Catalan
stan1289,artificial,1,TRUE,Catalan
stan1289,audible,1,TRUE,Catalan
stan1289,aura,1,TRUE,Catalan
stan1289,autos,1,FALSE,Catalan
stan1289,avatar,1,TRUE,Catalan
stan1289,balances,1,FALSE,Catalan
stan1289,ballet,1,TRUE,Catalan
stan1289,banal,1,TRUE,Catalan
stan1289,barber,1,TRUE,Catalan
stan1289,barons,1,FALSE,Catalan
stan1289,bastard,1,TRUE,Catalan
stan1289,bats,1,FALSE,Catalan
stan1289,beneficial,1,FALSE,Catalan
stan1289,beta,1,TRUE,Catalan
stan1289,bilateral,1,TRUE,Catalan
stan1289,bipolar,1,TRUE,Catalan
stan1289,bisexual,1,TRUE,Catalan
stan1289,bits,1,FALSE,Catalan
stan1289,bony,1,FALSE,Catalan
stan1289,boxes,1,FALSE,Catalan
stan1289,braces,1,FALSE,Catalan
stan1289,bran,1,FALSE,Catalan
stan1289,brides,1,FALSE,Catalan
stan1289,brigades,1,FALSE,Catalan
stan1289,bronze,1,TRUE,Catalan
stan1289,bulbs,1,FALSE,Catalan
stan1289,bulls,1,FALSE,Catalan
stan1289,bust,1,TRUE,Catalan
stan1289,calories,1,FALSE,Catalan
stan1289,canoes,1,FALSE,Catalan
stan1289,caps,1,FALSE,Catalan
stan1289,captures,1,FALSE,Catalan
stan1289,carcinoma,1,TRUE,Catalan
stan1289,cardinal,1,TRUE,Catalan
stan1289,cartons,1,FALSE,Catalan
stan1289,casts,1,FALSE,Catalan
stan1289,causes,1,FALSE,Catalan
stan1289,caves,1,FALSE,Catalan
stan1289,caviar,1,TRUE,Catalan
stan1289,centres,1,FALSE,Catalan
stan1289,cerebral,1,TRUE,Catalan
stan1289,cigar,1,TRUE,Catalan
stan1289,circuits,1,FALSE,Catalan
stan1289,cites,1,FALSE,Catalan
stan1289,clan,1,TRUE,Catalan
stan1289,clans,1,FALSE,Catalan
stan1289,clerical,1,TRUE,Catalan
stan1289,clients,1,FALSE,Catalan
stan1289,clots,1,FALSE,Catalan
stan1289,cloves,1,FALSE,Catalan
stan1289,cob,1,FALSE,Catalan
stan1289,cobalt,1,TRUE,Catalan
stan1289,cohort,1,TRUE,Catalan
stan1289,coli,1,FALSE,Catalan
stan1289,collars,1,FALSE,Catalan
stan1289,colonial,1,TRUE,Catalan
stan1289,comets,1,FALSE,Catalan
stan1289,comparable,1,TRUE,Catalan
stan1289,compares,1,FALSE,Catalan
stan1289,compatible,1,TRUE,Catalan
stan1289,competent,1,TRUE,Catalan
stan1289,complements,1,FALSE,Catalan
stan1289,compliments,1,TRUE,Catalan
stan1289,component,1,TRUE,Catalan
stan1289,components,1,FALSE,Catalan
stan1289,conceptual,1,TRUE,Catalan
stan1289,concessions,1,FALSE,Catalan
stan1289,confesses,1,FALSE,Catalan
stan1289,confessional,1,TRUE,Catalan
stan1289,confessions,1,FALSE,Catalan
stan1289,connexions,1,FALSE,Catalan
stan1289,cons,1,FALSE,Catalan
stan1289,constituent,1,TRUE,Catalan
stan1289,contents,1,FALSE,Catalan
stan1289,contexts,1,FALSE,Catalan
stan1289,continental,1,TRUE,Catalan
stan1289,continues,1,FALSE,Catalan
stan1289,contractual,1,TRUE,Catalan
stan1289,contrasts,1,FALSE,Catalan
stan1289,controls,1,FALSE,Catalan
stan1289,convenient,1,TRUE,Catalan
stan1289,convent,1,TRUE,Catalan
stan1289,convergent,1,TRUE,Catalan
stan1289,conversions,1,FALSE,Catalan
stan1289,cookie,1,TRUE,Catalan
stan1289,cookies,1,FALSE,Catalan
stan1289,cooperatives,1,FALSE,Catalan
stan1289,copies,1,FALSE,Catalan
stan1289,cove,1,FALSE,Catalan
stan1289,cranial,1,TRUE,Catalan
stan1289,creditors,1,FALSE,Catalan
stan1289,cries,1,FALSE,Catalan
stan1289,crisis,1,TRUE,Catalan
stan1289,crosses,1,FALSE,Catalan
stan1289,crucifix,1,TRUE,Catalan
stan1289,cruel,1,TRUE,Catalan
stan1289,cubs,1,FALSE,Catalan
stan1289,cues,1,FALSE,Catalan
stan1289,cultures,1,FALSE,Catalan
stan1289,cures,1,FALSE,Catalan
stan1289,curses,1,FALSE,Catalan
stan1289,decadent,1,TRUE,Catalan
stan1289,defenses,1,FALSE,Catalan
stan1289,deficient,1,TRUE,Catalan
stan1289,depressions,1,FALSE,Catalan
stan1289,derives,1,FALSE,Catalan
stan1289,determines,1,FALSE,Catalan
stan1289,detriment,1,TRUE,Catalan
stan1289,dialogues,1,FALSE,Catalan
stan1289,diligent,1,TRUE,Catalan
stan1289,dimensional,1,TRUE,Catalan
stan1289,diploma,1,TRUE,Catalan
stan1289,disciplines,1,FALSE,Catalan
stan1289,discriminant,1,FALSE,Catalan
stan1289,discs,1,FALSE,Catalan
stan1289,discussions,1,FALSE,Catalan
stan1289,disputes,1,FALSE,Catalan
stan1289,dissident,1,TRUE,Catalan
stan1289,distant,1,TRUE,Catalan
stan1289,diva,1,TRUE,Catalan
stan1289,divergent,1,TRUE,Catalan
stan1289,divers,1,TRUE,Catalan
stan1289,dividend,1,TRUE,Catalan
stan1289,divisions,1,FALSE,Catalan
stan1289,doctoral,1,TRUE,Catalan
stan1289,doctrines,1,FALSE,Catalan
stan1289,documents,1,FALSE,Catalan
stan1289,dogma,1,TRUE,Catalan
stan1289,dragons,1,FALSE,Catalan
stan1289,drama,1,TRUE,Catalan
stan1289,dunes,1,FALSE,Catalan
stan1289,durable,1,TRUE,Catalan
stan1289,economies,1,FALSE,Catalan
stan1289,electoral,1,TRUE,Catalan
stan1289,electors,1,FALSE,Catalan
stan1289,elegant,1,TRUE,Catalan
stan1289,elemental,1,TRUE,Catalan
stan1289,eminent,1,TRUE,Catalan
stan1289,energies,1,FALSE,Catalan
stan1289,enigma,1,TRUE,Catalan
stan1289,errant,1,FALSE,Catalan
stan1289,eternal,1,TRUE,Catalan
stan1289,euro,1,TRUE,Catalan
stan1289,excrements,1,FALSE,Catalan
stan1289,excuses,1,FALSE,Catalan
stan1289,experimental,1,TRUE,Catalan
stan1289,explosions,1,FALSE,Catalan
stan1289,explosives,1,FALSE,Catalan
stan1289,expresses,1,FALSE,Catalan
stan1289,extensions,1,FALSE,Catalan
stan1289,extravagant,1,TRUE,Catalan
stan1289,extremes,1,FALSE,Catalan
stan1289,facial,1,TRUE,Catalan
stan1289,factories,1,FALSE,Catalan
stan1289,factors,1,FALSE,Catalan
stan1289,fangs,1,FALSE,Catalan
stan1289,fans,1,FALSE,Catalan
stan1289,fatal,1,TRUE,Catalan
stan1289,fatigues,1,FALSE,Catalan
stan1289,fauna,1,TRUE,Catalan
stan1289,favorable,1,TRUE,Catalan
stan1289,federal,1,TRUE,Catalan
stan1289,fervent,1,TRUE,Catalan
stan1289,festival,1,TRUE,Catalan
stan1289,festivals,1,FALSE,Catalan
stan1289,fetal,1,TRUE,Catalan
stan1289,feudal,1,TRUE,Catalan
stan1289,fiasco,1,TRUE,Catalan
stan1289,fiat,1,FALSE,Catalan
stan1289,fibres,1,FALSE,Catalan
stan1289,fills,1,FALSE,Catalan
stan1289,finances,1,TRUE,Catalan
stan1289,fires,1,FALSE,Catalan
stan1289,fixes,1,FALSE,Catalan
stan1289,flagrant,1,TRUE,Catalan
stan1289,flames,1,FALSE,Catalan
stan1289,flexible,1,TRUE,Catalan
stan1289,flora,1,TRUE,Catalan
stan1289,floral,1,TRUE,Catalan
stan1289,fluorescent,1,TRUE,Catalan
stan1289,folklore,1,TRUE,Catalan
stan1289,formats,1,FALSE,Catalan
stan1289,formidable,1,TRUE,Catalan
stan1289,fortunes,1,FALSE,Catalan
stan1289,fractures,1,FALSE,Catalan
stan1289,fragments,1,FALSE,Catalan
stan1289,fraudulent,1,TRUE,Catalan
stan1289,fronts,1,FALSE,Catalan
stan1289,fruits,1,FALSE,Catalan
stan1289,fugitives,1,FALSE,Catalan
stan1289,funeral,1,TRUE,Catalan
stan1289,gala,1,TRUE,Catalan
stan1289,gamma,1,TRUE,Catalan
stan1289,genial,1,FALSE,Catalan
stan1289,glacial,1,TRUE,Catalan
stan1289,gland,1,FALSE,Catalan
stan1289,glands,1,FALSE,Catalan
stan1289,global,1,TRUE,Catalan
stan1289,governs,1,FALSE,Catalan
stan1289,grasses,1,FALSE,Catalan
stan1289,graves,1,FALSE,Catalan
stan1289,grip,1,FALSE,Catalan
stan1289,guerrilla,1,TRUE,Catalan
stan1289,gusts,1,FALSE,Catalan
stan1289,habitable,1,TRUE,Catalan
stan1289,habitat,1,FALSE,Catalan
stan1289,halo,1,TRUE,Catalan
stan1289,herald,1,TRUE,Catalan
stan1289,hit,1,FALSE,Catalan
stan1289,homes,1,FALSE,Catalan
stan1289,honest,1,FALSE,Catalan
stan1289,honorable,1,TRUE,Catalan
stan1289,horrible,1,TRUE,Catalan
stan1289,hospitals,1,FALSE,Catalan
stan1289,host,1,TRUE,Catalan
stan1289,hosts,1,FALSE,Catalan
stan1289,hotels,1,FALSE,Catalan
stan1289,ignorant,1,TRUE,Catalan
stan1289,imaginable,1,TRUE,Catalan
stan1289,imam,1,TRUE,Catalan
stan1289,imminent,1,TRUE,Catalan
stan1289,immoral,1,TRUE,Catalan
stan1289,immune,1,TRUE,Catalan
stan1289,impenetrable,1,TRUE,Catalan
stan1289,imperatives,1,FALSE,Catalan
stan1289,impersonal,1,TRUE,Catalan
stan1289,implacable,1,TRUE,Catalan
stan1289,impotent,1,TRUE,Catalan
stan1289,impressions,1,FALSE,Catalan
stan1289,improbable,1,TRUE,Catalan
stan1289,inaccessible,1,TRUE,Catalan
stan1289,incessant,1,TRUE,Catalan
stan1289,incoherent,1,TRUE,Catalan
stan1289,incomparable,1,TRUE,Catalan
stan1289,incompatible,1,TRUE,Catalan
stan1289,incompetent,1,TRUE,Catalan
stan1289,inconsistent,1,TRUE,Catalan
stan1289,incremental,1,TRUE,Catalan
stan1289,increments,1,FALSE,Catalan
stan1289,incurable,1,TRUE,Catalan
stan1289,incursions,1,FALSE,Catalan
stan1289,indignant,1,TRUE,Catalan
stan1289,individuals,1,FALSE,Catalan
stan1289,inert,1,TRUE,Catalan
stan1289,inevitable,1,TRUE,Catalan
stan1289,inexorable,1,TRUE,Catalan
stan1289,inexplicable,1,TRUE,Catalan
stan1289,infants,1,FALSE,Catalan
stan1289,inflexible,1,TRUE,Catalan
stan1289,informal,1,TRUE,Catalan
stan1289,informant,1,TRUE,Catalan
stan1289,ingredient,1,TRUE,Catalan
stan1289,ingredients,1,FALSE,Catalan
stan1289,inherent,1,TRUE,Catalan
stan1289,innumerable,1,TRUE,Catalan
stan1289,inseparable,1,TRUE,Catalan
stan1289,insignificant,1,TRUE,Catalan
stan1289,insistent,1,TRUE,Catalan
stan1289,inspector,1,TRUE,Catalan
stan1289,insular,1,TRUE,Catalan
stan1289,insults,1,FALSE,Catalan
stan1289,insurgent,1,TRUE,Catalan
stan1289,insurgents,1,FALSE,Catalan
stan1289,interminable,1,TRUE,Catalan
stan1289,interval,1,TRUE,Catalan
stan1289,intervals,1,FALSE,Catalan
stan1289,intestinal,1,TRUE,Catalan
stan1289,intolerable,1,TRUE,Catalan
stan1289,intolerant,1,TRUE,Catalan
stan1289,intractable,1,TRUE,Catalan
stan1289,intrigues,1,FALSE,Catalan
stan1289,invisible,1,TRUE,Catalan
stan1289,irresistible,1,TRUE,Catalan
stan1289,irreversible,1,TRUE,Catalan
stan1289,irritable,1,TRUE,Catalan
stan1289,judicial,1,TRUE,Catalan
stan1289,larval,1,TRUE,Catalan
stan1289,lava,1,TRUE,Catalan
stan1289,lectures,1,FALSE,Catalan
stan1289,legions,1,FALSE,Catalan
stan1289,legislatures,1,FALSE,Catalan
stan1289,lesions,1,FALSE,Catalan
stan1289,linear,1,TRUE,Catalan
stan1289,literal,1,TRUE,Catalan
stan1289,lumbar,1,TRUE,Catalan
stan1289,lustre,1,FALSE,Catalan
stan1289,macabre,1,TRUE,Catalan
stan1289,magenta,1,TRUE,Catalan
stan1289,malt,1,TRUE,Catalan
stan1289,mania,1,TRUE,Catalan
stan1289,manufactures,1,FALSE,Catalan
stan1289,marginal,1,TRUE,Catalan
stan1289,maternal,1,TRUE,Catalan
stan1289,medicinal,1,TRUE,Catalan
stan1289,medicines,1,FALSE,Catalan
stan1289,mediocre,1,TRUE,Catalan
stan1289,melodies,1,FALSE,Catalan
stan1289,melodrama,1,TRUE,Catalan
stan1289,melons,1,FALSE,Catalan
stan1289,membranes,1,FALSE,Catalan
stan1289,memorable,1,TRUE,Catalan
stan1289,menstrual,1,TRUE,Catalan
stan1289,meteor,1,TRUE,Catalan
stan1289,militant,1,TRUE,Catalan
stan1289,mill,1,FALSE,Catalan
stan1289,miner,1,TRUE,Catalan
stan1289,miners,1,FALSE,Catalan
stan1289,ministerial,1,TRUE,Catalan
stan1289,miracles,1,FALSE,Catalan
stan1289,miserable,1,TRUE,Catalan
stan1289,miss,1,FALSE,Catalan
stan1289,misses,1,FALSE,Catalan
stan1289,missions,1,FALSE,Catalan
stan1289,mite,1,FALSE,Catalan
stan1289,mites,1,FALSE,Catalan
stan1289,modest,1,TRUE,Catalan
stan1289,molecular,1,TRUE,Catalan
stan1289,moments,1,FALSE,Catalan
stan1289,monitor,1,TRUE,Catalan
stan1289,monitors,1,FALSE,Catalan
stan1289,monument,1,TRUE,Catalan
stan1289,monumental,1,TRUE,Catalan
stan1289,monuments,1,FALSE,Catalan
stan1289,mosques,1,FALSE,Catalan
stan1289,motives,1,FALSE,Catalan
stan1289,municipal,1,TRUE,Catalan
stan1289,mural,1,TRUE,Catalan
stan1289,murals,1,FALSE,Catalan
stan1289,muscle,1,FALSE,Catalan
stan1289,muscles,1,FALSE,Catalan
stan1289,muscular,1,TRUE,Catalan
stan1289,muses,1,FALSE,Catalan
stan1289,naval,1,TRUE,Catalan
stan1289,negatives,1,FALSE,Catalan
stan1289,negligent,1,TRUE,Catalan
stan1289,neural,1,TRUE,Catalan
stan1289,neutral,1,TRUE,Catalan
stan1289,noble,1,TRUE,Catalan
stan1289,nobles,1,FALSE,Catalan
stan1289,notable,1,TRUE,Catalan
stan1289,nuclear,1,TRUE,Catalan
stan1289,obedient,1,TRUE,Catalan
stan1289,objectives,1,FALSE,Catalan
stan1289,obscures,1,FALSE,Catalan
stan1289,observant,1,FALSE,Catalan
stan1289,obstacle,1,TRUE,Catalan
stan1289,obstacles,1,FALSE,Catalan
stan1289,omissions,1,FALSE,Catalan
stan1289,omnipresent,1,TRUE,Catalan
stan1289,opera,1,TRUE,Catalan
stan1289,opinions,1,FALSE,Catalan
stan1289,opulent,1,TRUE,Catalan
stan1289,oral,1,TRUE,Catalan
stan1289,ornamental,1,TRUE,Catalan
stan1289,palpable,1,TRUE,Catalan
stan1289,panacea,1,TRUE,Catalan
stan1289,paradoxes,1,FALSE,Catalan
stan1289,participant,1,TRUE,Catalan
stan1289,participants,1,FALSE,Catalan
stan1289,passes,1,FALSE,Catalan
stan1289,passions,1,FALSE,Catalan
stan1289,pastors,1,FALSE,Catalan
stan1289,pastures,1,FALSE,Catalan
stan1289,pauses,1,FALSE,Catalan
stan1289,peculiar,1,TRUE,Catalan
stan1289,pedals,1,FALSE,Catalan
stan1289,pedestal,1,TRUE,Catalan
stan1289,pensions,1,FALSE,Catalan
stan1289,perceptible,1,TRUE,Catalan
stan1289,permanent,1,TRUE,Catalan
stan1289,perpetual,1,TRUE,Catalan
stan1289,persistent,1,TRUE,Catalan
stan1289,pesos,1,FALSE,Catalan
stan1289,pigment,1,TRUE,Catalan
stan1289,pigments,1,FALSE,Catalan
stan1289,piles,1,TRUE,Catalan
stan1289,pipes,1,FALSE,Catalan
stan1289,pirates,1,FALSE,Catalan
stan1289,pita,1,TRUE,Catalan
stan1289,pits,1,FALSE,Catalan
stan1289,placenta,1,TRUE,Catalan
stan1289,planter,1,FALSE,Catalan
stan1289,plaques,1,FALSE,Catalan
stan1289,plasma,1,TRUE,Catalan
stan1289,plausible,1,TRUE,Catalan
stan1289,pops,1,FALSE,Catalan
stan1289,popular,1,TRUE,Catalan
stan1289,portable,1,TRUE,Catalan
stan1289,positives,1,FALSE,Catalan
stan1289,possessions,1,FALSE,Catalan
stan1289,potent,1,TRUE,Catalan
stan1289,pots,1,FALSE,Catalan
stan1289,predecessor,1,TRUE,Catalan
stan1289,predecessors,1,FALSE,Catalan
stan1289,predominant,1,TRUE,Catalan
stan1289,preeminent,1,TRUE,Catalan
stan1289,presidents,1,FALSE,Catalan
stan1289,pretensions,1,FALSE,Catalan
stan1289,primal,1,FALSE,Catalan
stan1289,probable,1,TRUE,Catalan
stan1289,professional,1,TRUE,Catalan
stan1289,professionals,1,FALSE,Catalan
stan1289,professions,1,FALSE,Catalan
stan1289,profits,1,TRUE,Catalan
stan1289,prominent,1,TRUE,Catalan
stan1289,propaganda,1,TRUE,Catalan
stan1289,prosaic,1,TRUE,Catalan
stan1289,prostitutes,1,FALSE,Catalan
stan1289,proverbial,1,TRUE,Catalan
stan1289,proves,1,FALSE,Catalan
stan1289,provisional,1,TRUE,Catalan
stan1289,provisions,1,TRUE,Catalan
stan1289,prudent,1,TRUE,Catalan
stan1289,pupils,1,FALSE,Catalan
stan1289,quadrant,1,TRUE,Catalan
stan1289,quartet,1,TRUE,Catalan
stan1289,quota,1,TRUE,Catalan
stan1289,races,1,FALSE,Catalan
stan1289,racial,1,TRUE,Catalan
stan1289,rails,1,TRUE,Catalan
stan1289,rang,1,FALSE,Catalan
stan1289,redundant,1,TRUE,Catalan
stan1289,reflux,1,TRUE,Catalan
stan1289,regiments,1,FALSE,Catalan
stan1289,relapse,1,FALSE,Catalan
stan1289,religions,1,FALSE,Catalan
stan1289,renal,1,TRUE,Catalan
stan1289,representatives,1,FALSE,Catalan
stan1289,repugnant,1,TRUE,Catalan
stan1289,reserves,1,TRUE,Catalan
stan1289,respectable,1,TRUE,Catalan
stan1289,reticent,1,TRUE,Catalan
stan1289,reversible,1,TRUE,Catalan
stan1289,rifle,1,TRUE,Catalan
stan1289,robes,1,FALSE,Catalan
stan1289,robust,1,TRUE,Catalan
stan1289,rotunda,1,FALSE,Catalan
stan1289,ruble,1,TRUE,Catalan
stan1289,rubles,1,FALSE,Catalan
stan1289,rude,1,TRUE,Catalan
stan1289,sabre,1,TRUE,Catalan
stan1289,sales,1,FALSE,Catalan
stan1289,saliva,1,TRUE,Catalan
stan1289,salsa,1,TRUE,Catalan
stan1289,salts,1,FALSE,Catalan
stan1289,sardines,1,FALSE,Catalan
stan1289,secular,1,TRUE,Catalan
stan1289,sediments,1,FALSE,Catalan
stan1289,segments,1,FALSE,Catalan
stan1289,selves,1,FALSE,Catalan
stan1289,semen,1,TRUE,Catalan
stan1289,semiconductors,1,FALSE,Catalan
stan1289,seminal,1,TRUE,Catalan
stan1289,sensible,1,TRUE,Catalan
stan1289,sentiment,1,TRUE,Catalan
stan1289,sentimental,1,TRUE,Catalan
stan1289,sentiments,1,FALSE,Catalan
stan1289,sermons,1,FALSE,Catalan
stan1289,sessions,1,FALSE,Catalan
stan1289,sexes,1,FALSE,Catalan
stan1289,solos,1,FALSE,Catalan
stan1289,soluble,1,TRUE,Catalan
stan1289,staff,1,TRUE,Catalan
stan1289,subdivisions,1,FALSE,Catalan
stan1289,submarines,1,FALSE,Catalan
stan1289,superficial,1,TRUE,Catalan
stan1289,susceptible,1,TRUE,Catalan
stan1289,suspicions,1,FALSE,Catalan
stan1289,tangible,1,TRUE,Catalan
stan1289,tapes,1,FALSE,Catalan
stan1289,taps,1,FALSE,Catalan
stan1289,taxa,1,FALSE,Catalan
stan1289,taxes,1,FALSE,Catalan
stan1289,taxis,1,FALSE,Catalan
stan1289,temperament,1,TRUE,Catalan
stan1289,temperatures,1,FALSE,Catalan
stan1289,temple,1,TRUE,Catalan
stan1289,tenor,1,TRUE,Catalan
stan1289,tentacles,1,FALSE,Catalan
stan1289,termites,1,FALSE,Catalan
stan1289,territorial,1,TRUE,Catalan
stan1289,testament,1,TRUE,Catalan
stan1289,testicle,1,TRUE,Catalan
stan1289,testicles,1,FALSE,Catalan
stan1289,texts,1,FALSE,Catalan
stan1289,ties,1,FALSE,Catalan
stan1289,tires,1,FALSE,Catalan
stan1289,tolerable,1,TRUE,Catalan
stan1289,tolerant,1,TRUE,Catalan
stan1289,tombs,1,FALSE,Catalan
stan1289,torrent,1,TRUE,Catalan
stan1289,torsos,1,FALSE,Catalan
stan1289,transports,1,FALSE,Catalan
stan1289,trauma,1,TRUE,Catalan
stan1289,triangles,1,FALSE,Catalan
stan1289,tribal,1,TRUE,Catalan
stan1289,tribunal,1,TRUE,Catalan
stan1289,trio,1,TRUE,Catalan
stan1289,trivial,1,TRUE,Catalan
stan1289,tropical,1,TRUE,Catalan
stan1289,tubular,1,TRUE,Catalan
stan1289,tumors,1,FALSE,Catalan
stan1289,tutor,1,TRUE,Catalan
stan1289,tutors,1,FALSE,Catalan
stan1289,umbilical,1,TRUE,Catalan
stan1289,unilateral,1,TRUE,Catalan
stan1289,unions,1,FALSE,Catalan
stan1289,usable,1,TRUE,Catalan
stan1289,uses,1,FALSE,Catalan
stan1289,utopia,1,TRUE,Catalan
stan1289,vacant,1,TRUE,Catalan
stan1289,vagina,1,TRUE,Catalan
stan1289,vaginal,1,TRUE,Catalan
stan1289,vague,1,TRUE,Catalan
stan1289,vans,1,FALSE,Catalan
stan1289,vascular,1,TRUE,Catalan
stan1289,vast,1,TRUE,Catalan
stan1289,vector,1,TRUE,Catalan
stan1289,venerable,1,TRUE,Catalan
stan1289,vents,1,FALSE,Catalan
stan1289,veritable,1,TRUE,Catalan
stan1289,verses,1,FALSE,Catalan
stan1289,veto,1,TRUE,Catalan
stan1289,vets,1,FALSE,Catalan
stan1289,vibrant,1,FALSE,Catalan
stan1289,virulent,1,TRUE,Catalan
stan1289,visceral,1,TRUE,Catalan
stan1289,visible,1,TRUE,Catalan
stan1289,visions,1,FALSE,Catalan
stan1289,vulnerable,1,TRUE,Catalan
stan1289,web,1,TRUE,Catalan
stan1289,whisky,1,TRUE,Catalan
stan1289,zinc,1,TRUE,Catalan
stan1289,zones,1,FALSE,Catalan
stan1289,zoo,1,TRUE,Catalan
stan1290,habitats,1,FALSE,French
stan1290,hotline,1,TRUE,French
stan1290,optimise,1,TRUE,French
stan1290,salivas,1,FALSE,French
stan1306,online,1,TRUE,Standard Malay
swah1253,sushi,1,TRUE,Swahili
swah1253,tsunami,1,TRUE,Swahili
swed1254,apps,1,FALSE,Swedish
swed1254,audio,1,TRUE,Swedish
swed1254,babysitter,1,FALSE,Swedish
swed1254,bandits,1,FALSE,Swedish
swed1254,banners,1,FALSE,Swedish
swed1254,baskets,1,FALSE,Swedish
swed1254,bluffs,1,FALSE,Swedish
swed1254,bombers,1,FALSE,Swedish
swed1254,bytes,1,FALSE,Swedish
swed1254,clowns,1,FALSE,Swedish
swed1254,crawls,1,FALSE,Swedish
swed1254,definitions,1,FALSE,Swedish
swed1254,demons,1,FALSE,Swedish
swed1254,distributions,1,FALSE,Swedish
swed1254,dividends,1,FALSE,Swedish
swed1254,dragons,1,FALSE,Swedish
swed1254,dramas,1,FALSE,Swedish
swed1254,effluvium,1,FALSE,Swedish
swed1254,euros,1,FALSE,Swedish
swed1254,festivals,1,FALSE,Swedish
swed1254,finals,1,FALSE,Swedish
swed1254,honors,1,FALSE,Swedish
swed1254,husbands,1,FALSE,Swedish
swed1254,innovations,1,FALSE,Swedish
swed1254,jihad,1,TRUE,Swedish
swed1254,killings,1,FALSE,Swedish
swed1254,legends,1,FALSE,Swedish
swed1254,levers,1,FALSE,Swedish
swed1254,liters,1,FALSE,Swedish
swed1254,manipulations,1,FALSE,Swedish
swed1254,martyrs,1,FALSE,Swedish
swed1254,migrations,1,FALSE,Swedish
swed1254,monsters,1,FALSE,Swedish
swed1254,mules,1,FALSE,Swedish
swed1254,nudging,1,TRUE,Swedish
swed1254,organisms,1,FALSE,Swedish
swed1254,parades,1,FALSE,Swedish
swed1254,parks,1,FALSE,Swedish
swed1254,pastors,1,FALSE,Swedish
swed1254,pedals,1,FALSE,Swedish
swed1254,pellets,1,FALSE,Swedish
swed1254,pilgrims,1,FALSE,Swedish
swed1254,presidents,1,FALSE,Swedish
swed1254,principals,1,FALSE,Swedish
swed1254,repetitions,1,FALSE,Swedish
swed1254,reporters,1,FALSE,Swedish
swed1254,revisions,1,FALSE,Swedish
swed1254,sandals,1,FALSE,Swedish
swed1254,scouts,1,FALSE,Swedish
swed1254,studios,1,FALSE,Swedish
swed1254,texts,1,FALSE,Swedish
swed1254,tinnitus,1,TRUE,Swedish
swed1254,versions,1,FALSE,Swedish
swed1254,veterans,1,FALSE,Swedish
swed1254,volts,1,FALSE,Swedish
swed1254,weekends,1,FALSE,Swedish
taga1270,imam,1,TRUE,Tagalog
tari1263,dark,1,FALSE,Tarifiyt-Beni-Iznasen-Eastern Middle Atlas Berber
tari1263,rum,1,FALSE,Tarifiyt-Beni-Iznasen-Eastern Middle Atlas Berber
tata1255,gram,1,TRUE,Tatar
tata1255,investor,1,FALSE,Tatar
tata1255,min,1,FALSE,Tatar
tata1255,sin,1,FALSE,Tatar
turk1304,propaganda,1,TRUE,Turkmen
uppe1395,ale,1,FALSE,Upper Sorbian
uppe1395,mama,1,TRUE,Upper Sorbian
west2354,par,1,FALSE,Western Frisian
west2354,pop,1,FALSE,Western Frisian
west2354,tins,1,FALSE,Western Frisian
yoru1245,anti,1,FALSE,Yoruba
